year,series_id,title,gumilyov_level
2004,1,Деви-гита из Девибхагавата-пураны,1
2004,1,Психология акта самопожертвования в изображении драматургов 7-го века,1
2004,1,Литературные реминисценции в «Гаудавахо» Вакпатираджи,1
2004,1,Проблема интерпретации специальной санскритской терминологии: термин адхьякша в индийской традиции,1
2004,1,Шанкара как критик категорий вайшешики,1
2004,1,Концепция спхоты в «Спхотасиддхи» Манданамишры,1
2004,1,О взаимоотношении религиозных конфессий в средневековом Тамилнаде,2
2004,1,О «священной географии» в творчестве Тирунянасамбандара (шиваитский поэтический комплекс «Деварам»),1
2004,1,Буддизм в творчестве Джаяшанкара Прасада,1
2004,1,Сюжет «Повести о Насикете» Садала Мишры в контексте истории прозы хинди,1
2004,1,Богини и деревья желаний в индуизме Центральных Гималаев,1
2006,1,К проблеме древнеиндийской хронологии,1
2006,1,Завершающие строфы «Махабхараты»: лексика и семантика,1
2006,1,Тема деревни в «Саттасаи»,1
2006,1,О соотношении санскритского и тибетского текстов «Гимна,1
2006,1,Вытеснение согласного во избежание возникновения тяжелой группы трех шумных согласных в индоиранском,1
2006,1,Технические приспособления для рубрикации корней в,1
2006,1,Представления об обществе и власти в «Бхагавата-пуране»,1
2006,1,Место «Девибхагавата-пураны» в процессе эволюции шактизма,1
2006,1,Изображение и текст: древнеиндийские рельефы и буддийские вербальные тексты,1
2006,1,Царь − установитель дхармы. Практический аспект идеологической концепции,1
2006,1,Некоторые наблюдения над царской титулатурой индо-греков,1
2006,1,Санскритское upa-śru-: «слышать» или «вслушиваться»? Об одном древнеиндийском способе гадания,1
2006,1,Отряхивающийся ныряльщик: о специфическом фольклорном мотиве в эпических и пуранических версиях «Сказания о Вепре» (Varāha-kathā),1
2006,1,Об особенностях самосознания представителей «низких каст» в современных условиях,1
2006,1,Символика и способы почитания богини Тары в индуизме (с демонстрацией видеоматериалов),1
2006,1,Комментарий к комментарию (Г.С.Лебедев и культурная жизнь Калькутты в 1790-х годах),1
2006,1,Интерпретация идей Упанишад у Раммохона Роя и Дебендронатха Тагора,1
2006,1,Безымянный герой (о романах Хазарипрасада Двиведи),1
2006,1,К вопросу о сюжетных и стилистических истоках ранних приключенческих романов на хинди,1
2006,1,Модели христианского и индо-буддийского времени в современной литературе,3
2006,1,Индийские философские тексты: композиция как часть содержания,1
2006,1,Механизмы передачи сакрального текста в школах раннего буддизма (К постановке проблемы),1
2006,1,Бхартрихари и Дхармакирти о возможности рефлексивного акта познания,1
2006,1,Тема уточняется,1
2006,1,«Ādau vāda āsīt»: о переводах Библии на санскрит,1
2007,1,Санскритское письмо как последовательная фонетическая транскрипция,1
2007,1,«Великие» и «малые» в надписях Ашоки,1
2007,1,«Очерки Цейлона и Индии» И. П. Минаева как источник по изучению культурной истории Индии,1
2007,1,Описания военной техники в индийском сочинении XI века «Шри Калачакра тантра раджа»,1
2007,1,От смерти к новому рождению. Учение о промежуточном существовании в «Абхидхармакоше» Васубандху,1
2007,1,В чем непосредственность непосредственного восприятия в буддийской эпистемологии?,1
2007,1,Философ Нагарджуна – персонаж пракритского романа «Лилаваи»,1
2007,1,«Гимн Таре» Сарваджнямитры и его тибетские переводы,1
2007,1,К вопросу о статусе «естественного описания» в индийской поэтике,1
2007,1,Сезонный и суточный циклы в санскритской драме (структура санскритской драмы),1
2007,1,Плач в составе древней махакавьи,1
2007,1,О быках и людях (Образ «Стада» в скотоводческом эпосе Южной Индии),1
2007,1,Индийские памятники героям в сравнительном освещении (К вопросу о материальном соответствии поэтической формуле «непреходящая слава»),1
2007,1,К вопросу об эндогамии касты,1
2007,1,Миф о Махишасурамардани в Девибхагавата- и Калика-пуранах,1
2007,1,«Мадхан-кам» – народная драма Северной Бенгалии (с демонстрацией видеоматериалов),1
2007,1,«Рассказ о рани Кетаки» Инш-алла Хана в контексте развития ранней прозы на хинди и урду,1
2007,1,Дидактические шатаки в литературе телугу (К характеристике жанровых особенностей),1
2007,1,Некоторые проблемы становления вишишта-адвайты,1
2007,1,Язык как источник аргументации (на примере рассуждений о самбандхе),1
2007,1,Теоретические аспекты учения тантрической школы кула (согласно «Куларнава-тантре»),1
2007,1,Образ Чайтаньи в традиционных бенгальских текстах,1
2007,1,Лингвофилософское в «Пара-тримшика-виварана» Абхинавагупты,1
2010,1,«Рагхуванша» Калидасы глазами тамилиста,1
2010,1,Царица в дворцовом парке,1
2010,1,«Археология» раннебуддийского доктринального текста на примере главы о буддхакшетрах («полях Будд») из Махавасту,1
2010,1,Миф о Ветале и Бхайраве в «Калика-пуране»,1
2010,1,Сравнительный анализ генезиса рефлексии в индийской и европейской философских традициях: визуальные и лингвистические детерминанты,1
2010,1,Потенциальное и актуальное в буддийском учении о восприятии,1
2010,1,Проблема уникальности природы человеческой души в философской системе Ямуначарьи,1
2010,1,Индийский эпос «Дхола-Мару» и «Сказка о царе Салтане» А.С.Пушкина,1
2010,1,Концепция игры в индийской традиции (кридаяника в «Натьяшастре»),1
2010,1,Ордалия раскаленной монетой (taptamàşa): текст и реальность,1
2010,1,Mārgī/deśī: о двух способах интерпретации индийского танца,1
2011,1,Тема весны в старой тамильской поэзии,1
2011,1,О композиции вступительных глав «Сказания о Шакунтале»,1
2011,1,Прием почетного гостя-атитхи по материалам древнеиндийских ритуальных текстов,1
2011,1,Индия в поэзии йафиитов (Южная Аравия),1
2011,1,Существует ли психофизическая проблема (mind-body problem) в буддизме?,1
2011,1,Метафора в «Махабхарате»,1
2011,1,Драупади в Зале собрания (роль бога Дхармы),1
2011,1,Интерпретация учения об аватарах Вишну в «Девибхагавата-пуране»,1
2011,1,Поэтические жанры индийской литературы в тибетском буддийском каноне,1
2011,1,Об изучении четвертой главы «Абхисамая-аланкары»,1
2011,1,Интерпретация символов ‘ом’ и ‘сиддхам’ в мангала-шлоках санскритских рукописей,1
2011,1,Проблема энергии в тантре,1
2011,1,Энергийный прагматизм в тамильской культуре,1
2011,1,Некоторые аспекты полемического дискурса в индийских религиозно-философских традициях,1
2011,1,Samarasa и svasamvedya в абхишека-патале Хеваджра-тантры согласно Муктавалихеваджрапаньджике Ратнакарашанти,1
2011,1,Другой в традиции индуизма и философии Бенгальского Возрождения: Опыт сопоставления,1
2011,1,Санскритизация и философские проблемы языковой политики,1
2011,1,Рабиндранат Тагор: уровни поэтического высказывания,1
2011,1,Словесные фигуры и принцип «непрямого высказывания» (вакрокти) в средневековой поэтике,1
2011,1,«Ярость» Рушди,1
2011,1,«Будда из пригорода» Ханифа Курейши: иммигрантский текст индо-британской литературы,1
2011,1,Концепт svadharma в кастовой идеологии,1
2011,1,Мифологии северных мунда как источник для реконструкции сюжета создания человека у населения евразийских степей в эпоху бронзы,3
2011,1,Половозрастная стратификация общества в ведийских текстах,1
2011,1,"«Юные» в окружении царя Раджасинхи II—го (XVII век, Шри Ланка)",1
2011,1,Герасим Лебедев и британская элита колониальной Калькутты,1
2011,1,О первых христианских миссионерах в Индии,1
2011,1,Глава о надзирателе за архивом в «Артхашастре» Каутильи в контексте информации надписей времени Гуптов,1
2011,1,Саттрия: рождение нового индийского классического танца в Ассаме,1
2012,1,«Рамаяна»  в драме Бхавабхути «Последние деяния Рамы»,1
2012,1,Практики движения праны в текстах кашмирских авторов,1
2012,1,Особенности композиции «Апастамба-дхармасутры»,1
2012,1,Агамический текст как способ самоопределения ведической традиции (на примере «Шива сутры»),1
2012,1,Версия мифа о Вритре в «Девибхагаватапуране»,1
2012,1,Еще раз о теме разлуки в тамильской поэзии,1
2012,1,Дискуссия о значении термина анангу в тамильской литературе,1
2012,1,Текст по культу Ваджрапани и восьми царей нагов в свитке XIII века Дх-178 из собрания ИВР РАН,1
2012,1,"Ян Потоцкий и тибетская рукопись, найденная в Калмыкии",1
2012,1,Непосредственное восприятие как знание из слов по материалам «Веданта-парибхаши» Дхармараджи,1
2012,1,Матрики вне буддийских текстов,1
2012,1,Две парадигмы монизма в интерпретации «Бхагавадгиты»: Шанкара и Рамануджа,1
2012,1,Г. Оберхаммер и его принципы изучения религиозно-философских текстов школы вишишта-адвайта-веданты,1
2012,1,Формула «бхукти — мукти» и сотериологический антиномизм индуистской тантры,1
2012,1,Эволюция буддистского учения о не-«я»: две концепции анатмавады,1
2012,1,Дхарма и буддология. Актуальные проблемы,1
2012,1,Образ индуизма в религиозно-философской мысли Бенгальского Ренессанса,1
2012,1,Загадки поэмы Джаяси «Падмават»,1
2012,1,«Кадамбари» в современном мире,1
2012,1,Эволюция жанра шахрашуб в контексте взаимодействия персоязычной литературы и литературы урду,1
2012,1,«Третье измерение» в непальской поэзии,1
2012,1,Индия и индийцы в автобиографической книге  В. С. Найпола «The Writer's People»,1
2012,1,Символические фигуры «Ригведы» (на примере  гимна «К Речи»),1
2012,1,Осел/бык в индоиранской картине мира,1
2012,1,Чудесный сосуд Манимехалей: попытка интерпретации,1
2012,1,Неварский «повествовательный свиток» в собрании  МАЭ РАН (коллекция И. П. Минаева). Предварительное сообщение,1
2012,1,Живая традиция ритуальных росписей Питхоро в Гуджарате: полевые данные 2012 г,1
2012,1,«Юный» как представитель измененного состояния сознания,1
2012,1,Особенности календарной обрядности у раджпутов,1
2012,1,"«Бенгальский стиль» в индийском танце: традиционное, креативное, политическое измерения",1
2013,1,Страсти и бесстрастие Бхартирихари,1
2013,1,История Агададатты в романе Сангхадасы «Странствия Васудевы»,1
2013,1,Жемчужный остров в «Девибхагавата-пуране»,1
2013,1,Буддийские рукописи в Индийском фонде ИВР РАН,1
2013,1,Образ Махендры/Махинды в записках китайских паломников,1
2013,1,Эпитеты Будды в тексте «Аджатасена-вьякараны»,1
2013,1,Тамильские женские божества в средневековой литературе,1
2013,1,"Садханы Харихарихаривахана-Авалокитешвары (Авалокитешвары, восседающего на Вишну, гаруде и льве) из тибетского буддийского канона",1
2013,1,Проблема языка в веданте и европейском романтизме,1
2013,1,"Варна – это фонема, буква, звук или …?",1
2013,1,Классификация наук в традиционной индийской культуре,1
2013,1,Восьмиугольные понятийные схемы в индийской рациональности,1
2013,1,Читта и бодхичитта. Раздумья о переводе некоторых буддийских терминов,1
2013,1,Представление о Брахмане в ранней вишишта-адвайте,1
2013,1,Концепт «майя» у Шанкары и Абхинавагупты: сходство и различие,1
2013,1,Элементы культурного синтеза в бенгальской поэзии XVII века,1
2013,1,Образ Кришны в поэзии Миры Баи,1
2013,1,«Открытие Индии» сквозь призму традиционного текста: опыт мыслителей Бенгальского Возрождения,1
2013,1,Реальное и ирреальное в «„Новой поэзии“ хинди»,1
2013,1,Причастие-герундий в хинди и бенгальском языке,1
2013,1,О формульности надписей на санскрите,1
2013,1,О символическом языке вещей,1
2013,1,Герасим Лебедев и британская элита колониальной Калькутты: момент разрыва,1
2013,1,Современные баулы: от деревни до концертного зала,2
2013,1,Современное искусство адиваси: некоторые особенности музейной репрезентации в Индии и Европе,1
2013,1,Образ Локешвара в календарном обряде непальцев,1
2013,1,"Материальные атрибуты (лук, стрелы, топорик) как этнические символы автохтонов Шри Ланки",1
2013,1,Айодхья через 20 лет после конфликта: о современных проявлениях индуистского фундаментализма (наблюдения и немного размышлений),2
2013,1,"«Песни якшей», игры людей: о социальных, культурных и художественных особенностях якшаганы Карнатаки",1
2014,1,Абхидхармакоша: проблема авторства,1
2014,1,И. П. Минаев как собиратель рукописей,1
2014,1,Ранние китайские версии биографии Будды: сюжет подношения рисовой каши,1
2014,1,"О гимне Авалокитешваре, приписываемом тибетскому царю Сонгцэн-гампо",1
2014,1,What is Ahi Budhnya: some remarks on the Serpent of the Deep as in the Rigveda and elsewhere,1
2014,1,"The ideal man in the Mahābhārata. The consciousness of the ""budhyamāna"" on one's way to salvation",1
2014,1,Древнеиндийская риторика и традиция санскритского театра (Тригата в «Натьяшастре»),1
2014,1,Концепция аватар Вишну в поэме Магхи «Шишупалавадха»,1
2014,1,Версия «Рамаяны» в «Махабхагавата-пуране»,1
2014,1,Тангутские ксилографы письмом ‘сиддхам’ из собрания ИВР РАН,1
2014,1,«Апофатический» подход в буддийской теории восприятия,1
2014,1,"Мандала-классификация нечестных трансакций в ответ на упрек (Ангуттара-никая. Аттаканипата, Ассаколанкасутта)",1
2014,1,Психология Бога в кашмирском шиваизме и у Якоба Беме,1
2014,1,"Спхота, джати, пашьянти и пратибха в «Вакьяпадии» — к проблеме разграничения терминов",1
2014,1,«Стотра-ратна» Ямуны: философия vis-à-vis поэзия,1
2014,1,Южноиндийские божества: некоторые аспекты гендерных взаимоотношений,1
2014,1,Животный мир пословиц и поговорок хинди,1
2014,1,Традиционная классификация санскритских стихотворных размеров,1
2014,1,«Лирическая героиня» Миры Баи,1
2014,1,Форма смыслового глагола в модальных конструкциях возможности/способности в хинди,1
2014,1,Феномен Рамакришны Парамахамсы и формирование неоиндуизма в Бенгалии XIX века,2
2014,1,Религия как инструмент внутренней политики Индии,1
2014,1,Гимн-падигам как основная форма поэзии тамильских шиваитов,1
2014,1,Значение творчества Тирумулара для формирования изобразительного канона Шивы Натараджи в Чидамбараме,1
2014,1,К реконструкции ритуальной семантики дравидского kāvaṭi,1
2014,1,Древние южноазиатско-африканские связи (по данным фольклора и мифологии),3
2014,1,Концепция «марьяда» в непальских надписях,1
2014,1,Хити/дхара — «неиссякаемый источник»: Иконография и функции (по материалам Непала),1
2014,1,Неварский «повествовательный свиток» на темы «Лалитавистары»: «одомашнивание» классической буддийской сутры,1
2014,1,Брахманы намбудири: некоторые особенности традиции передачи ведийских текстов,1
2014,1,Грамматика Панини и механизм кодирования ведийского текста,1
2014,1,В деревне Ампития (Шри Ланка) через 100 лет после Людмилы Мерварт,1
2014,1,О стереотипизации адиваси в популярной культуре Индии,1
2014,1,Община парсов в мультикультурном Бомбее (по произведениям Рохинтона Мистри),1
2014,1,Духи умерших в представлениях и обрядовой жизни веддов Шри Ланки,2
2014,1,"Одержимость, служение и лицедейство. Традиции Bhoota-kolam и Theyyam Тулунаду",1
2014,1,", Dr. Prof., Head of the department for Indian Philology and Religion, Cotman University (Panama). Nâgârjuna - tetraktus & catuskotis - Pythagorean sources of Buddhism",1
2018,1,101 синоним воды в ведийском словаре «Нигханту»,1
2018,1,Мантра и сутра как форма построения ведийских текстов,1
2018,1,От демонической к человеческой сексуальности? Индо-иранский миф о первобытном инцесте Ями и Ямы и его индоевропейские корни,1
2018,1,Женские образы древнеиндийского эпоса и позднейшего фольклора на фоне норм дхармашастры,1
2018,1,Оговорка как композиционный прием в санскритской драме,1
2018,1,Индийские истоки тибетской историографии буддизма,1
2018,1,"Будда Дипанкара, идущий по дороге. Сюжеты пророчества в ранней буддийской литературе",1
2018,1,Обучение Бодхисаттвы в «Лалитавистаре»,1
2018,1,О джатакаставе как разновидности буддийского гимна,1
2018,1,"Источники сознания, компоненты познавательного акта и учение о трех мирах в Абхидхарма-самуччае Асанги",1
2018,1,Путешествие И. П. Минаева в Непал: обстоятельства и результаты,1
2018,1,«Мысленный эксперимент» Васубандху,1
2018,1,«Функциональный подход» в «Вакьяпадии» и артхакрия в философии Дхармакирти,1
2018,1,"Содержательное обоснование  порядка в перечне прамей  (Ньяя-сутра, Ньяя-бхашья)",1
2018,1,Роль мифов о творении мира в индийской философии,1
2018,1,Вьявахара как универсум установления достоверности знания в индийской эпистемологии и логике (праманаваде),1
2018,1,Концепция причинности в текстах «Абхидхамма-питаки»,1
2018,1,Индуистская тантрическая телеология,1
2018,1,Тантра в учении Ошо,1
2018,1,Учение д-ра Маханамбраты Брахмачари как квинтэссенция идей бенгальского ренессанса и его влияние на Томаса Мертона,1
2018,1,История индийской философии глазами Свами Вивекананды: опыт реконструкции,1
2018,1,Сравнительный анализ образов сакрального в тамильских храмовых мифах и в сказах П. П. Бажова,1
2018,1,Формулы и заимствования в средневековой лирике бхакти,1
2018,1,«Чариягити» и Тагор,1
2018,1,Родство по крови и родство по духу: М. К. Ганди о мотивах отказа Арджуны от сражения,1
2018,1,Семантика терминологии родства в малых дравидийских языках: когнитивные аспекты,1
2018,1,Борьба за собственный язык в Ладакхе (на материале полевых исследований),1
2018,1,Два новых сборника «индийских текстов» Далджита Награ,1
2018,1,«Экологический» роман Махуа Маджи,1
2018,1,Современные интерпретации санскритской «Рамаяны» в кино,1
2018,1,Образ жизни в шри-вишнуизме: самашраяна (панчасамскара) и ее основания,1
2018,1,Культ Рудры-Кхандобы в исследованиях Г. Д. Зонтхаймера  и его индоевропейские параллели,1
2018,1,Кумаонский Голудев: локальный вариант индуизма,1
2018,1,Тамильская пьеса о Карне,1
2018,1,«Тирумурейканда-пуранам» Умапати Шивачарьи как завершающее звено в формировании тамильского шиваитского канона,1
2018,1,Ведды в современном укладе жизни Шри Ланки,2
2018,1,Музыкальные инструменты в руках богов. К вопросу об иконографических атрибутах в искусстве Индии V—Х вв,1
2018,1,Иконография и функции непальских дхара/хити,1
2018,1,Меч-посох из собрания МАЭ,1
2018,1,Опись Л. А. Мерварт коллекции № 3015 в собрании МАЭ РАН как образец музейного документа,1
2018,1,Раджа Рави Варма: художник и основатель «Рави Варма Пресс»,1
2018,1,Mārganātyam. Театральная практика и теория «Натьяшастры» сегодня,1
2019,1,Атхарваведа 1.2. (Шаунака): дополнение к переводам,1
2019,1,«Махабхарата» и мотив «заточенных в пещере»,1
2019,1,Реминисценции мифа Вала в припамирском регионе,1
2019,1,Боги «из разряда синих» в предании о дарении чаши в «Лалитавистаре»,1
2019,1,Конь без всадника и дерево джамбу: к интерпретации рельефа на восточных воротах Большой Ступы в Санчи,1
2019,1,Четыре народа в «Йогини-тантре»,1
2019,1,Речь во сне и грезы наяву в классической санскритской драме,1
2019,1,Санскритские очки европейской лингвистики XIX века,1
2019,1,Парибхаша  —  интерпретационные правила грамматики Панини,1
2019,1,Индийские и тибетские лингвистические штудии Д. Г. Мессершмидта,1
2019,1,Двести лет санскритской лексикографии (1819‒2019),1
2019,1,Британское колониальное чиновничество в литературном наследии Дж. Оруэлла,1
2019,1,О предмете индийской философии,1
2019,1,Категория санграха в буддийском философском дискурсе,1
2019,1,Понятие nirodha в истории буддийской философии,1
2019,1,Атман как синоним дравьи в «Вакьяпадии» (ВП 3.2.1),1
2019,1,«Гадья» Рамануджи: венец или крест исследователя философии вишишта-адвайты?,1
2019,1,Роль Умапати Шивачарьи в формировании окончательной редакции канона шайва-сиддханты,1
2019,1,Понятие блаженства (ананды) в индуистском тантризме,1
2019,1,«Унмада нирукта». «Безумная этимология»: об особенностях мистической герменевтики тантры (на примере интерпретации первой мангала-шлоки «Тантралоки»),1
2019,1,"Отношение к женщине в эпосе (на примере «Рамаяны» Вальмики, «Адбхута Рамаяны» и «Адхьятма Рамаяны»)",1
2019,1,Понимание искусства в учении Ошо,1
2019,1,Этико-интуитивистский подход М.К. Ганди к пониманию традиционных текстов,1
2019,1,Современные баулы: мистики или артисты,2
2019,1,Структура «Чарья-гити»,1
2019,1,Прием лейтмотива в классической индийской поэзии,1
2019,1,«Зачин» в североиндийской поэзии бхакти,1
2019,1,«Сумеречный язык» в поэзии тамильских сиддхов,1
2019,1,", М. Рамдхари (Маврикий). Индийские языки и нарративы на Маврикии: Рама-катха и поэзия на бходжпури",1
2019,1,«Религия Человека»: свобода и традиция в философствовании Рабиндраната Тагора,1
2019,1,Трансформации культурной идентичности парсов Бомбея,1
2019,1,Семантика терминологии родства в языке брахуи в общедравидийском контексте,1
2019,1,Ритуалы жизненного цикла у народности лимбу,1
2019,1,Социовозрастная инициация и монашеское посвящение в неварском буддизме,1
2019,1,Функции вождя в традиционном обществе веддов в прошлом и настоящем,2
2019,1,"Народные песни о Хардоле, принце Орччхи",1
2019,1,«Возрожденные» ведийские ритуалы: яджна на Асси гхат и в школе девочек «Панини Канья Махавидьялая» в Варанаси,1
2019,1,Почитание Индры в Непале: живая архаика,1
2019,1,О некоторых специфических жестах в бытовом этикете сингалов,1
2019,1,Каталоги знаков хараппской письменности: материалы к сравнению,1
2019,1,Элементы шаманских практик в воинских традициях Индии,1
2019,1,Ритуальная жизнь делийского даргаха,1
2019,1,Основные сюжеты и персонажи индийского театра теней,1
2019,1,Мифология танца и  образ Индры в джайнизме,1
2019,1,Кукольный театр Западной Бенгалии,1
2019,1,Эстетика религиозной драмы: теория и практика драмы в контексте бенгальского вайшнавизма,1
2019,1,"Серайкела, Майюрбхандж, Пурулиа: феномен чхау на плато Чхота Нагпур (Восточная Индия)",2
2020,1,О сравнениях в индийской философской литературе,1
2020,1,Параллельный санскритско-русский корпус,1
2020,1,Фоносемантическая структура ведийского текста (на  примере гимна Ригведы I.7),1
2020,1,О телесном и духовном бессмертии в индуистском тантризме,1
2020,1,Традиции и ритуалы почитания манускриптов в писаниях шайва,1
2020,1,Техническая терминология тантрийской йоги в «Виджняна Бхайрава тантре»,1
2020,1,Еще раз к вопросу о теме нейдаль в тамильской поэзии,1
2020,1,Тело бхакта и тело Шивы: о проблемах телесности в тамильском шайва-бхакти,1
2020,1,Эстетика комического,1
2020,1,Терминология родства,1
2020,1,Абхидхарма как когнитивная стратегия,1
2020,1,Трактовка состояний удрученности и умопомешательства в буддийских экзегетических источниках,1
2020,1,К вопросу об определении понятия apratiṣṭhita-nirvāṇa,1
2020,1,Буддизм пудгалавады: к постановке вопроса о субъекте-пудгале,1
2020,1,Текущие переводческие проекты Фонда «Сохраним Тибет!» и изд-ва «Нартанг»,1
2020,1,Так называемый парадокс беллетристики и подсказки от компаративной онтологии,1
2020,1,Абсолютная встреча как феномен трансцендентальной герменевтики Г. Оберхаммера,1
2020,1,Г. Оберхаммер и проблема исследования когнитивного потенциала религиозного опыта,1
2020,1,Понятие религиозного инклюзивизма,1
2020,1,Инклюзивизм как концептуальное средство для изучения индийской культуры,1
2020,1,К (посмертному) изданию полного перевода (В. С. Семенцова) «Гитабхашьи» Рамануджи на русском языке,1
2020,1,О философской и религиозной значимости некоторых текстов Веданта Дешики,1
2020,1,Пример использования парибхаш при прочтении сутр Панини,1
2020,1,Санскритские наречия в трудах бенгальских грамматистов (Дживы Госвамина и Баларамы Панчананы),1
2020,1,Work of Patañjali on Yoga Philosophy and Sanskrit Vyākaraṇa,1
2020,1,"О толковании первой строфы «Аштанга-хридаи» средневековыми комментаторами (на примере Арунадатты, Хемадри и Инду)",1
2020,1,Дискурсивные слова в языке хинди,1
2020,1,Разрази его гром! Метеорологические явления в песенном фольклоре на диалектах хинди Центральной Индии,1
2020,1,Онлайн-корпус текстов на языках южных мунда: задачи и специфика,1
2020,1,О некоторых особенностях языка «Калачакра-тантры»,1
2020,1,История Ситы и Рамы глазами современных индийских поэтов-мистиков и ее релевантность для современного индийского общества,1
2020,1,«Мини-Бхагавадгита» в четвертой «книге» «Рамаяны» Вальмики,1
2020,1,Индийский мифологический сериал как средство идеологической пропаганды,1
2020,1,М. К. Ганди — неортодоксальный „ортодокс“,1
2020,1,Д. Д. Руднев как радетель пополнения коллекций МАЭ РАН,1
2020,1,Очаги обнаружения санскритских рукописей на территории Тибета,1
2020,1,Тханки в собрании И. П. Минаева (МАЭ РАН),1
2020,1,Индия в воспоминаниях востоковеда В. А. Иванова,1
2020,1,«Индийская „игра знания“: один эпизод культурного трансфера»,1
2020,1,Великая галлюцинация сознания по «Вимшике» Васубандху,1
2020,1,Об особенностях традиционной пищи веддов,1
2020,1,Танцы с сосудами и вокруг. Гарба Гуджарата и сходные обряды и представления Южной Азии,1
2020,1,Ритуалы божественной старости,1
2020,1,Интерпретация кровавых событий раздела Индии и Пакистана в романе Кхушванта Сингха «Поезд в Пакистан»,1
2021,1,Интерпретация канонической типологии архатов в буддийских экзегетических источниках,1
2021,1,Традиция «Лалитавистары»: возможные истоки,1
2021,1,Место «Компендиума Абхидхармы» Асанги в философии буддизма махаяны,1
2021,1,Санскритский перевод  одного тибетского текста,1
2021,1,О двух родственных джатакаставах в «Лалитавистаре» и «Раштрапалапариприччха-сутре»,1
2021,1,Палийская и санскритские версии сюжетов о самопожертвовании бодхисатвы-зайца,1
2021,1,Ведийский ритуал Ваджапея: древняя традиция и современная практика*,1
2021,1,Миф о Гхоре и Богине в Йогини-тантре*,1
2021,1,Некоторые структурные особенности пролога классической санскритской драмы»*,1
2021,1,«К истолкованию мифа о Махишамардани» в научном наследии М.И. Тубянского,1
2021,1,Санскритский фрагмент «Артхавинишчая-сутры» из Сериндийского фонда ИВР РАН,1
2021,1,Инклюзивизм в индийской культуре и его ведийские истоки,1
2021,1,Мифы об Индии: 2400 лет «фейковой индологии»,3
2021,1,Приемы композиции групп текстов в палийской «Типитаке»,1
2021,1,«Йога-сутры» Патанджали в арабском переводе ал-Бируни,1
2021,1,Истоки учения о Шри в вишишта-адвайта веданте,1
2021,1,Сотериологическая доктрина Шри-вайшнавизма в трактате Пиллея Локачарьи «Мумукшупади»,1
2021,1,Две формы атомизма в буддизме*,1
2021,1,Конструкция odanam pacyate и ее анализ в традиции Панини*,1
2021,1,О «новых» теориях действия в грамматических трудах Нагеши Бхатты*,1
2021,1,Проблемы датировки «Нандикешваракашики»*,1
2021,1,Трактовка панинийского термина savarṇa комментаторами парибхаш,1
2021,1,Ведийский санскрит и индийская философия в творчестве композитора А. Н. Скрябина*,1
2021,1,Неприzнанный zнак: вопрос о модернизации бенгальского алфавита в современном медиапространстве,1
2021,1,Проблемы понимания санскритской метрики,1
2021,1,Камень-трава или плод из города Синтры: история одного индийского фитонима*,1
2021,1,"Ранние священные тексты на соранг-сомпенг как ключ к истории создания культа «Матар Баном» у племени сора (южные мунда, Орисса)",1
2021,1,Кофейная Одиссея Индии,1
2021,1,Пушп-Ватика: Цветущий сад поэзии,1
2021,1,Народно-разговорная речь и приемы ее стилизации в поэзии североиндийского бхакти,1
2021,1,Полемика с мимансаками об атмане в «Таттвасанграхе» Шантаракшиты*,1
2021,1,Опыт построения словаря-тезауруса древнеиндийской лингвистической терминологии (на материале грамматики Панини)*,1
2021,1,Понимание истории Индии в социальной философии Рабиндраната Тагора*,1
2021,1,Характерные черты и особенности индийского мифологического сериала (на материале сериалов на сюжет «Рамаяны»)*,1
2021,1,Неопознанные индоевропейские мотивы в санскритском эпосе,1
2021,1,Раса как сок поэзии*,1
2021,1,Высмеивание пороков врачей в санскритской литературе (на примере «Кали-видамбханам» Нилакантхи Дикшиты)*,1
2021,1,Шива-бхакти и Шива-йога в тамильском шайва-бхакти*,1
2021,1,Удвоение знаков в протоиндийской письменности,1
2021,1,Голубые лотосы санскритской лексикографии*,1
2021,1,Архетип двойничества в романе С. Рушди «Ярость»: этнографический субстрат,1
2021,1,Миниатюры рагамала в отечественных собраниях,1
2021,1,«Давай поженимся»: Свадебные ритуалы в неварском буддизме*,1
2021,1,Интеллектуальная история модернизма: Стелла Крамриш и индийский авангард,1
2021,1,Искусство протеста. Политический театр в Индии: истоки и развитие,1
2022,1,Брахман,1
2022,1,К,1
2022,1,Формирование,1
2022,1,Комментарий,1
2022,1,Проблема,1
2022,1,Кришнаитские,1
2022,1,Ведийское vrā́- «барышня»,1
2022,1,Рамаитская поэзия,1
2022,1,«Барахмах»,1
2022,1,Буддийский,1
2022,1,Новый,1
2022,1,"«Глупец»,",1
2022,1,Отличительные,1
2022,1,Вивекананда,1
2022,1,Живое,1
2022,1,Вклад,1
2022,1,Этапы,1
2022,1,Ритуальный,1
2022,1,Многообразие,1
2022,1,"""Нисхождение",1
2022,1,Загадка,1
2022,1,Смысл,1
2022,1,"""Бхагавата",1
2023,1,О не-волшебной помощнице в сказках парья: вариант фольклорного мотива.Комиссаров Дмитрий Алексеевич (Москва). Склонность к конфликтам в образе Махакашьяпы в буддийских канонических текстах,1
2023,1,Дворец небесный и дворец земной: две схожие главы  «Лалитавистары» и их функциональная роль в общей композиции текста,1
2023,1,Мантры в ведийских шраута-ритуалах.,1
2023,1,Почему Брахман наделен природой звука (шабда-таттва)?,1
2023,1,Типология индийских аскетов по санскритским источникам,1
2023,1,"«Брахма-стути» из «Бхушунди Рамаяны»: текстология, смыслы, параллели",1
2023,1,Драма как категория и жанр в древнеиндийской поэтике. Челнокова Анна Витальевна (Санкт-Петербург). Россия и русские в произведениях Салмана Рушди.Леонов Максим Владимирович (Москва). О возможности передачи санскритских стихотворных размеров в русских переводах,1
2023,1,Анализ аморальных поступков в «Абхидхармакоше» Васубандху.Ермакова Татьяна Викторовна (Санкт-Петербург). Научные связи Ф.И.Щербатского с британскими востоковедами в 1930-е гг.Гордийчук Николай Валентинович (Москва). Тема угона скота (veṭci) в древнетамильской поэзии и литературной теории.Котин Игорь Юрьевич (Санкт-Петербург). Политик читает и пересказывает эпос. «Рамаяна» и «Махабхарата» в переложении Чакраварти Раджагопалачари.Смирнитская Анна Александровна (Москва).  «Моя мать и твоя мать – какая родня?» Об обозначениях братьев и сестер и возможностях прадравидийской реконструкции.Костина Екатерина Александровна (Санкт-Петербург). Значения и функционирование лексемы ye в бенгальском языке,1
2023,1,Средний залог в санскрите. К семантике категории.Скороходова Татьяна Григорьевна (Пенза).  Найти нормативную этику в традиционных текстах: сверхзадача и её решение мыслителями Бенгальского Возрождения..Лекарева Ева Павловна (Санкт-Петербург). Поздний Р.Тагор и «Бхагавадгита»: переосмысляя концепцию о долге.Гасунс Марцис Юрьевич (Обнинск). Древнеиндийская ономастика в «Вишнусахасранаме»,1
2023,1,Об особенностях индийской философии на основе южноазиатской схемы рациональности.Лысенко Виктория Георгиевна (Москва). Трудности в изучении философского наследия Дигнаги: опыт переводчика и историка философии.Псху Рузана Владимировна (Москва). Переоценка различных методологических подходов по исследованию индийской философии: по следам книги В. Адлури и Д. Багчи «The Nay Science: A History of German Indology».Лобанов Сергей Владимирович (Москва). Проблема интерпретации действия в комментарии Шанкары на Бхагавадгиту,1
2023,1,Философская компаративистика В. Хальбфасса.Роман Лилия Геннадьевна (Москва). К вопросу об истинности в пурва-мимансе.Пахомов Сергей Владимирович (Санкт-Петербург). Сотериологический ракурс «йогического суицида» (utkrānti) в традиционной индуистской йоге и тантре,1
2023,1,"Мотивы «Сказания о Джаландхаре в «Падма-пуране».[Olga Vecherina], Ruzana Pskhu (Moscow, RUDN-University). Female-Mystic in Medieval Tamil Literature and Early Sufism: Structural Similarity of Images.Жукова Любовь Евгеньевна («Москва»). Проповедь Личного Безличного Бога в учении Свами Вивекананды.Денисенко Валерия Леонтьевна (Новосибирск). «Юга-пурана» как исторический источник",1
2023,1,"Коллекция № ВХ ЭФЗК 495 для МАЭ (состав и значение). Дубянская Татьяна Александровна (Москва). В поисках современного подхода к прозе Премчанда.Коровина Евгения Владимировна, Ренковская Евгения Алексеевна (Москва). Экспедиция к памятникам протоиндийской цивилизации на территории Индии.Коровина Евгения Владимировна (Москва). Надписи на медных предметах протоиндийской письменностью.Альбедиль Маргарита Федоровна (Санкт-Петербург). Антропология индийской куклы: контексты и ракурсы.Столярова Екатерина Владимировна (Санкт-Петербург). Кукольный театр Западной Бенгалии.Рыбакова Анна Геннадьевна (Москва). Ритуальный комплекс родильных обрядов в неварском буддизме",1
2023,1,"«… Есть некая рыба, которая чюдовидна имать»: возможные истоки и неочевидные связи одного композитного существа индийской миниатюры.Танонова Елена Викторовна (Санкт-Петербург). Коллекция тамильских рукописей М.С. Андреева из Индийского фонда ИВР РАН.Соболева Елена Станиславовна (Санкт-Петербург). Этнографические сборы В.И. Липского на Цейлоне в начале XX в.Меренкова Ольга Николаевна (Санкт-Петербург). Вспомнить все: ганджифа и забытая карточная игра «Сидаста» из коллекции А.М. и Л.А. Мервартов.Воробьева Дарья Николаевна (Москва). Скульптура Нритья Шивы из храма Мандапешвара в Мумбаи. Стиль, иконография, аналогии.Рыжакова Светлана Игоревна (Москва). Падаяни, мудиетту, тиятту: ритуальные исполнительские традиции центральной Кералы",1
2024,1,Бодхисаттва — стрелок из лука. Буддийский сюжет и его аналоги.Островская Е.П. (СПб) Интерпретация эвтаназии в буддийской картине мира.Комиссаров Д.А. (Москва) Бодхисаттва в образе пишачи: следы комической традиции в описании аскезы Гаутамы.Фивейская А.В. (Москва) От эпического предания до буддийского сказания и обратно: история Шьямы.Крапивина Р.Н. (СПб) Абхисамаяланкара как предмет буддийского образования.Леонов М.В. (Москва) Образ времени в поэзии Бхартрихари,1
2024,1,Телеологический аргумент в пользу существования Бога в учении Свами Вивекананды. Пахомов С.В. (Санкт-Петербург) Модели интерпретации телесности в хатха-йоге. Лобанов С.В. (Москва) Монистический теизм (адвайта-ишваравада) Абхинавагупты в сопоставлении с ишваравадой адвайты Шанкары на материале их комментариев к «Бхагавадгите»..Игнатьев А.А. (Калининград) Обряд панчамакара в каулических тантрах,1
2025,1,«Третий поворот колеса дхармы» и его первые брахманистские оппоненты,1
2025,1,Формульное выражение yāvatī yānasya bhūmis в буддийских канонических текстах,1
2025,1,"Начальный сюжет в житийной литературе раннего буддизма, его вариативность и смысловое наполнение",1
2025,1,Наука абхидхармы в буддийской ментальной традиции средневековой Индии,1
2025,1,Сесил Бендалл как публикатор буддийских письменных памятников,1
2025,1,Проблемы изучения традиционного индийского текста «Абхисамая-аланкара» (на тибетском языке),1
2025,1,Метафора зеркала в «Бхаванакраме» Камалашилы,1
2025,1,Арьядэва и Чандракирти о концепции anātma,1
2025,1,Пещера дивов в сказке на языке парья,1
2025,1,К интерпретации Ригведы: śiśnadevāḥ,1
2025,1,В защиту Вишну Шипивишты: «Аз есьм Шипивишта!» (РВ 7.100.6),1
2025,1,Учение санкхьи в «Брихадараньяка-упанишаде»,1
2025,1,Према Рамаяна и Шри Ситарама-чаритра-дарпана как примеры Рамаян XX века в контексте современной литературы на бходжпури и майтхили,1
2025,1,Возвращаясь к третьей книге Махабхараты: новый взгляд,1
2025,1,О понятиях «канон» и «классика» в контексте древнеиндийской литературы,1
2025,1,"Ведийский гапакс batá- и частица bata / vata: семантика, контекст, этимология",1
2025,1,Новые древнеиндийские праформы на материале этимологий лексики языка куллуи,1
2025,1,О семантических переходах с участием терминов родства в старотамильском языке,1
2025,1,"Отражение концепции ""нисходящего времени"" (descending time) в Катха Упанишаде",1
2025,1,Синтез глагольной словоформы в грамматике Панини,1
2025,1,Образ вишаканья в художественной культуре древней и средневековой Индии,1
2025,1,Опровержение позиции вайшешики Дигнагой,1
2025,1,Метафора воды как сюжетообразующий прием романа Абрахама Вергезе «Завет воды»,1
2025,1,Восхождение Урмилы в поэме Майтхилишарана Гупты «Сакет»,1
2025,1,Социально-политический контекст романов Даймонд Шамшера Рана,1
2025,1,Еще раз о структуре Чарьягити,1
2025,1,Проблема индианизации колониальной армии на страницах индийской прессы в 1910-х — 1940-х годах,1
2025,1,Анализ переводов М. Зощенко на хинди и на бенгали с помощью метрик readability,1
2025,1,О «Yogavārttika» Виджнянабхикшу: Ansatz,1
2025,1,Квази-трансцендентальные разоблачение объектных областей индрий в буддийской йоге,1
2025,1,Проблемы реконструкции системы йоги Патанджали на основе переводов «корневого» текста «Йога-сутр» и толкования Бходжи («Rājamārtaṇḍa»),1
2025,1,«Наишкармья-сиддхи» (I. 52) Сурешвары как структура для реконструкции учения Шанкары об освобождении,1
2025,1,Интерпретация теизма «Бхагавадгиты» Шанкарой и Абхинавагуптой (на материале их комментариев к «Бхагавадгите),1
2025,1,Что такое тантра? К вопросу об определении тантры/тантризма в современной тантрологии,1
2025,1,Комментарии Б. Н. Пандита на «Шивасутры»: новый взгляд на коренной текст трики,1
2025,1,Роль и значение школы крама в структуре философии кашмирского шиваизма,1
2025,1,Тантрические парадигмы в игровых системах Востока: сравнительный анализ “Джняна чаупады” и “Салам намшак” сквозь призму индуистской и буддийской тантры,1
2025,1,Kaṇita Caturam 108: тамильский числовой квадрат из храма Натараджи в Чидамбараме,1
2025,1,Ауробиндо Гхош: между разумом и мистической интуицией,1
2025,1,Особенности толкования Нового Завета в учении Свами Вивекананды,1
2025,1,Индийские истоки и источники философствования Р. Тагора: «Садхана» как опыт объяснения Своего Другому,1
2025,1,Женщины и сатьяграха: взгляд М. К. Ганди,1
2025,1,Самбхары в обряде установления жертвенных огней (agnyādheya),1
2025,1,Рождение концепции иконографии Шивы Натараджи в скульптуре пещерных храмов Южной Индии,1
2025,1,Инородные предметы в ушах Благословенного: к слову об одной редкой иконографической схеме в буддийском искусстве,1
2025,1,Непальский Маччхендранатх: ритуально-мифологический контекст,1
2025,1,Будда Дипанкара и традиция его почитания в Долине Катманду,1
2025,1,От демоницы к мстительнице: Переосмысление образа ведьмы в современном индийском кинематографе,1
2025,1,"Павакутху Кералы: артисты и основные сюжеты, мифо-ритуальные истоки исполнительских традиций",1
2025,1,Скрытое / явное: представления о знании у племенных народов Южной Карнатаки,1
2025,1,Миф о Потопе и тыкве у дравидийских племен: к вопросу об истории контактов дравидов и мунда,1
2025,1,Внешние и внутренние связи индийского фольклора по данным каталога Ю.Е. Березкина и Е.Н. Дувакина,2
2025,1,Проблемы интерпретации традиционного текста в произведениях индийских художников конца XIX – начала XX века,1
2025,1,Бенгальский стихотворный размер пояр и его разновидности,1
2025,1,Сикхи в диаспоре: ритуалы детства,1
2025,1,Экспедиция Психо-Неврологического института в Индию в 1913,1
2026,1,Дхармакирти о существовании,1
2026,1,Предание в тексте и,1
2026,1,Заметки о роли индийской,1
2026,1,«Шри Рамананда-чаритам»,1
2026,1,Эпическая санкхья в,1
2026,1,Теория познания в,1
2026,1,Абхисамаяаланкара:,1
2026,1,Зачем спорили хэшан,1
2026,1,А.А. Сталь-Гольштейн,1
2026,1,По следам Петербуржца в,1
2026,1,Александр,1
2026,1,Седукова Надежда Александровна,1
2026,1,«Они из секты Пифагора»:,1
2026,1,Вера Александровна Новикова,1
2026,1,Паришишты как исторический,1
2026,1,Kumāra: этимология и мифология,1
2026,1,Синтез сложных слов tatpuruṣa и,1
2026,1,Имперфект в древнеиндийском,1
2026,1,Сита и Агни в «Рамаяне» Вальмики,1
2026,1,Средневековая,1
2026,1,Чему и как учит,1
2026,1,Метод кодировки чисел в трудах,1
2026,1,Сон Урмилы в современной индийской,1
2026,1,Салман Рушди и русская,1
2026,1,«Местный колорит» в,1
2026,1,Лексика языка куллуи: этимологии,1
2026,1,Южноандаманские языки: к,1
2026,1,"""Башни с нишами"" в",1
2026,1,Перевод в практике,1
2026,1,Пословицы и поговорки,1
2026,1,Коннотативные особенности,1
2026,1,Уроки Герхарда Оберхаммера. По,1
2026,1,Индийская философия в свете,1
2026,1,Вклад Абхинавагупты в развитие,1
2026,1,Традиция толкования упанишад:,1
2026,1,Интерпретация идей Упанишад в,1
2026,1,"Санньяса и Брахмалока: смерть,",1
2026,1,«Сказание о Лиле» в «Йога-,1
2026,1,Структура ниданы,1
2026,1,Можно ли считать мадхьямаку,1
2026,1,Идеи йогачары в трактате Асанги,1
2026,1,Особая священная,1
2026,1,Прамана-вада «Таттва-сандарбхи» Дживы,1
2026,1,Ведийский ритуал Праваргья,1
2026,1,"Jati, gotra and marriage system in Haryana: a",1
2026,1,Непальский вариант,1
2026,1,Златоликие образы,1
2026,1,"Яйцо, курица и Тримурти:",1
2026,1,Миф о Потопе и тыкве у племен,1
2026,1,"Огонь, вода и память:",1
2026,1,Тело агхори как «живой текст»:,1
2026,1,Адиваси. Загадочное племя тода,1
2026,1,К истории,1
2026,1,Голод в Бенгалии 1943,1
2026,1,Окна в иной мир: изобразительные,1
2010,2,Философское приложение шикши в кашмирском шиваизме,1
2012,2,Намтар  Будды Шакьямуни в тибетской и китайской (пекинской) традициях (танки из коллекций Одесского и Киевского музеев Украины),1
2012,2,Ю.Н. Рерих — выдающийся лингвист-тибетолог,1
2012,2,Бог и человек в поэзии Тагора. От «Иша-упанишады» до «Писем о России»,1
2012,2,Непосредственное восприятие через слово. По «Веданта-парибхаше» Дхармараджи,1
2012,2,Śradīḥ  púraḥ: ранневедийский текст и ритуал,1
2012,2,Актуализация информативной основы средневекового текста Центральной Азии в современном мире (на примере «Тарих-и Рашиди» Мирзы Хайдара Дуглата»),1
2012,2,К этимологии ведийского sarámā,1
2012,2,О тамильском поэтическом жанре каламбахам,1
2012,2,Рамаяна в драме Бхавабхути «Последние приключения Рамы»,1
2012,2,Песенная техника проповеди Миры Баи: подступы к исследованию,1
2012,2,Сакральная защита пространства долины Катманду,1
2012,2,Описание Индии в средневековых ирландских источниках,1
2012,2,Летописный текст и  феномен «изображение» в буддийской традиции Тибета,1
2012,2,Дом-музей семьи Рерихов в Улан-Баторе,1
2012,2,Традиционный индийский комментарий как источник по изучению синтаксиса древнеиндийских языков,1
2012,2,Элементы игровой поэтики в махаянском описании ступеней бодхисаттвы в текстах «Большой Праджняпарамиты»,1
2012,2,Символизм десяти воплощений Вишну во внутренней Калачакра-тантре,1
2012,2,Представления об Арьяварте в санскритских источниках в исторической перспективе,1
2012,2,У истоков Праджняпарамиты (стихотворное ядро традиции),1
2012,2,Сновидение в древнеиндийских философских текстах,1
2012,2,О значении пал. sutta (p.p. от supati «спать») в медитации осознанности (сатипаттхана),1
2012,2,Сакральная «геология» в системе знаний вастувидьи (науки о строительстве и зодчестве) в пуранах,1
2012,2,Мотив caṅkrama в буддийском нарративе и изображении,1
2012,2,О формульности индийских дарственных надписей,1
2012,2,К проблеме складывания сикхского двора и придворной культуры при последних шести гуру,1
2012,2,Смех в традиции древнеиндийского театра (по материалам Натьяшастры),1
2012,2,Танцовщица и покровитель: начни и расик восточных областей Индии. Контексты взаимоотношений,1
2012,2,Теория преемственности Дхармы в доктрине «сангоку маппо» в японском буддизме,1
2012,2,К проблеме возрастных категорий у древних тюрков VI—X вв,1
2012,2,Ю. Рерих о роли буддизма в культурном единстве Азии,1
2015,2,Стиль кавья в двух описаниях спящего гарема – в «Рамаяне» и в «Жизни Будды» Ашвагхоши,1
2015,2,Могольская концепция богоизбранности и светоносности и ее визуальное воплощение,1
2015,2,Язык жреца – язык поэта. О сакральности речи в древнейших формах санскритской драмы,1
2015,2,Наги как персонажи непальских легенд,1
2015,2,Дидактика и символика в тибетской литературе (на примере «Песни о роге яка» из собрания «сто тысяч песен Миларепы»),1
2015,2,Изменение межкастовых взаимоотношений в домусульманском Кашмире,2
2015,2,"Белый Старец. Танка из коллекции Кабинета Юрия Рериха (ИВ РАН, Москва)",1
2015,2,Проблемы датировки трактата Бхамахи и пути ее решения,1
2015,2,Образ потока в тамильской поэзии,1
2015,2,Обряд освящения статуи (адхивасана) и его роль в текстах по строительству (вастувидье) в пуранах,1
2015,2,Сакральная география Бодхгаи и текстовая традиция,1
2015,2,О термине татхагата в палийском каноне,1
2015,2,О брахманических этимологиях,1
2015,2,Проповедь Кабира: некоторые особенности языка и стиля,1
2015,2,Образ Сомы в ведийской и эпической традиции,1
2015,2,Проблемы интерпретации концепции восьми опровержений в «Катхаватху»,1
2015,2,Интерпретация рельефа с изображением Дурги с музыкальными инструментами из буддийского пещерного храма Аурангабада,1
2015,2,От Индии до Кара-тепе: к типологии древнеиндийского эпиграфического текста,1
2015,2,Неизвестный иллюстрированный манускрипт из Непала из собрания кабинета Ю.Н. Рериха Института востоковедения РАН,1
2015,2,Социально-философские концепции Калачакратантры с некоторыми параллелями в Кашмирском Шиваизме,1
2015,2,Будда Вайрочана и космология «Аватамсака- сутры» в Японии,1
2015,2,Рождение героя или сакрального персонажа в индийской повествовательной традиции (к интерпретации композиции «Сон Майи»),1
2015,2,Воспоминание как основание для тождества «Я» в «Ишварапратьябхиджня-вимаршини» Абхинавагупты,1
2015,2,Об индийских названиях нуля,1
2015,2,Индийские гана в зеркале китайских гуа,1
2015,2,Санскритизация перформанса: преобразования традиций Bhūta-kolam (Тулунаду) и Chhau (Орисса),1
2015,2,«Торговцы» или «богачи»? К истории племенного подразделения байат,1
2015,2,Юрий Рерих и буддийский храм в Санкт- Петербурге,1
2015,2,Тюркский каган и сасанидский шаханшах: к вопросу об идеологических заимствованиях древних тюрков у иранцев,2
2016,2,Всадник Шамбалы (танка из собрания Мемориального кабинета Ю.Н. Рериха ИВ РАН),1
2016,2,Некоторые аспекты взаимопроникновения индуизма и буддизма в контексте непальских легенд и религиозной практики,2
2016,2,Диалект амдо – нетоновый диалект тибетского языка,1
2016,2,О происхождении некоторых ашрамных практик в произведениях Калидасы,1
2016,2,Мотив dad-u dām в могольском монаршем портрете: к вопросу о генезисе и семантике,1
2016,2,Бхаджаны-проповеди Миры Баи: к вопросу о стилистике жанра,1
2016,2,Еретики локаятики и ортодокс Каутса,1
2016,2,Особенности художественной структуры тамильской антологии «Калиттохей» (на примере песни 92),1
2016,2,Образ мира в индийской настольной игре jñãna-caupãr,1
2016,2,К проблеме взаимодействия буддизма и воинской культуры у ойратов,1
2016,2,Китайские переводы ранних буддийских сутр: возможности реконструкции истории индийского текста,1
2016,2,Опровержение существования субъекта в полемике с вайшешиками по вопросу о существовании субъекта в «Пудгалавинишчае» Васубандху,1
2016,2,Классификационные списки (матики) в раннем буддизме,1
2016,2,Европейская феноменология и буддизм в свете спора представителей кашмирской школы Пратьябхиджня с буддистами,1
2016,2,Механизмы интертекста в раннебуддийской текстовой традиции,1
2016,2,Ритуал poṣadha в буддийских монастырях кушанского Термеза I – IV в. н. э. (реконструкция),1
2016,2,Винадхара и Ардханаришвара – проблема переходной иконографии Шивы,1
2016,2,Прогулки по городу с Хануманом (один эпизод из «Рамаяны» и его параллели в Артхашастре Каутильи и в палийском каноне),1
2016,2,Образ Рахулы в японских ритуальных текстах косики,1
2016,2,Санскара «посвящение в ученики» (упанаяна): её место и значение в ряду других  санскар и в древней разработке стратификации индийского общества,1
2016,2,Культ Нарасинхи в трактатах по вастувидье в пуранах,1
2016,2,"Восхождение на Кайласу. История шайва-бхактов Сундарара и Черамана Перумаля, рассказанная в «Перияпуранам» Секкижара и на фреске храма Брихадишвары в Танджоре",1
2016,2,Миф о сожжении Трипуры  на перекрестках ведийской и эпической традиции,1
2016,2,Литературный канон и инновации в поэме Джаянкондара «Парани о войне в Калинге»,1
2016,2,Символический язык буддизма ваджраяны на примере «Калачакра Тантры»,1
2016,2,Власть как дар Неба,1
2016,2,Рерих и проблема истории тохар,1
2016,2,Чувство времени (венок сонетов),1
2016,2,Ритуальный текст о структуре вселенной (опыт литературного перевода),1
2016,2,Пушкин на языке непали,1
2017,2,"Изображение Канакавасты, архата из Кашмира: часть полиптиха или отдельная танка? (Танка из собрания Кабинета Ю.Н. Рериха, ИВ РАН, Москва)",1
2017,2,Ю.Н. Рерих о лхасском диалекте тибетского языка,1
2017,2,Тибетский идиом области Амдо в наши дни: между диалектом и языком,1
2017,2,Вопрос о дардском элементе в дотибетском населении Ладакха и Балтистана как лингвистическая проблема,1
2017,2,Некоторые типичные моменты появления сонма божеств в Непале,1
2017,2,Почему Дигнага называет определение восприятия Васубандху асара (лишенным сути)? Медленное чтение «Прамана-самуччая-вритти» (1.13–16) Дигнаги,1
2017,2,Теория и практика заимствований санскритской литературной традиции,1
2017,2,К вопросу о могольском изобразительном «мультилингвизме» и культурной экстравертности,1
2017,2,Синтаксические конструкции с ti и -bhāva в языке пали,1
2017,2,Риторический вопрос и его функция в индийской средневековой поэзии бхакти,1
2017,2,Ученичество как сюжет раннебуддийской литературы,1
2017,2,Использование вторичного текста (цитирование) как средство ведения дискуссии в «Вопросе о субъекте (пудгале)» в «Катхаваттху 1.1»,1
2017,2,Полемика о субъекте между буддистами и ньяя-вайшешиками в «Таттвасанграхе» Шантаракшиты,1
2017,2,Сюжет о Будде в ранних буддийских сакральных текстах,1
2017,2,Проблемы методологии при интертекстуальном анализе палийских и санскритских текстов,1
2017,2,К выходу Антологии индо-ирландских текстов,1
2017,2,Об интерпретационном коде ранневедийской литературы (вед. śatabhuji),1
2017,2,Тибетский институт чой-йон (наставник-покровитель) в китайских источниках 17–18 вв,1
2017,2,Война в контексте истории буддистов-ойратов,2
2017,2,Дивьядхвани и девадундубхи – иконографические мотивы божественной музыки в джайнской скульптуре Эллоры,1
2017,2,Первые известные изображения раг. Тексты и контекст,1
2017,2,Культ Нарасинхи в трактатах по вастувидье в пуранах,1
2017,2,Тамильская баллада «Сказание о Кусалаване» (kucalavaṉ katai): особенности трактовки фрагмента «Рамаяны»,1
2017,2,Место и роль Сундарара в структуре шиваитского канона «Панниру Тирумурей»,1
2017,2,Становление культа Рудры-Шивы по древнеиндийским священным текстам традиции шрути: от мифологемы к философскому принципу,1
2017,2,"Анкхья-нат: обряд и драма средневекового Ассама, и их возрождение сегодня",1
2017,2,Смена мотивировок в средневековом тексте: две «Рамаяны»,1
2017,2,Семантика изображений птицы на каменных изваяниях степей Евразии,1
2017,2,Ю.Н. Рерих и монгольский язык,1
2017,2,Переводы стихов на язык непали,1
2017,2,Поэма «Десять песен»: перевод и чтение на тамильском языке,1
2017,2,Из санскритской поэзии,1
2017,2,Из поэзии на диалектах,1
2017,2,Ритуальный текст из «Махавасту»,1
2018,2,"Поталака – местопребывание Авалокитешвары и один из его образов в тибетской традиции. (Танка из собрания Кабинета Ю.Н. Рериха, ИВ РАН, Москва)",1
2018,2,Этнокультурные особенности «Тибетско-русско-английского словаря с санскритскими параллелями» Ю.Н. Рериха,1
2018,2,Тибетский принцип чой-йон и его значение для тибето-цинских отношений,1
2018,2,Нетибетская лексика в тибетских диалектах Балтистана и Каргила: попытка этимологической классификации,1
2018,2,Индийские нумерационные системы. По материалам трактата Махавирачарьи «Собрание основных положений науки о вычислениях» (сер. IX в.),1
2018,2,Традиция «Лалитавистары» и ее истоки. Новые наблюдения,1
2018,2,Идеал sajjana в литературе гуптской эпохи,1
2018,2,Некоторые аспекты культа живой богини Кумари в Непале,1
2018,2,Деепричастия пассивного залога в языке пали?,1
2018,2,Ирония: «риторическая фигура» в Североиндийской поэзии бхакти,1
2018,2,«Видимый» и «невидимый» мир в теоретико-культурном дискурсе Древней Индии,1
2018,2,"Вопрос о соотношении субъекта-пудгалы, дискретности мышления-читты и устойчивости характеристик личности в тексте «Катхаваттху» (фрагмент 1.1.193-1.1.196)",1
2018,2,Дискуссия между буддистами и санкхьяиками о существовании и природе атмана в разделе «Атмапарикша» «Таттвасанграхи» Шанатаракшиты,1
2018,2,Брахмадева и его комментарий к «Дравья-санграха-вритти» в контексте джайнской текстовой традиции,1
2018,2,«Ратнавали» Нагарджуны и «Дашабхумика-сутра»: явные и неявные связи,1
2018,2,"Вратьи и чакравартины: образ Миродержца в Древней Индии в палийских, санскритских и ведийских источниках",1
2018,2,Обращение к буддийским сутрам «неясного» происхождения при императорском дворе в Японии в VIII в,1
2018,2,Образ Йусуфа в могольской живописи: к вопросу атрибуции,1
2018,2,Еще раз к вопросу о сандаловой статуе Будды,1
2018,2,"Майтхуна, слияние лотоса и ваджры, или о некоторых особенностях символического языка сандхья-бхаша буддизма ваджраяны",1
2018,2,Богиня с гхантой и гхатом. Дурга (?) в иконографической программе буддийского храма Аурангабада,1
2018,2,Живопись и графика Гималайского региона в коллекции И.П.Минаева (МАЭ РАН): некоторые аспекты атрибуции и интерпретации,1
2018,2,Тантрическая традиция в искусстве индийского модернизма,1
2018,2,Несколько слов о «я» и Адвайте в свете узнавания себя как предельного обладающего в толкованиях Абхинавагупты на «Ишварапратьябхиджня-карике» Утпаладевы,1
2018,2,Вода и водоемы в трактатах по вастувидье в пуранах,1
2018,2,Тема «мадаль» (обряд самоистязания) в тамильской поэзии,1
2018,2,Чидамбарам и его дикшитары в зеркале «Панниру тирумурей»,1
2018,2,Текст в контексте: образ идеального сикхского правителя в кодексе Прем Сумараг в позднесредневековых панджабских реалиях,1
2018,2,К вопросу об обработке первоисточника в литературной санскритской джатаке,1
2018,2,Имперская идея или этнический стереотип? Концепт «монгол» в первой половине XIII в,1
2018,2,Путешествие «Тысячи и одной ночи» в Ирландию,1
2018,2,Семантика глагольного корня bhram и его дериватов на материале древнеиндийского эпоса и поэзии,1
2018,2,Буддийская миссия Н.К. Рериха в Лхасу,1
2019,2,Тибето-китайские параллели в наименованиях и титулах регентов на примере текста декрета Далай-ламы V о назначении Сангье Гьяцо дэсридом (1679 г.),1
2019,2,«Белые шапки»: интерпретации и эндемичность религиозного символа в начале XVIII в,1
2019,2,Вербальный панегирик индийского монаршего портрета эпохи Моголов. 9.12.19,1
2019,2,Старый парк Пушпакарандаки (одна из загадок «Глиняной повозки»),1
2019,2,"О стихах, приписываемых Бхартрихари",1
2019,2,Кабир о бхакти,1
2019,2,К вопросу о замещениях (pratinidhi) при проведении шраута-ритуалов,1
2019,2,Монгольские ритуалы в русских летописях,1
2019,2,Сюжет встречи с Дипанкарой: функциональная роль в текстовой традиции и возможные генетические связи,1
2019,2,Sarvajña-bhāṣā — всеведущий и синкретический язык Калачакра-тантры,1
2019,2,К вопросу о дхарани и Дхаранипитаке,1
2019,2,"Семь сокровищ чакравартина и их пространственная локализация (палийский канон, «Артхашастра»)",1
2019,2,Место «Беседы о субъекте-пудгале» в структуре палийского канона и в истории буддийской философии,1
2019,2,Образ Ганеши в японском буддизме,1
2019,2,«Цветомыслие» в Древней Индии (вербальный текст и стенопись),1
2019,2,Музыкальные колонны Южной Индии,1
2019,2,Фронтальное и трёхчетвертное изображение лица в западно-индийской миниатюре XII–XV вв,1
2019,2,Феномен недосказанной речи ардхокти в санскритской драме,1
2019,2,Дайва-арадхана Тулунаду (Южная Индия): сценарий и воплощение,1
2019,2,«Парамаартхасара» Абхинавагупты: руководство по обретению «сингулярности» или свидетельство о невозможности бытия Бога (Бытия/Бога),1
2019,2,Обряд адхивасана («вселение») и его роль в формировании образов храма и города,1
2019,2,Сюжетные схемы санскритских джатак Харибхатты (IV–V в.),1
2019,2,«Унмей вилаккам» как источник по иконологии Шивы Натараджи,1
2019,2,Поэтические формы средневекового тамильского бхакти,1
2019,2,Восхваление табака в поэме «Пухейилей видутуду» тамильского поэта Сини Саккарей Пулавара,1
2019,2,Роль представителя династии Тхакури (Тхакуджуджу) в ритуальной передаче власти в Непале,1
2019,2,Как уложить пять формул в одну строфу? «Архивирующие» возможности санскрита в математических сочинениях средневековой Индии,1
2019,2,Ю.Н. Рерих и история индологии в России,1
2019,2,Опыт передачи эпической шлоки в русской переводческой традиции,1
2019,2,Возможности понимания и написания термина «санскрит»,1
2020,2,Некоторые тангка из собрания Ю.Н. Рериха. Новые исследования,1
2020,2,Кангдзей: «Подношения гневным божеcтвам»,1
2020,2,Две тханки из собрания И.П. Минаева (МАЭ РАН) и традиция странствующих рассказчиков (лама манипа) в Гималайском регионе,1
2020,2,"«Во отдаленном краю границы пребывающий, исповедая веру манджушринову»: о буддийском дискурсе в калмыцкой политике императора Юнчжэна (1723–1735)",1
2020,2,"Происхождение китайского иероглифа 佛 «фо» (Будда, буддизм)",1
2020,2,Отражение монгольских имперских идей в тибетской историографии. LX РЕРИХОВСКИЕ ЧТЕНИЯ,1
2020,2,Некоторые особенности праздника семи неварских селений юго-западной части Долины Катманду,1
2020,2,Ṛddhi и священные следы прошлого: чудо в картине мира буддиста-паломника,1
2020,2,Интерпретация датировки появления буддизма в Японии в традиционных источниках и храмовых хрониках энги,1
2020,2,Способы изображения животных в литературной санскритской джатаке,1
2020,2,Мотивный анализ сюжета «Джатаки о павлине» Харибхатты (IV–V вв. н.э.),1
2020,2,Что отличает индийскую эпистемическую культуру от западной?,3
2020,2,"Шива Саптасварамурти из Пареля. Иконография, интерпретации, параллели",1
2020,2,Антропоморфная образность «игры знания»: телесная метафора и метафора путешествия,1
2020,2,Некоторые особенности текстов по вастувидье в пуранах и их интерпретация в современной массовой культуре,1
2020,2,Ю.Н. Рерих о кочевниках Тибета,1
2020,2,Небывальщины и парадоксы в древне- индийской поэзии,1
2020,2,Небывальщины и парадоксы в средневековой североиндийской поэзии,1
2020,2,"К анализу стиха Ригведа 1.120.11, или Предварительные заметки о ведийском автомобиле",1
2020,2,"Загадка эдуки – монумента опрокинутого мира (эпиграфика, эпос, пураны)",1
2020,2,Проблемы атомизма по «Вимшике» Васубандху и «Аламбана-парикше» Дигнаги,1
2020,2,Санскритская грамматика и мирская мудрость,1
2020,2,Роль «Тируттондар тирувандади» Намби Андар Намби в формировании шиваитского канона,1
2020,2,Поэтический цикл Кабилара о князе Пари,1
2020,2,Модели мотивации понятий «муж» и «жена» в дравидийских языках,1
2020,2,Санскрит и индийская философия в творчестве композитора А.Н. Скрябина,1
2020,2,Смена парадигмы? Числовые «коды» в структуре индийских математических сочинений древности и средневековья,1
2020,2,Опыт применения интертекстуального подхода при изучении санскритских и палийских памятников,1
2020,2,Феномен речевого сбоя как средство художественной выразительности в структуре классической санскритской драмы,1
2020,2,О некоторых основных понятиях пратьябхиджни,1
2021,2,Образы бодхисаттвы Авалокитешвары в коллекции Кабинета Рериха: Авалокитешвара – податель прозрения,1
2021,2,Захват джунгарами Тибета в 1717 г,1
2021,2,О буддологии в тексте Abhisamayālaṅkāra (тиб. Mngon rtogs rgyan),1
2021,2,Особенности топонимов Западного края Китая（西域): лингвокультурный аспект,1
2021,2,Магические средства ведения войны на монголо-тибетском фронте,2
2021,2,"Волосы Будды: паломнический и житийный нарратив, изобразительная традиция",1
2021,2,Зороастрийский культ огня и ритуалы парсов Индии,1
2021,2,О роли змея (nāga) в вайшнавском культе раннего периода индуизма,1
2021,2,О манерах театральной игры: категория вритти в «Натьяшастре»,1
2021,2,Эволюция струнного музыкального инструмента вины на материале скульптуры пещерных храмов южной Индии (I–X вв.),1
2021,2,Начало гирлянды. Первые известные серии миниатюр рагамала,1
2021,2,Визуальная поэзия или поэтический рисунок Рабиндраната Тагора: традиция каллиграфии и фигуры-лампы,1
2021,2,Танец суфийских дервишейволчков ритуала «сама» и сакральный «танец вихря» (fr. dance vertige) «Мистерии» А.Н. Скрябина,1
2021,2,Панчатантра как шастра и как тантра,1
2021,2,"Эпитет, образ, мотив в средневековой поэзии бхакти",1
2021,2,Мотивационные доминанты как «система ожидания» в санскритском и палийском повествовании,1
2021,2,Особенности представлений о творении вселенной и ее истории в пуранах,1
2021,2,Прагматика перечней в эпиграфическом тексте (к открытию надписей брахми III–II вв. до н.э. в Центральной Индии),1
2021,2,Был ли Панчашихка Материалистом?,1
2021,2,«История Тирумулара»: биография бхакта и биография сиддха,1
2021,2,Любовные и религиозные мотивы в средневековой тамильской поэме «Тирукковейар» Маниккавасахара,1
2021,2,", Е. А. Ренковская (ИЯз РАН, ИВ РАН) Астрологические манускрипты на танкри из коллекции Кхубрама Кхушдиля (Химачал-Прадеш): особенности текстов и датировка",1
2021,2,Жизнь и реалии Кумаона в народных песнях-ньоли,1
2021,2,"Зеркало, конец иллюзии. Или как удовлетворить тайно влюбленную, касающуюся кувшинами грудей отражения возлюбленного. Учение об отражении в 3-й главе «Тантра-алоки» Абхинавагупты",1
2021,2,Индийское царство и индийские диковины в средневековых ирландских рукописях XV в. «Романа об Александре»,1
2021,2,Пятнистый охотничий зверь индоевропейцев и «Атхарваведа» 19.49.4 (заметки об индоиранском бестиарии),1
2021,2,Предварительные замечания к проблеме речевого сбоя в древнеиндийской теории драмы,1
2021,2,Вклад Ю.Н. Рериха в развитие тибетского языкознания,1
2021,2,«Культурологический поворот» в исследованиях Ю.Н. Рериха и Л.Н. Гумилёва,1
2021,2,Вклад Ю.Н. Рериха в формирование «транскультурного пространства» Калимпонга (1950-е гг. ХХ в.),1
2022,2,Памятные даты – стимул к новым поискам: 150 лет со дня рождения Павла Риттера и 120 лет со дня рождения Юрия Рериха. (доклад онлайн),1
2022,2,Дарджилингский период в научной карьере Ю.Н. Рериха,1
2022,2,Некоторые особенности культа Белого старца в Сиккиме. (доклад онлайн),1
2022,2,К реконструкции языковых контактов в области Шангшунг в дотибетскую эпоху,1
2022,2,"Трактат Марко Паллиса, предостерегающий Тибет о последствиях Кали-юги (об атрибутировании и содержании тибетского ксилографа из Архива музея Рерихов (Филиал Государственного музея Востока))",1
2022,2,Лексикализация дезидератива в классическом санскрите,1
2022,2,Проявление чувств в лирике кришнаитского бхакти XVI в,1
2022,2,Стилистика Амаравати и поэтика «Лалитавистары»,1
2022,2,«Жизнь Будды» Ашвагхоши и Серебряный век русской культуры,1
2022,2,Учение о цвете Ксенократа Сикионского и теория цвето-культурной компетенции чхави Древней Индии,1
2022,2,Представления о времени и пространстве в «Прета-канде» «Гаруда-пураны»,1
2022,2,Композиция «Апастамба-шраутасутры»: базовые ритуалы (prakṛti) и их модификации (vikṛti),1
2022,2,К вопросу о русском переводе «Мимансакапарикальпита-атма-парикши» «Таттва-санграхи» Шантаракшиты с комментарием Камалашилы «Панджика»,1
2022,2,Недосказанность/прерванность речи в классической санскритской драме,1
2022,2,Священные зороастрийские тексты и переписка парсийских жрецов с зороастрийскими жрецами Ирана,1
2022,2,Философия и практики самоповреждающего поведения в тамильском бхакти (доклад онлайн),1
2022,2,Несколько замечаний о введении и первой части «Тирумантирама»,1
2022,2,Тригата в «Натьяшастре»: религиозное и символическое значение,1
2022,2,Связка текст-смысл-мышление в «Артхашастре» Каутильи: уникальность и стандартность,1
2022,2,Немногие сведения о Нилакантхадикшитеграмматисте,1
2022,2,Полисемия в области терминологии родства – дравидийские и индоарийские языки,1
2022,2,Этимологическая классификация лексики в индийской и европейской грамматической традиции на примере языка куллуи,1
2022,2,Рецепция тантрического текста в совеременной культуре: случай Аллена Гинзберга,1
2022,2,О предельном предмете в «Парамартхасаре» Абхинавагупты,1
2022,2,Сообщение о смерти Чингис-хана в русских летописях,1
2022,2,", Б.У. Китинов (ИВ РАН). «Стела монастыря Шакья 释迦院碑» 1257 г. в Монголии – изучение и анализ текста",1
2023,2,Надписи на колонне Гелиодора,1
2023,2,Ритуал приема почетного гостя при жертвоприношениях сомы,1
2023,2,Представление о годе в концепции времени пуран,1
2023,2,Культ корзины в Древней Индии и смена религиозной парадигмы,1
2023,2,Социоскрипторная ситуация в Древней Индии,1
2023,2,Несколько замечаний о Брахмане и сущем,1
2023,2,Обсценная брань и её следы в РВ 10.10: возможна ли реконструкция текста?,1
2023,2,"Karaṇīya-mettasutta – «Любовь всеобъемлющая», как императив, освобождающий от страданий сансары",1
2023,2,О понятии «вкус» (rasa) в древнеиндийской традиции,1
2023,2,«Не одне грандиозныя прелести Гималаев»: итоги путешествия И. П. Минаева в Кумаон (1875),1
2023,2,Исследования древнеиндийских текстов как ключевое направление в ранней японской буддологии,1
2023,2,Словослияние в куллуи как способ словообразования,1
2023,2,Этимология и семантика цветообозначения «красный» в китайской культуре,1
2023,2,Тексты праджняпарамиты в ойратской религиозной культуре и законоположениях,1
2023,2,Отражение монгольских имперских идей в средневековых вьетнамских источниках,1
2023,2,"Журнал “Stepping stones” – гималайская культура, буддизм и философия перенниализма сквозь призму взглядов европейских исследователей",1
2023,2,Улан-Баторский период в научной карьере Ю.Н. Рериха. 1926-1927 годы,1
2024,2,Вступительное слово от организаторов конференции,1
2024,2,Посох Чанакьи,1
2024,2,Новый поворот традиции шраута: Сагничит Трисахасра Атиратра Сомаяга 2024 в Западной Бенгалии,1
2024,2,Покаяние (prāyaścitta) и наказание (daṇḍa) в дхармасутрах,1
2024,2,К проблеме происхождения варны кшатриев: культ воинской элиты в индоарийской традиции (по данным археологии и петроглифики),1
2024,2,Похищение и возвращение жён в древнеиндийском эпосе и параллели в древнегреческих сюжетах,1
2024,2,Индийские классификации: принципы различения поэтических украшений (аланкар),1
2024,2,"Традиционные индийские классификации: образцовые, удобные, проблематичные",1
2024,2,Ведантийско-буддийский полемический диалог в «Брахмасутрабхашье»,1
2024,2,Сюжет «обращения братьев Кашьяпов» в «Сутре о благом явлении царевича»: неожиданные повороты,1
2024,2,Планиметрические модели тела человека в санскритских трактатах по искусству и в стенописи Аджанты,1
2024,2,Обряды «жизненного цикла» скульптуры по материалам пуран,1
2024,2,О нарративной символике бронзовой фигурки танцующего Бала-Кришны,1
2024,2,Некоторые тхангка из коллекции Ю.Н. Рериха (Новые исследования),1
2024,2,Феномен в jalacārin в архитектуре храмов Карнатаки древних и средних веков,1
2024,2,Морфология деревянной храмовой архитектуры Химачал-Прадеша (Индия),1
2024,2,"Культ корзины у гондов, джайнская икона аягапатта и буддийский алтарь: еще раз о смене религиозной парадигмы в Древней Индии",1
2024,2,", А.В. Осокин (ИВ РАН, онлайн). К идентификации тантрических изображений Ямантаки в монастыре Юнъань-сы 永安寺 провинции Шаньси 山西省",1
2024,2,«Наука поэзии» (Кавьяшастра) в трудах ранних аланкариков,1
2024,2,Ирония в пьесе Ватсараджи «Киратарджуния» (XII в.),1
2024,2,Принципы построения верениц древнеиндийских имён в «Вишнусахасранаме» («Махабхарата» XII.135),1
2024,2,Тема леса в поэтических антологиях Бхартрихари и Видьякары,1
2024,2,Многообразие культурных традиций и влияний в средневековой Индии: от династий до социальных изменений,2
2024,2,Буддизм в Восточном Туркестане,2
2024,2,Угроза монгольских вторжений в Японию глазами Нитирэна,1
2024,2,Этимология и семантика цветообозначения «черный» в культуре Китая,1
2024,2,"О письмах Ю.Н. Рериха из коллекции Д. Тарчина (Колумбийский университет, Нью-Йорк, США)",1
2024,2,Ю.Н. Рерих о происхождении монгольской письменности,1
2024,2,Микушевич как переводчик санскритской поэзии,1
2025,2,Зачем в санскрите три прошедших времени?,1
2025,2,Священные огни в шраута-ритуалах,1
2025,2,Аланкара как аспект стилистики текста,1
2025,2,Почему у монаха-дигамбара рог на голове? Попытка интерпретации одной строфы из философского диспута в прахасане «Латакамелака»,1
2025,2,Очеловечивание божеств в пьесе Ватсараджи «Самудраматхана» (XII вв.),1
2025,2,", О. В. Лундышева (РНБ Сектор восточных фондов Отдела рукописей; ИКВИА НИУ ВШЭ, Санкт-Петербург - Москва). Prasādapratibhodbhava (Śatapañcāśatka) Матричеты: тохарский перевод и комментарий",1
2025,2,", М.А. Овчинникова (ИВ РАН, Москва). Исторические и историографические особенности монгольской летописи начала XVIII в.: Гомбоджаб. «Течение Ганга»",1
2025,2,Отношения между государством Корё и Тибетом в эпоху Юань (конец XIII – начало XIV вв.),2
2025,2,Этапы сложения имперской идеологии у средневековых монголов,1
2025,2,Описание Центральной Азии в «Хождении в пять индийских царств»,1
2025,2,Чанпинская битва 260 г. до н.э.: когда встречаются источники и археология,1
2025,2,Представления пуран о священном тексте как культовом предмете,1
2025,2,Небесные боги в картине мира буддийской агиографии: признаки эволюции («Лалитавистара»),1
2025,2,Сита и Агни в «Рамаяне» Вальмики,1
2025,2,О теории просодии в «Натьяшастре»,1
2025,2,Список тамильских каст у Бартоломеуса Цигенбальга: книжная традиция vs историческая реальность,1
2025,2,Выкуп невесты (śulka) в Древней Индии: шастрическая и эпическая традиции,1
2025,2,Эволюция архитектуры джайнских пещерных храмов Махараштры в контексте скального зодчества Индии,2
2025,2,Значение иконографии Будды Мучилинды в культуре и искусстве Кхмерской империи XII–XIII вв,1
2025,2,Образ Деви с младенцем Шивой в контексте развития иконографии Богини-Матери в скульптуре Бенгалии,1
2025,2,Треугольник Паскаля или Пингалы?,1
2025,2,Metta–Karaṇīya – Любовь как этический императив в раннебуддийской сотериологии на материале Метта сутты и Тевиджджа сутты Палийского канона,1
2025,2,Яджня Ригведы и «другая яджня» палийского канона,1
2025,2,Проблема бхакти в «Ожерельи Величаний Шивы» — «Шивастотравали» (Śivastotrāvalī) Утпаладевы,1
2025,2,Индийская философия сознания через призму цивилизационной демаркации «Восток-Запад»,3
2025,2,Роль языка в познании абсолютного согласно школе Гелук,1
2025,2,Индийские шастры с точки зрения современной методологии познания,1
2025,2,Рецепция Маджджхима-никаи в рукописях Э. Гуссерля,1
2025,2,Анаттавада «палийского Будды» в её философских и сотериологических координатах,1
2025,2,Калмаки в литературе и искусстве могольской Индии,1
2025,2,К вопросу о переводе буддийского термина бодхи (菩提) на китайский язык,1
2025,2,Об этимологии слова «мангус»,1
2025,2,Из истории фиксации традиционного сказителя хобуксарких ойратов Аримпиля (1923–1994),1
2025,2,Этнорелигиозная картина уйгуров по китайским источникам XIV-XIX вв,2
2025,2,Вклад Ю.Н. Рериха в историю российских экспедиций в Центральную Азию. К 100-летию начала Центрально-Азиатской экспедиции Н.К. Рериха,1
2025,2,Исторические идеи просветительства Ахамади Дониша в культурном коде Таджикистана,1
