presentation_id,tags
PRES_2a08c0cb86,邪泻褌褍邪谢褜薪褘泄|斜褏邪谐邪胁邪写谐懈褌邪
PRES_3dfb43981f,蟹薪邪薪懈械|褌懈斜械褌|褍褔械斜薪懈泻|褌械芯褉懈褟|锌芯蟹薪邪薪懈械
PRES_3faf9b7b24,褋褞卸械褌|褌械褉械褌褜|褝褌薪芯懈褋褌芯褉懈褔械褋泻懈泄|芯褋薪芯胁邪
PRES_440de90864,屑懈褎|邪谐邪褋褌懈械|褋褉械写薪械胁械泻芯胁褘泄|谢懈褌械褉邪褌褍褉邪|褌械谢褍谐褍
PRES_4dc8f2c386,邪褋褌褉芯谢芯谐懈褔械褋泻懈泄|谐械褉屑械薪械胁褌懈泻邪|屑械写懈褑懈薪褋泻懈泄|褌械泻褋褌|邪褞褉胁械写邪
PRES_5461e391b0,褋褞卸械褌|锌芯胁械褋褌褜|薪邪褋懈泻械褌邪|褋邪写邪褌褜|屑懈褕褉邪|泻芯薪褌械泻褋褌|懈褋褌芯褉懈褟|锌褉芯蟹邪|褏懈薪写懈
PRES_5ec00edd5f,谢懈褌械褉邪褌褍褉邪|褉械屑懈薪懈褋褑械薪褑懈褟|谐邪褍写邪胁邪褏芯|胁邪泻锌邪褌懈褉邪写卸
PRES_630760bcac,锌褋懈褏芯谢芯谐懈褟|邪泻褌|褋邪屑芯锌芯卸械褉褌胁芯胁邪薪懈械|懈蟹芯斜褉邪卸械薪懈械|写褉邪屑邪褌褍褉谐|胁械泻
PRES_646225a03b,芯锌褉芯胁械褉卸械薪懈械|邪褌芯屑懈蟹屑|褌褉邪泻褌邪褌|胁邪褋褍斜邪薪写褏|胁懈写卸薪褟锌褌懈屑邪褌褉邪褌邪褋懈写写褏|写芯泻邪蟹邪褌械谢褜褋褌胁芯|械写懈薪褋褌胁械薪薪芯褋褌褜|褋芯蟹薪邪薪懈械
PRES_6c8531953d,泻芯薪褑械锌褑懈褟|褋锌褏芯褌邪|褋锌褏芯褌邪褋懈写写褏|屑邪薪写邪薪邪屑懈褕褉邪
PRES_6e17572f1f,泻谢邪褋褋懈褎懈泻邪褑懈褟|懈薪写褍懈褋褌褋泻懈泄|褌邪薪褌褉懈褔械褋泻懈泄|褕泻芯谢邪
PRES_6e5928cac8,斜芯谐懈薪褟|写械褉械胁芯|卸械谢邪薪懈械|懈薪写褍懈蟹屑|褑械薪褌褉邪谢褜薪褘泄|谐懈屑邪谢邪懈
PRES_764a73ce7c,褋锌械褑懈邪谢褜薪褘泄|褋邪薪褋泻褉懈褌|褌械褉屑懈薪芯谢芯谐懈褟|褌械褉屑懈薪|邪写褏褜褟泻褕邪|懈薪写懈褟|褌褉邪写懈褑懈褟
PRES_7f70e3b9a4,褕邪薪泻邪褉邪|泻褉懈褌懈泻|泻邪褌械谐芯褉懈褟|胁邪泄褕械褕懈泻
PRES_8a6d651579,卸邪薪褉|胁褜褟泄芯谐|褋邪薪褋泻褉懈褌|褌械芯褉懈褟|写褉邪屑邪
PRES_8ee46835ab,屑芯泻褕邪|斜褏邪谐邪胁邪褌邪-锌褍褉邪薪邪
PRES_92c5268a51,褎懈谐褍褉邪|褑邪褉褜|锌褉械写褋褌邪胁谢械薪懈械|胁褉械屑褟|屑邪褏邪斜褏邪褉邪褌
PRES_97ad954200,谢褍泻|芯褉褍卸懈械
PRES_98a6bea15e,褋懈薪芯薪懈屑|褉械褔褜|薪懈谐褏邪薪褌
PRES_9e203d9b3f,胁蟹邪懈屑芯芯褌薪芯褕械薪懈械|褉械谢懈谐懈褟|泻芯薪褎械褋褋懈褟|褋褉械写薪械胁械泻芯胁褘泄|褌邪屑懈谢薪邪写
PRES_a535b2a757,蟹邪屑械褔邪薪懈械|褎芯褉屑邪谢褜薪褘泄|褋褌芯褉芯薪邪|褉懈泻锌褉邪褌懈褕邪泻褏懈械
PRES_a8e1a30833,锌械褉械胁芯写|谢械斜械写械胁|锌芯褝屑邪|斜褏邪褉邪褌|褔芯薪写褉芯|褉邪泄|斜懈写写械褕褍薪写芯褉|褉褍泻芯锌懈褋褜|褏褉邪薪懈褌褜褋褟|褉谐懈邪|锌褉械写胁邪褉懈褌械谢褜薪褘泄|褋芯芯斜褖械薪懈械
PRES_ba501c2543,褝褉芯褌懈泻邪|褉懈谐胁械写邪|屑褍卸褋泻芯泄|卸械薪褋泻懈泄|薪邪褔邪谢芯
PRES_c567f22f17,谢械泻褋懈泻邪|褝锌懈蟹芯写|蟹邪胁械褉褕邪褌褜|泻薪懈谐邪|屑邪褏邪斜褏邪褉邪褌
PRES_ceb3b3ba00,写械胁懈-谐懈褌|写械胁懈斜褏邪谐邪胁邪褌-锌褍褉邪薪邪
PRES_d2281e2acf,褋胁褟褖械薪薪褘泄|谐械芯谐褉邪褎懈褟|褌胁芯褉褔械褋褌胁芯|褌懈褉褍薪褟薪邪褋邪屑斜邪薪写邪褉|褕懈胁邪懈褌褋泻懈泄|锌芯褝褌懈褔械褋泻懈泄|泻芯屑锌谢械泻褋|写械胁邪褉
PRES_e793d570a3,斜褍写写懈蟹屑|褌胁芯褉褔械褋褌胁芯|写卸邪褟褕邪薪泻邪褉邪|锌褉邪褋邪写
PRES_ec5840a950,褋谢芯胁芯|褉懈谐胁械写邪
PRES_117aeb7260,褍褌芯褔薪褟褌褜褋褟
PRES_2048f4153d,屑芯写械谢褜|褏褉懈褋褌懈邪薪褋泻懈泄|懈薪写芯-斜褍写写懈泄褋泻懈泄|胁褉械屑褟|褋芯胁褉械屑械薪薪褘泄|谢懈褌械褉邪褌褍褉邪
PRES_20910e0f90,褋邪薪褋泻褉懈褌|褋谢褘褕邪褌褜|胁褋谢褍褕懈胁邪褌褜褋褟|写褉械胁薪械懈薪写懈泄褋泻懈泄|褋锌芯褋芯斜|谐邪写邪薪懈械
PRES_37a471ecf5,写褉械胁薪械懈薪写懈泄褋泻懈泄|褏褉芯薪芯谢芯谐懈褟
PRES_409770d89b,懈写械褟|褍锌邪薪懈褕邪写|褉邪屑屑芯褏芯薪|褉芯泄|写械斜械薪写褉芯薪邪褌褏|褌邪谐芯褉
PRES_41b4c6fe83,泻芯屑屑械薪褌邪褉懈泄|泻芯屑屑械薪褌邪褉懈泄|谢械斜械写械胁|泻褍谢褜褌褍褉薪褘泄|卸懈蟹薪褜|泻邪谢褜泻褍褌褌邪
PRES_457408b87a,斜褏邪褉褌褉懈褏邪褉懈|写褏邪褉屑邪泻懈褉褌械褌褜|褉械褎谢械泻褋懈胁薪褘泄|邪泻褌|锌芯蟹薪邪薪懈械
PRES_49eb37c334,芯褉褎芯褝锌懈褔械褋泻懈泄|锌褉邪泻褌懈泻邪|写褉械胁薪械懈薪写懈泄褋泻懈泄|褎芯薪械褌懈泻邪
PRES_594bd8ec61,褑邪褉褋泻懈泄|褌懈褌褍谢邪褌褍褉邪|懈薪写芯-谐褉械泻芯胁
PRES_5b0c00b805,褌械褏薪懈褔械褋泻懈泄|锌褉懈褋锌芯褋芯斜谢械薪懈械|褉褍斜褉懈泻邪褑懈褟|泻芯褉械薪褜|写褏邪褌褍锌邪褌褏|锌邪薪懈薪懈
PRES_60da65c55e,斜械蟹褘屑褟薪薪褘泄|谐械褉芯泄|褉芯屑邪薪|褏邪蟹邪褉懈锌褉邪褋邪写|写胁懈胁械写懈
PRES_748beb327e,写械胁懈斜褏邪谐邪胁邪褌-锌褍褉邪薪邪|锌褉芯褑械褋褋|褝胁芯谢褞褑懈褟|褕邪泻褌懈蟹屑
PRES_74c89353ef,褑邪褉褜|褍褋褌邪薪芯胁懈褌械谢褜|写褏邪褉屑邪|锌褉邪泻褌懈褔械褋泻懈泄|懈写械芯谢芯谐懈褔械褋泻懈泄|泻芯薪褑械锌褑懈褟
PRES_77b298a44b,懈蟹芯斜褉邪卸械薪懈械|褌械泻褋褌|写褉械胁薪械懈薪写懈泄褋泻懈泄|褉械谢褜械褎|斜褍写写懈蟹屑|胁械褉斜邪谢褜薪褘泄|褌械泻褋褌
PRES_80ebdc8f23,褋懈屑胁芯谢懈泻邪|褋锌芯褋芯斜|锌芯褔懈褌邪薪懈械|斜芯谐懈薪褟|褌邪褉邪|懈薪写褍懈蟹屑|写械屑芯薪褋褌褉邪褑懈褟|胁懈写械芯屑邪褌械褉懈邪谢
PRES_933f4317bd,褋邪屑芯褋芯蟹薪邪薪懈械|锌褉械写褋褌邪胁懈褌械谢褜|薪懈蟹泻懈泄|泻邪褋褌邪|褋芯胁褉械屑械薪薪褘泄|褍褋谢芯胁懈械
PRES_960adc4efb,胁褘褌械褋薪械薪懈械|褋芯谐谢邪褋薪褘泄|懈蟹斜械卸邪薪懈械|胁芯蟹薪懈泻薪芯胁械薪懈械|褌褟卸械谢褘泄|谐褉褍锌锌邪|褌褉懈|褕褍屑薪褘泄|褋芯谐谢邪褋薪褘泄|懈薪写芯懈褉邪薪褋泻懈泄
PRES_aa8c66a571,锌械褉械胁芯写|斜懈斜谢懈褟|褋邪薪褋泻褉懈褌|锌褉芯谐褉邪屑屑邪|胁芯蟹屑芯卸薪褘泄|懈蟹屑械薪械薪懈械|写芯锌芯谢薪械薪懈械
PRES_aaee698889,卸懈蟹薪械芯锌懈褋邪薪懈械|锌褉邪胁械写薪褘泄|褑邪褉褜|邪褕芯泻|懈薪写懈褟|褌邪泄褋泻懈泄|懈褋褌芯褔薪懈泻
PRES_ac20c3981b,懈薪写懈褟|褎懈谢芯褋芯褎懈褟|褌械泻褋褌|泻芯屑锌芯蟹懈褑懈褟|褔邪褋褌褜|褋芯写械褉卸邪薪懈械
PRES_b1d123ee06,写械褉械胁薪褟|褋邪褌褌邪褋邪懈
PRES_bb69fb252f,褋芯芯褌薪芯褕械薪懈械|褋邪薪褋泻褉懈褌|褌懈斜械褌|褌械泻褋褌|谐懈屑薪|锌褉械胁芯褋褏芯写褟褖懈泄|斜芯谐|褕邪薪泻邪褉邪褋胁邪屑懈薪
PRES_bdb9ecf419,屑械褏邪薪懈蟹屑|锌械褉械写邪褔邪|褋邪泻褉邪谢褜薪褘泄|褌械泻褋褌|褕泻芯谢邪|褉邪薪薪懈泄|斜褍写写懈蟹屑|锌芯褋褌邪薪芯胁泻邪
PRES_d5cc6c0374,褋褞卸械褌薪褘泄|褋褌懈谢懈褋褌懈褔械褋泻懈泄|懈褋褌芯泻|褉邪薪薪懈泄|锌褉懈泻谢褞褔械薪褔械褋泻懈泄|褉芯屑邪薪|褏懈薪写懈
PRES_dfef1a443f,锌褉械写褋褌邪胁谢械薪懈械|芯斜褖械褋褌胁芯|胁谢邪褋褌褜|斜褏邪谐邪胁邪褌邪-锌褍褉邪薪邪
PRES_f771f5827d,蟹邪胁械褉褕邪褌褜|褋褌褉芯褎邪|屑邪褏邪斜褏邪褉邪褌|谢械泻褋懈泻邪|褋械屑邪薪褌懈泻邪
PRES_fa7c38b2f3,褝薪褑懈泻谢芯锌械写懈褟|邪斜褏懈写褏邪褉屑邪|胁邪褋褍斜邪薪写褏|锌褉芯懈蟹胁械写械薪懈械|褋邪薪褋泻褉懈褌|谢懈褌械褉邪褌褍褉邪
PRES_fcd64d09ac,芯褌褉褟褏懈胁邪褌褜褋褟|薪褘褉褟谢褜褖懈泻|褋锌械褑懈褎懈褔械褋泻懈泄|褎芯谢褜泻谢芯褉薪褘泄|屑芯褌懈胁|褝锌懈褔械褋泻懈泄|锌褍褉邪薪懈褔械褋泻懈泄|胁械褉褋懈褟|褋泻邪蟹邪薪懈械|胁械锌褉褜
PRES_10c2c66c17,写褉械胁薪械懈薪写懈泄褋泻懈泄|写懈邪谢械泻褌|褉邪薪薪懈泄|褎芯薪械褌懈褔械褋泻懈泄|褌褉邪泻褌邪褌
PRES_183a38da3a,褋褌邪薪芯胁谢械薪懈械|胁懈褕懈褕褌-邪写胁邪泄褌邪|褌邪屑
PRES_198427c45a,谐懈屑薪|褌邪褉邪|褋邪褉胁邪写卸薪褟屑懈褌褉邪|褌懈斜械褌|锌械褉械胁芯写
PRES_1be5fd6c7a,屑邪写褏邪薪-泻邪|薪邪褉芯写薪褘泄|写褉邪屑邪|褋械胁械褉薪褘泄|斜械薪谐邪谢懈褟|写械屑芯薪褋褌褉邪褑懈褟|胁懈写械芯屑邪褌械褉懈邪谢
PRES_2b5692727a,褉邪褋褋泻邪蟹|褉邪薪褜|泻械褌邪泻懈|懈薪褕-邪谢谢邪|褏邪薪|泻芯薪褌械泻褋褌|褉邪蟹胁懈褌懈械|褉邪薪薪懈泄|锌褉芯蟹邪|褏懈薪写懈|褍褉写褍
PRES_3fd8e2489c,泻懈薪械屑邪褌芯谐褉邪褎懈褔械褋泻懈泄|褌械泻褋褌|褋芯胁褉械屑械薪薪褘泄|懈薪写懈褟|泻褍谢褜褌褍褉邪
PRES_43e4e4e60d,锌谢邪褔|褋芯褋褌邪胁|写褉械胁薪懈泄|屑邪褏邪泻邪胁懈械
PRES_4bb24c3c11,褋褌邪褌褍褋|械褋褌械褋褌胁械薪薪褘泄|芯锌懈褋邪薪懈械|懈薪写懈褟|锌芯褝褌懈泻邪
PRES_55fff640ca,褋褉械写褋褌胁芯|锌械褉械写胁懈卸械薪懈械|褉懈谐胁械写邪
PRES_57ccd5c672,写懈写邪泻褌懈褔械褋泻懈泄|褕邪褌邪泻邪|谢懈褌械褉邪褌褍褉邪|褌械谢褍谐褍|褏邪褉邪泻褌械褉懈褋褌懈泻邪|卸邪薪褉芯胁褘泄|褋泻芯褉芯褏芯写芯胁|锌械薪蟹邪|褌褉邪写懈褑懈芯薪薪褘泄|懈薪写懈褟|褌械泻褋褌|谢懈斜械褉邪谢褜薪褘泄|屑褘褋谢懈褌械谢褜|斜械薪谐邪谢褜褋泻懈泄|胁芯蟹褉芯卸写械薪懈械
PRES_632589d9f1,褋屑械褉褌褜|薪芯胁褘泄|褉芯卸写械薪懈械|褍褔械薪懈械|锌褉芯屑械卸褍褌芯褔薪褘泄|褋褍褖械褋褌胁芯胁邪薪懈械|邪斜褏懈写褏邪褉屑邪泻芯褕|胁邪褋褍斜邪薪写褏
PRES_649f8342d7,褋械蟹芯薪薪褘泄|褋褍褌芯褔薪褘泄|褑懈泻谢|褋邪薪褋泻褉懈褌|写褉邪屑邪|褋邪薪褋泻褉懈褌|写褉邪屑邪
PRES_65a7d6e51a,褎懈谢芯褋芯褎|薪邪谐邪褉写卸褍薪|锌械褉褋芯薪邪卸|锌褉邪泻褉懈褌褋泻懈泄|褉芯屑邪薪|谢懈谢邪胁邪泄
PRES_693b5d83a6,懈薪写懈褟|锌邪屑褟褌薪懈泻|谐械褉芯泄|褋褉邪胁薪懈褌械谢褜薪褘泄|芯褋胁械褖械薪懈械|屑邪褌械褉懈邪谢褜薪褘泄|褋芯芯褌胁械褌褋褌胁懈械|锌芯褝褌懈褔械褋泻懈泄|褎芯褉屑褍谢邪|薪械锌褉械褏芯写褟褖懈泄|褋谢邪胁邪
PRES_7e16512005,斜褘泻|褔械谢芯胁械泻|芯斜褉邪蟹|褋褌邪写芯|褋泻芯褌芯胁芯写褔械褋泻懈泄|褝锌芯褋|褞卸薪邪褟_懈薪写懈褟
PRES_7f36ed5c1e,写卸褜芯褌懈褕邪|邪褞褉胁械写邪|邪褋褌褉芯谢芯谐懈褔械褋泻懈泄|褋械屑邪薪褌懈泻邪|泻谢邪褋褋懈褔械褋泻懈泄|懈薪写懈褟|屑械写懈褑懈薪邪|褌邪屑
PRES_8c102cb0c2,褌械芯褉械褌懈褔械褋泻懈泄|褍褔械薪懈械|褌邪薪褌褉懈褔械褋泻懈泄|褕泻芯谢邪|泻褍谢邪|褋芯谐谢邪褋薪芯|泻褍谢邪褉薪邪胁邪-褌邪薪褌褉邪
PRES_8e0d2df4b1,屑懈褎|屑邪褏懈褕邪褋褍褉邪屑邪褉写邪薪褜|写械胁懈斜褏邪谐邪胁邪褌|泻邪谢懈泻邪-锌褍褉邪薪
PRES_932ae951cd,褋邪薪褋泻褉懈褌|锌懈褋褜屑芯|锌芯褋谢械写芯胁邪褌械谢褜薪褘泄|褎芯薪械褌懈褔械褋泻懈泄|褌褉邪薪褋泻褉懈锌褑懈褟
PRES_9ade78ff58,芯褔械褉泻|褑械泄谢芯薪|懈薪写懈褟|屑懈薪邪械胁|懈褋褌芯褔薪懈泻|泻褍谢褜褌褍褉薪褘泄|懈褋褌芯褉懈褟|懈薪写懈褟
PRES_a3301e22aa,芯斜褉邪蟹|褔邪泄褌邪薪褜褟|褌褉邪写懈褑懈芯薪薪褘泄|斜械薪谐邪谢褜褋泻懈泄|褌械泻褋褌
PRES_a40d40eed0,谢懈薪谐胁芯褎懈谢芯褋芯褎褋泻懈泄|锌邪褉邪-褌褉懈屑褕懈泻邪-胁懈胁邪褉邪褌褜|邪斜褏懈薪邪胁邪谐褍锌褌邪
PRES_a7d32d94a9,褌懈锌芯谢芯谐懈褟|褏褉邪屑芯胁褘泄|褋芯芯褉褍卸械薪懈械|褌械泻褋褌|锌褍褉邪薪褘|斜褉懈褏邪褌褋邪屑褏懈褌
PRES_c190e58dae,褟蟹褘泻|懈褋褌芯褔薪懈泻|邪褉谐褍屑械薪褌邪褑懈褟|褉邪褋褋褍卸写械薪懈械|褋邪屑斜邪薪写褏邪
PRES_c2c6d7f2b6,褝薪写芯谐邪屑懈褟|泻邪褋褌邪
PRES_c5943e6066,芯锌懈褋邪薪懈械|胁芯械薪薪褘泄|褌械褏薪懈泻邪|懈薪写懈褟|褋芯褔懈薪械薪懈械|胁械泻|泻邪谢邪褔邪泻褉邪|褌邪薪褌褉邪|褉邪写卸|褌邪屑
PRES_cb85e06342,褔械屑|薪械锌芯褋褉械写褋褌胁械薪薪芯褋褌褜|薪械锌芯褋褉械写褋褌胁械薪薪褘泄|胁芯褋锌褉懈褟褌懈械|斜褍写写懈蟹屑|褝锌懈褋褌械屑芯谢芯谐懈褟
PRES_e564be93e3,胁械谢懈泻懈泄|屑邪谢褘泄|薪邪写锌懈褋褜|邪褕芯泻
PRES_f24e720def,屑芯褋泻胁邪|屑邪褉褍写邪|褋褌邪褉褘泄|褌邪屑懈谢褜褋泻懈泄|锌芯褝蟹懈褟
PRES_08257e3ccf,邪谢褜褌械褉薪邪褌懈胁薪褘泄|褋芯褑懈邪谢褜薪褘泄|泻谢邪褋褋懈褎懈泻邪褑懈褟|锌邪谢懈|泻邪薪芯薪
PRES_08e8316d53,泻褘褉谐褘蟹|褑械薪褌褉邪谢褜薪褘泄|邪蟹懈褟|胁械泻
PRES_0fe8007200,褋邪屑芯薪邪蟹胁邪薪懈械|褕泻芯谢邪|屑邪褏邪褋邪薪谐褏懈泻-谢芯泻芯褌褌邪褉邪胁邪写懈薪
PRES_3374abc140,写胁芯泄薪芯泄|屑邪薪写邪褌褜|褌懈斜械褌|褌褉邪泻褌邪褌|胁邪泄写褍褉褜褟-泻邪褉锌芯
PRES_415fb1eb4c,褋褌械锌薪芯泄|泻芯褔械胁薪懈泻|懈褉邪薪械褑|褌褘褋|褌褘褋|褟蟹褘泻
PRES_448f6392bc,褋褌褉芯懈褌械谢褜薪褘泄|褉懈褌褍邪谢|褌械泻褋褌|胁邪褋褌褍胁懈写懈械|锌褍褉邪薪褘
PRES_506157c4da,胁褉械屑褟|斜褍写写懈蟹屑|锌褉械写邪薪懈械|胁邪褉邪薪邪褋褟
PRES_54fab21323,褌械懈褋褌懈褔械褋泻懈泄|褍褋褌邪薪芯胁泻邪|泻谢邪褋褋懈褔械褋泻懈泄|泄芯谐邪|褕胁械褌邪褕胁邪褌邪褉邪-褍锌邪薪懈褕邪写
PRES_73205188c4,芯褔懈褖械薪懈械|褌械褉薪懈泄|邪褉褌褏邪褕邪褋褌褉|写褏邪褉屑邪褕邪褋褌褉
PRES_925074e2a5,邪谐邪屑邪|懈褋褌芯褔薪懈泻|褎懈谢芯褋芯褎懈褟|褉邪写懈泻邪谢褜薪褘泄|邪写胁邪泄褌邪
PRES_a7fa4ac110,褉械褉懈褏|褋械屑褜褟|褋懈薪褑蟹褟薪
PRES_b97d25a759,屑邪薪写邪谢褘|胁邪写卸褉邪褔褏械写懈泻|泻芯谢谢械泻褑懈褟|芯写械褋褋泻懈泄|屑褍蟹械泄|蟹邪锌邪写薪褘泄|胁芯褋褌芯褔薪褘泄|懈褋泻褍褋褋褌胁芯
PRES_c305a62ca7,懈薪褋褌懈褌褍褌|谐褍褌褏懈|写褉械胁薪懈泄|褋褉械写薪械胁械泻芯胁褘泄|薪械锌邪谢
PRES_e3afc7dbb4,褌褉邪胁邪|写邪褉斜褏|褋邪屑斜芯写褏|斜褍写写邪
PRES_e9159cba78,褌褉懈胁邪写褉褍屑褋泻懈泄|褑懈泻谢
PRES_eabb2c0db9,芯褉写邪谢懈褟|写褏邪褉屑邪褕邪褋褌褉
PRES_f0655c51e6,谐芯褕褌褏懈|谐褍褌褏懈|薪邪写锌懈褋褜|谢懈褔褔褏邪胁
PRES_f15fea41e4,褌械泻褋褌|锌械褉褋芯薪邪卸|写褉械胁薪懈泄|屑邪褏邪泻邪胁懈械
PRES_f60e19e1b7,锌褉懈薪褑懈锌|褌邪屑懈谢褜褋泻懈泄|锌芯褝褌懈泻邪|邪薪褌芯谢芯谐懈褟|薪邪写卸懈薪褟
PRES_ff0d548615,褔褌芯|褋褌芯懈褌褜|褋褌懈谢褜|写邪薪写懈薪
PRES_0404e32168,褋邪褏邪褉|屑芯谢芯泻芯|邪褍褌芯-锌褉械写褋褌邪胁谢械薪懈械|懈薪写懈褟|锌械褉褋懈写褋泻懈泄|褋芯胁褉械屑械薪薪褘泄|褉械谢懈谐懈褟|泻褍谢褜褌褍褉邪|锌邪褉褋
PRES_0c496dfec3,褝胁芯谢褞褑懈褟|芯斜褉邪蟹|褉褍写褉褘泄-褕懈胁褘泄|褋胁褟褖械薪薪褘泄|褌械泻褋褌|褕褉褍褌懈褌褜
PRES_13fafa99b6,屑邪褏邪褌屑懈械|斜褏邪谐邪胁邪褌邪锌褍褉邪薪
PRES_293775e85d,锌褉芯懈褋褏芯卸写械薪懈械|泻褍谢褜褌褍褉薪褘泄|邪褉褏邪懈蟹屑|锌芯蟹写薪懈泄|褋谢芯泄|褋芯写械褉卸邪薪懈械|屑邪褏邪斜褏邪褉邪褌|胁芯懈薪褋泻懈泄|斜褉邪褌褋褌胁芯
PRES_59dba9b943,懈褋褌芯泻|褎芯褉屑褍谢邪|褋邪褌-褔懈褌-邪薪邪薪写|褍锌邪薪懈褕邪写
PRES_5e317967c2,胁邪泻褜褟锌邪写懈泄
PRES_6da6054f73,邪褌屑邪薪械锌邪写|褋邪薪褋泻褉懈褌|谐褉邪屑屑邪褌懈泻
PRES_7a09ad99d1,邪褌褏邪褉胁邪胁械写-锌邪褉懈褕懈褕褌|锌褉芯懈褋褏芯卸写械薪懈械|褉懈褌褍邪谢|薪邪褌褜褟褕邪褋褌褉
PRES_7af57f160f,芯斜褉邪蟹|锌褌懈褑邪|屑邪褋芯褔薪褘泄|褌械邪褌褉|褋懈薪谐邪谢|谢邪薪泻邪
PRES_844f6b86ea,芯斜褉邪蟹|褎邪薪褌邪褋褌懈褔械褋泻懈泄|卸懈胁芯褌薪芯械|褋褉械写薪械胁械泻芯胁褘泄|邪褉褏懈褌械泻褌褍褉邪|懈薪写懈褟
PRES_8b2df737b9,芯褉写邪谢懈褟|胁械褋|褉械蟹褍谢褜褌邪褌|胁蟹胁械褕懈胁邪薪懈械
PRES_93c2e24013,薪械芯写芯谢懈屑褘泄|斜芯谐懈薪褟|锌芯泻谢芯薪械薪懈械|褉懈褌褍邪谢褜薪褘泄|褔邪褋褌褜|泻邪谢懈泻邪-锌褍褉邪薪邪|写械褌褋泻懈泄|褑械薪褌褉|屑邪褝_褉邪薪
PRES_9b61667329,褔褌芯|褋褌芯懈褌褜|褋褌懈谢褜|写邪薪写懈薪
PRES_9d84234785,褌械褉屑懈薪芯谢芯谐懈褟|谐褉邪屑屑邪褌懈泻邪|褝薪褑懈泻谢芯锌械写懈褟|邪斜褏懈写褏邪褉屑邪|胁邪褋褍斜邪薪写褏
PRES_9e65f5de1e,写褉褍谐芯泄|褋邪胁懈褌械褉械褌褜|褋泻邪蟹邪薪懈械|褋邪胁懈褌械褉械褌褜|邪薪写褏褉邪屑邪褏邪斜褏邪褉邪褌
PRES_9ffe685fd2,胁谢懈褟薪懈械|褉械谢懈谐懈芯蟹薪芯-褎懈谢芯褋芯褎褋泻懈泄|写芯泻褌褉懈薪邪|褌胁芯褉褔械褋褌胁芯|泻邪斜懈褉|蟹邪泻褉褘褌懈械|泻芯薪褎械褉械薪褑懈褟
PRES_a9e0852a8d,褌褉邪写懈褑懈褟|屑褘褋谢懈褌械谢褜|斜械薪谐邪谢褜褋泻懈泄|胁芯蟹褉芯卸写械薪懈械
PRES_b3e877cd66,蟹芯芯屑芯褉褎薪褘泄|褋懈屑胁芯谢懈泻邪|锌褉芯褌芯懈薪写懈泄褋泻懈泄|褌械泻褋褌
PRES_c05d6f805a,褌邪泻|褔褌芯|褌邪泻芯泄|泻邪褉屑邪|褋锌斜谐褍|胁芯褋褌芯褔薪褘泄|褎邪泻褍谢褜褌械褌|邪褍写
PRES_c23e6409da,褟蟹褘泻|褋褌懈谢褜|褝锌懈褔械褋泻懈泄|褉懈褕
PRES_cac5d44443,褋懈屑胁芯谢懈泻邪|谢邪写褜褟|褉懈谐胁械写邪|蟹械谢械薪褘泄|蟹邪谢|懈胁褉_褉邪薪
PRES_d5a74ed7f6,薪邪褉芯写薪褘泄|褌械邪褌褉|写卸邪褌褉|褎芯褉屑懈褉芯胁邪薪懈械|薪芯胁褘泄|斜械薪谐邪谢褜褋泻懈泄|谢懈褌械褉邪褌褍褉邪
PRES_e4b6786e6b,褋褉邪胁薪懈胁邪褌褜|懈薪写懈褟|蟹邪锌邪写薪褘泄|褝锌懈褋褌械屑芯谢芯谐懈褟|褋芯蟹写邪薪懈械|屑械褌芯写芯谢芯谐懈褟|泻芯屑锌邪褉邪褌懈胁薪褘泄
PRES_fea1defc8d,屑薪芯卸械褋褌胁芯|卸懈蟹薪褜|锌芯褝屑邪|褌褍谢褋懈|写邪褋|褋芯胁褉械屑械薪薪褘泄|斜褘褌芯胁邪薪懈械|褉邪屑邪褔邪褉懈褌邪屑邪薪邪褋
PRES_ff28a9ff47,泻芯薪褑械锌褌|懈褕胁邪褉邪|斜褏邪谐邪胁邪写谐懈褌邪
PRES_2ec1e17cb0,斜褍写写懈蟹屑|褋胁褟褌褘薪褟|蟹邪锌懈褋泻邪|褋褞邪薪褜-褑蟹邪薪邪|锌芯褋褌褉芯械薪懈械|褌械泻褋褌
PRES_3ec7076b0a,褋芯芯褌薪芯褕械薪懈械|褔懈褋褌褘泄|蟹械屑谢褟|薪械褔懈褋褌褘泄|蟹械屑谢褟|褔懈褋褌褘泄|薪邪褉芯写|薪械褔懈褋褌褘泄|薪邪褉芯写|屑邪薪褍褋屑褉懈褌懈|邪褉褌褏邪褕邪褋褌褉|泻邪褍褌懈谢褜褟
PRES_405fb6e1fc,屑懈褎|锌褉芯褋褌褉邪薪褋褌胁芯|胁褉械屑褟|邪谢褌邪泄褋泻懈泄|薪邪褉芯写
PRES_4fc95cdd1b,屑邪褏邪斜褏邪褉邪褌|褕邪褋褌褉|褉邪薪薪懈泄|懈薪写懈褟|褝锌懈谐褉邪褎懈泻邪
PRES_51d2d7154d,褌懈斜械褌|写卸邪褌邪泻邪|屑邪谢谢懈泻|懈褋褌芯泻|芯斜褉邪蟹|斜褏邪胁邪褔邪泻褉邪
PRES_53b81c004f,锌懈褋褜屑芯|泻褍谢褜褌褍褉邪|斜邪泻褌褉懈褟|懈薪写懈褟|屑薪芯谐芯褟蟹褘褔薪褘泄|薪邪写锌懈褋褜|褋芯褑懈芯褋泻褉懈锌褌芯褉懈泻
PRES_5889e63ab3,褎懈褋邪屑邪褌|芯谢褜胁懈泄褋泻懈泄|写械泻褉械褌|褔械褋褌褜|锌褉芯褌芯谐械薪
PRES_64abe774d2,芯褉写邪谢懈褟|褉邪褋泻邪谢懈褌褜|屑芯薪械褌邪|褕邪褋褌褉懈褔械褋泻懈泄|褌械泻褋褌|褋胁懈写械褌械谢褜褋褌胁芯|懈褋锌褘褌邪薪懈械
PRES_6d5c58b0b0,锌褉芯褋褌褉邪薪褋褌胁芯|芯锌懈褋邪薪懈械|褋褌褉芯懈褌械谢褜薪褘泄|褌褉邪泻褌邪褌|锌褍褉邪薪褘
PRES_6dadb0e4d7,褝褌懈屑芯谢芯谐懈褟|薪懈褉褍泻褌|泻邪褔械褋褌胁芯|谐械褉屑械薪械胁褌懈褔械褋泻懈泄|薪邪褍泻邪|泻邪褕屑懈褉褋泻懈泄|褕懈胁邪懈蟹屑
PRES_6f1e98755f,邪斜褏懈褋邪屑邪褟谢邪薪泻邪褉|锌械褉胁褘泄|褌褉懈|谐谢邪胁邪|褔械褌胁械褉褌褘泄|褋芯蟹薪邪薪懈械|褌胁芯褉懈褌褜|褉械邪谢褜薪芯褋褌褜
PRES_77d4fd8170,褌械褉屑懈薪|薪邪屑邪褉褍锌|褌褏械褉邪胁邪写懈薪褋泻懈泄|泻芯屑屑械薪褌邪褌芯褉褋泻懈泄|谢懈褌械褉邪褌褍褉邪
PRES_96f005355d,屑邪褏邪斜褏邪褉邪褌|褌邪屑懈谢褜褋泻懈泄|锌芯褝蟹懈褟
PRES_9cec165a1d,褉懈褌褍邪谢|锌芯屑邪蟹邪薪懈械|褑邪褉褜|褑邪褉褋褌胁芯|褟写卸薪褟胁邪谢泻懈械-褋屑褉懈褌懈
PRES_a38177a26d,斜褏邪泻褌邪屑邪褉邪-褋褌芯褌褉|写卸邪泄薪褋泻懈泄|褌褉邪写懈褑懈褟
PRES_d991c450bc,蟹械褉泻邪谢芯|泻芯薪械褑|懈谢谢褞蟹懈褟|懈褋褌芯褉懈褟|泻芯薪褑械锌褑懈褟|泻邪褕屑懈褉褋泻懈泄|褕懈胁邪懈蟹屑
PRES_dc9fbd292b,胁芯褋褌芯泻芯胁械写|褞褉懈泄_褉械褉懈褏|薪邪褔邪谢芯|锌褍褌褜|薪邪褍泻邪
PRES_dcfff95b9e,褋褉邪胁薪懈褌械谢褜薪褘泄|芯锌懈褋邪薪懈械|斜褍写写懈蟹屑|屑芯薪邪褏懈薪褟|褌懈斜械褌|泻懈褌邪泄褋泻懈泄|褟锌芯薪褋泻懈泄|邪谐懈芯谐褉邪褎懈褔械褋泻懈泄|谢懈褌械褉邪褌褍褉邪
PRES_df7b4cf816,懈褋褌芯褉懈泻芯-泻褍谢褜褌褍褉薪褘泄|褋懈屑胁芯谢懈泻邪|薪邪褑懈芯薪邪谢褜薪褘泄|褎谢邪谐|薪械锌邪谢
PRES_f457799a1b,胁芯蟹屑芯卸薪褘泄|斜褍写写懈蟹屑|锌邪褉邪谢谢械谢褜|薪芯胁芯蟹邪胁械褌薪褘泄|锌邪褋褋邪卸
PRES_1a48b15a55,褞卸薪褘泄|锌芯褏芯写|谢懈褔褔褏邪胁|蟹械谢械薪褘泄|蟹邪谢|褋锌斜褎|懈胁_褉邪薪|写胁芯褉褑芯胁褘泄|薪邪斜
PRES_22c7444e36,褋懈屑胁芯谢懈褔械褋泻懈泄|屑芯写械谢褜|邪斜褋芯谢褞褌薪褘泄|褋芯蟹薪邪薪懈械|褉械谢懈谐懈芯蟹薪芯-屑懈褋褌懈褔械褋泻懈泄|褎懈谢芯褋芯褎懈褟|泻邪褕屑懈褉褋泻懈泄|褕懈胁邪懈蟹屑|屑械褌芯写芯谢芯谐懈褔械褋泻懈泄
PRES_2cb004016e,锌芯褋胁褟褖械薪懈械|蟹薪邪薪懈械|屑褍写褉芯褋褌褜|谐褍褏褜褟褋邪屑邪写卸邪褌邪薪褌褉邪|芯褋薪芯胁邪|褋锌斜谐褍|胁芯褋褌芯褔薪褘泄|褎邪泻褍谢褜褌械褌|邪褍写
PRES_422410f9af,锌褉芯懈褋褏芯卸写械薪懈械|邪褌芯屑懈蟹屑|谢懈薪谐胁懈褋褌懈泻邪|谐懈锌芯褌械蟹邪
PRES_523a56fd5b,泻芯薪褑械锌褑懈褟|懈褕胁邪褉邪|泻谢邪褋褋懈褔械褋泻懈泄|泄芯谐邪|泻邪褕屑懈褉褋泻懈泄|褕懈胁邪懈蟹屑
PRES_5579f7916f,褋泻邪蟹邪薪懈械|懈薪写械泄褋泻懈泄|褑邪褉褋褌胁芯|懈褋褌芯褔薪懈泻|锌褉械写褋褌邪胁谢械薪懈械|懈薪写懈褟|写褉械胁薪懈泄|褉褍褋褜
PRES_5b4245709b,泻芯褉芯胁懈泄|胁芯泄薪邪|褋泻芯褌芯胁芯写褔械褋泻懈泄|褝锌芯褋|薪邪褉芯写|褑械薪褌褉邪谢褜薪褘泄|懈薪写懈褟|写械泻邪薪
PRES_6213023bf5,褋邪褌-褔懈褌-邪薪邪薪写|屑芯褋褌|屑械卸写褍|褏褉懈褋褌懈邪薪褋褌胁芯|懈薪写褍懈蟹屑
PRES_6e5ecd56b8,泻谢邪褋褋懈褎懈泻邪褑懈褟|褏褉邪屑芯胁褘泄|褋芯芯褉褍卸械薪懈械|胁懈褕薪褍写褏邪褉屑芯褌褌邪褉邪-锌褍褉邪薪邪
PRES_7323c9c9b1,褋褞卸械褌|褝锌懈褔械褋泻懈泄|褕邪泻褍薪褌邪谢褘泄
PRES_7efa09f3b2,褋泻邪蟹懈褌械谢褜|屑褍蟹褘泻邪薪褌|褌邪薪褑芯褉|锌褉芯懈褋褏芯卸写械薪懈械|泻邪褋褌芯胁褘泄|写褏邪褉屑邪|褌邪泻|薪邪蟹褘胁邪褌褜|泻邪褌褏邪泻|褉邪写卸邪褋褌褏邪薪
PRES_86c16283af,褉邪薪薪械胁懈褕薪褍懈褌褋泻懈泄|胁械写邪薪褌邪
PRES_9550fd0f6b,懈薪写懈褟|褌械泻褋褌|懈薪写懈褟|写懈邪褋锌芯褉邪
PRES_9627d4dfc0,胁芯褋褌芯泻|蟹邪锌邪写|褉褍褋褋泻懈泄|锌械褉械胁芯写
PRES_96f8e44e84,邪斜褏懈写褏邪褉屑邪|邪斜褏懈胁懈薪褘泄|胁蟹谐谢褟写|褋褌芯褉芯薪邪|写胁邪|褉邪薪薪械斜褍写写懈泄褋泻懈泄|褌褉邪写懈褑懈褟|屑邪褝|褍薪懈胁械褉褋懈褌械褌褋泻懈泄|薪邪斜|写械褌褋泻懈泄|褑械薪褌褉
PRES_9b2118961f,懈泻芯薪芯谐褉邪褎懈褔械褋泻懈泄|褌懈锌|斜褉芯薪蟹芯胁褘泄|芯斜褉邪蟹|薪邪褌邪褉邪写卸|褋谢芯卸械薪懈械|泻谢邪褋褋懈褎懈泻邪褑懈褟
PRES_9bda829b36,胁械写懈泄褋泻懈泄|褕懈褉芯泻懈泄|胁芯写薪褘泄|锌褉芯褋褌褉邪薪褋褌胁芯|褌械泻褋褌|褋邪屑褏懈褌
PRES_9e464b8281,泻薪懈谐邪|锌芯斜芯懈褖械|锌邪谢懈褑邪|屑邪褏邪斜褏邪褉邪褌
PRES_a05b916ad8,芯褉写邪谢懈褟|芯褋胁褟褌懈褌褜|胁芯写邪
PRES_a5cd9e04c7,褟蟹褘泻|斜芯谐懈薪褟|泻邪谢懈
PRES_aa2399a11e,锌邪谢芯屑薪懈褔械褋褌胁芯|泻邪谢懈泻邪-锌褍褉邪薪邪
PRES_ad9e0be839,屑邪褏懈褕邪褋褍褉邪屑邪褉写懈薪懈褌褜|写械胁褘-胁芯懈褌械谢褜薪懈褑邪
PRES_b3dcf19ef2,懈薪写芯械胁褉芯锌械泄褋泻懈泄|褎芯褉屑褍谢邪|褏褉邪薪懈褌褜|屑褍卸|褋泻芯褌|胁械写懈泄褋泻懈泄|锌芯褋褌胁械写懈泄褋泻懈泄|褌械泻褋褌
PRES_beb45aac0a,褉邪屑邪褟薪邪|泻褉懈褌褌懈斜邪褋|芯写卸褏邪|泻褍谢褜褌褍褉邪|斜械薪谐邪谢懈褟|胁械泻
PRES_c1761df1ca,写褉械胁薪懈泄|褌懈斜械褌|褋斜芯褉薪懈泻|褌械泻褋褌|泻褍谢褜褌|屑邪褏邪泻邪谢|胁懈褕薪褍|褉褍泻芯锌懈褋薪褘泄|泻芯谢谢械泻褑懈褟|懈胁褉_褉邪薪
PRES_d7d30097a4,褌械褉屑懈薪芯谢芯谐懈褟|褋褍褎懈泄褋泻懈泄|锌褉芯锌芯胁械写褜|锌邪写屑邪胁邪褌|屑邪谢懈泻邪|屑褍褏邪屑屑邪写|写卸邪褟褋褜
PRES_e0b8b1bdd4,薪芯胁褘泄|芯褌泻褉褘褌懈械|谐芯薪褍褉-褌械锌邪|锌褉械写胁邪褉懈褌械谢褜薪褘泄|褋芯芯斜褖械薪懈械
PRES_e2499adc9f,褋芯芯褌薪芯褕械薪懈械|褝褌懈泻邪|蟹薪邪薪懈械|泄芯谐邪|懈薪写褍懈褋褌褋泻懈泄|褌邪薪褌褉邪
PRES_e62ebf0bd0,芯锌褉械写械谢械薪懈械|褌械褉屑懈薪|写卸邪褌邪泻邪|锌邪谢懈|泻邪薪芯薪
PRES_e85f779ed9,褍褉芯胁械薪褜|褋屑褘褋谢|褌械泻褋褌|褕邪褋褌褉|泻芯薪褑械锌褌|锌芯薪褟褌懈械
PRES_f5b1c223f2,褌褉邪写懈褑懈芯薪薪褘泄|褌械泻褋褌|屑褘褋谢懈褌械谢褜|斜械薪谐邪谢褜褋泻懈泄|胁芯蟹褉芯卸写械薪懈械
PRES_080e848a5a,褋泻懈褎褋泻懈泄|褋谢芯胁芯|邪胁械褋褌
PRES_0c60ccad75,薪芯胁褘泄|谐械褉邪褋懈屑|谢械斜械写械胁
PRES_2e725b44b8,褋褑械薪邪|锌褉懈械屑|谐芯褋褌褜|写褉械胁薪懈泄|屑邪褏邪泻邪胁懈械
PRES_32d7da4752,胁芯褋锌褉懈褟褌懈械|褌械谢械褋薪芯褋褌褜|斜褍写写懈蟹屑|褋芯胁褉械屑械薪薪褘泄|泻芯谐薪懈褌懈胁薪褘泄|泻芯薪褑械锌褑懈褟|芯褌械谢械褋薪械薪薪褘泄
PRES_3edd502801,锌芯薪懈屑邪薪懈械|褌械褉屑懈薪|褞卸薪芯斜褍写写懈泄褋泻懈泄|褌褉邪写懈褑懈褟
PRES_3f0b9488ec,芯斜芯蟹薪邪褔械薪懈械|锌褉芯褋褌褉邪薪褋褌胁芯|屑械褉邪|褔懈褋谢芯|褌褉邪泻褌邪褌|褋褌褉芯懈褌械谢褜褋褌胁芯|锌褍褉邪薪褘
PRES_4370a58a1d,邪褉褏械芯谢芯谐懈褟|褉邪薪薪械斜褍写写懈泄褋泻懈泄|写芯泻褌褉懈薪邪谢褜薪褘泄|褌械泻褋褌|褌械泻褋褌|斜褍写写褏邪泻褕械褌褉|屑邪褏邪胁邪褋褌邪
PRES_4b0c3f7190,褔褌芯|褍褔懈褌褜|褔械谢芯胁械泻|写邪褋褜褟|褉邪薪薪懈泄|胁械写懈泄褋泻懈泄|褌械泻褋褌
PRES_4b995fc30a,褏褉芯薪芯谢芯谐懈褟|谐械薪械邪谢芯谐懈褟|褋邪薪褋泻褉懈褌|褌械泻褋褌
PRES_4d8a99c131,褑邪褉褋泻懈泄|薪邪谢芯卸薪懈褑邪|褋邪薪褋泻褉懈褌|邪薪褌懈褔薪褘泄|懈褋褌芯褔薪懈泻
PRES_4f8af0d986,褋邪褌褌褉懈褟|褋芯蟹写邪薪懈械|泻谢邪褋褋懈褔械褋泻懈泄|褌邪薪械褑|褋芯胁褉械屑械薪薪褘泄|邪褋褋邪屑
PRES_50a29145a7,褌褉邪写懈褑懈褟|胁械褉芯褌械褉锌懈屑芯褋褌褜|褍薪懈胁械褉褋邪谢懈蟹屑|写褉械胁薪懈泄|褋褉械写薪械胁械泻芯胁褘泄|懈薪写懈褟
PRES_54207a1735,泻邪蟹邪泻谢褘泻|褋芯褑懈邪谢褜薪褘泄|褟胁谢械薪懈械
PRES_58b20ea2d8,胁械谢懈泻芯斜褉懈褌邪薪懈褟|褋褞卸械褌|褉械谢懈谐懈褟|芯斜褉邪褖械薪懈械|锌邪谢懈|褋褉械写薪械胁械泻芯胁褘泄|懈褉谢邪薪写褋泻懈泄|谢懈褌械褉邪褌褍褉邪|薪邪褉褉邪褌懈胁薪褘泄|褌褉邪写懈褑懈褟
PRES_8b7b0bd5f3,褋懈屑胁芯谢懈泻邪|谐芯褉邪|屑褝褉
PRES_93f67f4d24,芯斜械褌|泻褍谢褜褌|泻邪褔邪
PRES_96ae1b26ae,芯褌褉邪卸械薪懈械|芯锌锌芯蟹懈褑懈褟|褋胁芯泄|褔褍卸芯泄|褌褉邪写懈褑懈芯薪薪褘泄|锌褉械写褋褌邪胁谢械薪懈械|蟹械屑谢械锌芯谢褜蟹芯胁邪薪懈械|泻芯褔械胁薪懈泻|褑械薪褌褉邪谢褜薪褘泄|邪蟹懈褟
PRES_a3fc81f164,褞褉懈泄_褉械褉懈褏|屑芯薪芯谐褉邪褎懈褟|褌懈斜械褌|卸懈胁芯锌懈褋褜
PRES_a4b8fa4547,锌褉懈械屑|锌芯褔械褌薪褘泄|谐芯褋褌褜-邪褌懈褌褏懈|褋邪薪褋泻褉懈褌|褌械泻褋褌芯胁褘泄|褌褉邪写懈褑懈褟|写褏邪褉屑邪褋褍褌褉邪|邪锌邪褋褌邪屑斜
PRES_a775399ae0,褉械褉懈褏|胁薪褍褌褉械薪薪懈泄|屑芯薪谐芯谢懈褟
PRES_b65c83f7a3,薪械褋泻芯谢褜泻芯|懈薪写懈褟|褋谢芯胁芯|锌械褉械写邪褔邪|邪薪褌懈褔薪褘泄|邪胁褌芯褉
PRES_c02c773749,泻懈械胁|泻芯屑锌芯蟹懈褑懈芯薪薪褘泄|薪邪屑褌邪褉邪|写械褟薪懈械|斜褍写写邪|褕邪泻褜褟屑褍薪褜|褌懈斜械褌|褌褉邪写懈褑懈褟|褌邪薪谐泻邪|卸懈褌懈泄薪褘泄|褋械褉懈褟|屑褍蟹械泄|褍泻褉邪懈薪邪
PRES_c3f9d9861b,写邪褉写|褋褌褉邪薪邪|写邪褉写|褉邪写卸邪褌邪褉邪薪谐懈薪褟|泻邪谢褏邪薪
PRES_c4f67633f5,泻褌芯|谐芯胁芯褉懈褌褜|褌芯谢泻芯胁邪薪懈械|懈褋褌芯褔薪懈泻|褉械褔褜|懈薪写褍懈褋褌褋泻懈泄|褌邪薪褌褉邪
PRES_e290493a42,褋懈褌褍邪褑懈褟|褍褏芯写|谐械褉芯泄|泻谢邪褋褋懈褔械褋泻懈泄|褌邪屑懈谢褜褋泻懈泄|锌芯褝蟹懈褟
PRES_e90c15b88c,芯斜褉邪蟹|写邪泻懈薪褟|褟锌芯薪懈褟
PRES_e9f41a40c8,褋薪芯胁懈写械薪懈械|芯褕懈斜芯褔薪褘泄|写械泄褋褌胁懈械|薪邪褌邪泻邪|斜褏邪褋|褋胁邪锌薪邪胁邪褋邪胁邪写邪褌褌
PRES_ea0097faa8,泻懈褌邪泄褋泻懈泄|锌械褉械胁芯写|谢邪谢懈褌邪胁懈褋褌邪褉邪|懈褋褌芯褔薪懈泻|懈褋褌芯褉懈褟|褌械泻褋褌
PRES_eda7195a4d,薪械锌邪谢|泻芯薪褎械褋褋懈芯薪邪谢褜薪褘泄|泻芯屑锌褉芯屑懈褋褋|褋械泻褍谢褟褉懈蟹屑|褕褌褉懈褏|懈褋褌芯褉懈褟|写褍褏芯胁薪褘泄|泻褍谢褜褌褍褉邪
PRES_fca193c4c1,褎懈谢芯褋芯褎懈褟|锌褉懈谢芯卸械薪懈械|褕懈泻褕邪|泻邪褕屑懈褉褋泻懈泄|褕懈胁邪懈蟹屑
PRES_fe7f9d9625,褞褉懈泄_褉械褉懈褏|懈褋褋谢械写芯胁邪褌械谢褜|褌懈斜械褌|褟蟹褘泻
PRES_0139c59bb9,泻芯薪褑械锌褑懈褟|褋芯胁械褉褕械薪薪褘泄|褔械谢芯胁械泻|褌胁芯褉褔械褋褌胁芯|薪邪褉芯写薪褘泄|锌械胁械褑|斜邪褍谢
PRES_09706e2e82,锌褋懈褏懈泻邪|褋芯蟹薪邪薪懈械|锌械褉械胁芯写|斜褍写写懈蟹屑|褌械褉屑懈薪|褔懈褌褌邪|胁懈写卸薪褟薪
PRES_0e0cf8bb17,褋邪薪褋泻褉懈褌|泻胁邪薪褌懈褌邪褌懈胁薪褘泄|褋褌懈褏芯褌胁芯褉薪褘泄|褉邪蟹屑械褉|褉械泻芯薪褋褌褉褍泻褑懈褟|褔褌械薪懈械
PRES_15b019aa75,薪械懈蟹胁械褋褌薪褘泄|褉械褔械胁芯泄|褋懈薪谐邪谢|谢邪薪泻邪
PRES_1c0edf1c85,屑懈褎|胁械褌邪谢邪|斜褏邪泄褉邪胁邪|泻邪谢懈泻邪-锌褍褉邪薪邪
PRES_1cd65d2e59,褋芯胁褉械屑械薪薪褘泄|写卸邪褌褉|胁芯蟹胁褉邪褖械薪懈械|懈褋褌芯泻
PRES_1e77ef9490,懈薪写懈褟|褝锌芯褋|写褏芯谢邪-屑邪褉邪|褋泻邪蟹泻邪|褑邪褉褜|褋邪谢褌邪薪邪|锌褍褕泻懈薪
PRES_3bd08e341f,褋褞卸械褌|胁芯锌谢芯褖械薪懈械|胁懈褕薪褍|褎芯谢褜泻谢芯褉薪褘泄|褌械泻褋褌|褌械谢褍谐褍|屑邪褌褋褜褟胁邪褌邪褉
PRES_53f8bd860a,褉邪谐褏褍胁邪薪褕邪|泻邪谢懈写邪褋|谐谢邪蟹|褌邪屑懈谢懈褋褌褘泄
PRES_54a32921dc,褋褉邪胁薪懈褌械谢褜薪褘泄|谐械薪械蟹懈褋|褉械褎谢械泻褋懈褟|懈薪写懈褟|械胁褉芯锌械泄褋泻懈泄|褎懈谢芯褋芯褎懈褟|褌褉邪写懈褑懈褟|胁懈蟹褍邪谢褜薪褘泄|谢懈薪谐胁懈褋褌懈泻邪|写械褌械褉屑懈薪邪薪褌
PRES_627e94e1ab,褌械泻褋褌|泻褍谢褜褌|胁懈褕薪褍-薪邪褉邪褋懈屑褏邪|褌懈斜械褌|褋胁懈褌泻邪|胁械泻
PRES_6a263265ac,芯褉写邪谢懈褟|褉邪褋泻邪谢懈褌褜|屑芯薪械褌邪|褌械泻褋褌|褉械邪谢褜薪芯褋褌褜
PRES_78a007f5fb,写褉械胁薪械懈薪写懈泄褋泻懈泄|锌褉邪泻褌懈泻邪|芯斜褍褔械薪懈械|胁械写懈泄褋泻懈泄|褌械泻褋褌
PRES_7e41374eb0,褋褞卸械褌|锌芯斜芯懈褖械|锌邪谢懈褑邪|屑邪褍褋邪谢邪锌邪褉胁邪|写卸邪褌邪泻邪|谐褏邪褌邪-锌邪薪写懈褌|褌邪屑
PRES_90b364f351,褌械泻褋褌|懈薪写懈褟|写懈邪褋锌芯褉邪|锌芯褝蟹懈褟|写邪谢写卸懈褌芯|薪邪谐褉邪
PRES_99bd862130,褋械屑邪薪褌懈泻邪|谐谢邪谐芯谢褜薪褘泄|泻芯褉械薪褜|锌褉芯斜谢械屑邪褌懈泻邪|写褍褏芯胁薪褘泄|芯褋胁芯斜芯卸写械薪懈械|胁械写懈泄褋泻懈泄|褍锌邪薪懈褕邪写
PRES_a80206461e,褌懈锌芯胁芯泄|屑芯褌懈胁-褋懈褌褍邪褑懈褟|屑邪褏邪斜褏邪褉邪褌
PRES_a80b13caa7,写胁邪|褋锌芯褋芯斜|懈薪写懈褟|褌邪薪械褑|锌褉芯谐褉邪屑屑邪|胁芯蟹屑芯卸薪褘泄|懈蟹屑械薪械薪懈械
PRES_a873570c30,锌芯褌械薪褑懈邪谢褜薪褘泄|邪泻褌褍邪谢褜薪褘泄|斜褍写写懈蟹屑|褍褔械薪懈械|胁芯褋锌褉懈褟褌懈械
PRES_d01c9d783a,褎褍薪泻褑懈褟|褉懈褌褍邪谢|锌邪薪谐褏褍|锌谢械屑褟|褉邪褌褏胁
PRES_d49c9ef5f0,褍薪懈泻邪谢褜薪芯褋褌褜|锌褉懈褉芯写邪|褔械谢芯胁械褔械褋泻懈泄|写褍褕邪|褎懈谢芯褋芯褎懈褟|褋懈褋褌械屑邪|褟屑褍薪邪褔邪褉褜褟
PRES_e04db7cf0d,邪褉褏械芯谢芯谐懈褟|褉邪薪薪械斜褍写写懈泄褋泻懈泄|写芯泻褌褉懈薪邪谢褜薪褘泄|褌械泻褋褌|谐谢邪胁邪|斜褍写写褏邪泻褕械褌褉|锌芯谢械|斜褍写写邪|屑邪褏邪胁邪褋褌邪
PRES_e1b0ef7cfb,写懈褋泻褍褋褋懈褟|褔械褌褘褉械|斜谢邪卸械薪褋褌胁芯|褋褌褉邪褌械谐懈褟|懈褋褌懈薪薪褘泄|锌褉懈褉芯写邪|褉械邪谢褜薪芯褋褌褜|锌芯褋胁褟褖械薪懈械|褏械胁邪写卸褉-褌邪薪褌褉邪|褋锌斜谐褍|胁芯褋褌芯褔薪褘泄|褎邪泻褍谢褜褌械褌|邪褍写
PRES_f7c2f21e54,泻芯薪褑械锌褑懈褟|懈谐褉邪|懈薪写懈褟|褌褉邪写懈褑懈褟|泻褉懈写邪褟薪懈泻|薪邪褌褜褟褕邪褋褌褉
PRES_f94674cd5c,褑邪褉懈褑邪|写胁芯褉褑芯胁褘泄|锌邪褉泻邪|褌邪屑
PRES_fbd84f6b96,褟蟹褘泻|斜芯谐懈薪褟|泻邪谢懈|胁邪褋懈谢褜泻芯胁|褝锌懈褔械褋泻懈泄|谐械褉芯泄|斜芯谐|屑邪褏邪斜褏邪褉邪褌|褌芯谢褜泻芯
PRES_0b727f138c,褋谢芯胁械褋薪褘泄|褎懈谐褍褉邪|锌褉懈薪褑懈锌|薪械锌褉褟屑芯泄|胁褘褋泻邪蟹褘胁邪薪懈械|胁邪泻褉芯泻褌褜|褋褉械写薪械胁械泻芯胁褘泄|锌芯褝褌懈泻邪
PRES_216606ed4c,褍褔械薪懈械|邪胁邪褌邪褉|胁懈褕薪褍|写械胁懈斜褏邪谐邪胁邪褌邪-锌褍褉邪薪邪
PRES_36278778ba,屑懈褎芯谢芯谐懈褟|褋械胁械褉薪褘泄|屑褍薪写邪|懈褋褌芯褔薪懈泻|褉械泻芯薪褋褌褉褍泻褑懈褟|褋褞卸械褌|褋芯蟹写邪薪懈械|褔械谢芯胁械泻|薪邪褋械谢械薪懈械|械胁褉邪蟹懈泄褋泻懈泄|褋褌械锌褜|褝锌芯褏邪|斜褉芯薪蟹邪
PRES_37530fdf34,胁械褋薪邪|褋褌邪褉褘泄|褌邪屑懈谢褜褋泻懈泄|锌芯褝蟹懈褟
PRES_37ec1a3fd3,泻芯屑锌芯蟹懈褑懈褟|胁褋褌褍锌懈褌械谢褜薪褘泄|谐谢邪胁邪|褋泻邪蟹邪薪懈械|褕邪泻褍薪褌邪谢邪
PRES_4f6dd44b06,斜褍写写邪|锌褉懈谐芯褉芯写|褏邪薪懈褎|泻褍褉械泄褕邪|懈屑屑懈谐褉邪薪褌褋泻懈泄|褌械泻褋褌|懈薪写芯-斜褉懈褌邪薪褋泻懈泄|谢懈褌械褉邪褌褍褉邪
PRES_5291787a3f,锌褉懈械屑|锌芯褔械褌薪褘泄|谐芯褋褌褜-邪褌懈褌褏懈|写褉械胁薪械懈薪写懈泄褋泻懈泄|褉懈褌褍邪谢褜薪褘泄|褌械泻褋褌
PRES_5816bc342a,褋懈屑胁芯谢|褋懈写写褏邪屑|屑邪薪谐邪谢邪-褕谢芯泻邪褏邪|褋邪薪褋泻褉懈褌|褉褍泻芯锌懈褋褜
PRES_59bc8c1ec8,懈薪写懈褟|锌芯褝蟹懈褟|泄邪褎懈懈褌|褞卸薪褘泄|邪褉邪胁懈褟
PRES_5b9c7fa5b6,褋邪薪褋泻褉懈褌懈蟹邪褑懈褟|褎懈谢芯褋芯褎懈褟|褟蟹褘泻芯胁芯泄|锌芯谢懈褌懈泻邪
PRES_5b9d992a66,锌芯谢械屑懈褔械褋泻懈泄|写懈褋泻褍褉褋|懈薪写懈褟|褉械谢懈谐懈芯蟹薪芯-褎懈谢芯褋芯褎褋泻懈泄|褌褉邪写懈褑懈褟
PRES_5deb828215,褋褍褖械褋褌胁芯胁邪褌褜|锌褋懈褏芯褎懈蟹懈褔械褋泻懈泄|斜褍写写懈蟹屑
PRES_61eb101383,锌芯褝褌懈褔械褋泻懈泄|卸邪薪褉|懈薪写懈褟|谢懈褌械褉邪褌褍褉邪|褌懈斜械褌|斜褍写写懈蟹屑|泻邪薪芯薪
PRES_66b3645128,锌械褉胁褘泄|褏褉懈褋褌懈邪薪褋泻懈泄|屑懈褋褋懈芯薪械褉|懈薪写懈褟
PRES_6b5321239f,泻芯薪褑械锌褌|泻邪褋褌芯胁褘泄|懈写械芯谢芯谐懈褟
PRES_77ba89aeed,斜褍写写懈蟹屑|褞薪谐懈邪薪褋褌胁芯
PRES_7a0616cdc7,屑械褌邪褎芯褉邪|屑邪褏邪斜褏邪褉邪褌
PRES_81e4f6fe0b,褔械褌胁械褉褌褘泄|谐谢邪胁邪|邪斜褏懈褋邪屑邪泄-邪谢邪薪泻邪褉邪
PRES_9cc7f0b54c,邪斜褏懈褕械泻邪-锌邪褌邪谢械|褏械胁邪写卸褉-褌邪薪褌褉邪|褋芯谐谢邪褋薪芯|屑褍泻褌邪胁邪谢懈褏械胁邪写卸褉邪锌邪薪褜写卸懈泻|褉邪褌薪邪泻邪褉邪褕邪薪褌懈
PRES_9ec34b2c0f,褋褌褉芯褎邪|斜芯写褏懈褔懈褌褌邪|胁褌芯褉芯泄|谐谢邪胁邪|谐褍褏褜褟褋邪屑邪写卸|褌邪薪褌褉邪
PRES_9f66f4e714,褝薪械褉谐懈泄薪褘泄|锌褉邪谐屑邪褌懈蟹屑|褌邪屑懈谢褜褋泻懈泄|泻褍谢褜褌褍褉邪
PRES_b9333b3423,褟褉芯褋褌褜|褉褍褕写懈褌褜
PRES_c511412335,谐械褉邪褋懈屑|谢械斜械写械胁|斜褉懈褌邪薪褋泻懈泄|褝谢懈褌邪|泻芯谢芯薪懈邪谢褜薪褘泄|泻邪谢褜泻褍褌褌邪
PRES_cb03ffd1cc,锌芯谢芯胁芯蟹褉邪褋褌薪芯泄|褋褌褉邪褌懈褎懈泻邪褑懈褟|芯斜褖械褋褌胁芯|胁械写懈泄褋泻懈泄|褌械泻褋褌
PRES_d1ddc8c000,褋谢械写芯胁邪褌褜|胁芯谢褟|蟹胁械蟹写邪|懈薪写懈褟|邪褋褌褉芯谢芯谐懈褟|锌褉邪泻褌懈泻邪|锌褉械写褋泻邪蟹邪薪懈械|褋褌懈褏懈泄薪褘泄|斜械写褋褌胁懈械
PRES_d8c8a0e9b4,写褉邪褍锌邪褋褌褜|蟹邪谢|褋芯斜褉邪薪懈械|斜芯谐|写褏邪褉屑邪
PRES_df563ac2ff,褝薪械褉谐懈褟|褌邪薪褌褉邪
PRES_e2d0ac8c94,泻邪褌械谐芯褉懈褟|芯锌懈褋邪薪懈械|褋胁褟褖械薪薪褘泄|褉械褔褜|褉懈谐胁械写邪锌褉邪褌懈褕邪泻褏褜褟
PRES_e7d3ba524e,
PRES_eaf7163393,褉邪斜懈薪写褉邪薪邪褌|褌邪谐芯褉|褍褉芯胁械薪褜|锌芯褝褌懈褔械褋泻懈泄|胁褘褋泻邪蟹褘胁邪薪懈械
PRES_ef02ed3c8e,褋邪褌褌褉懈褟|褉芯卸写械薪懈械|薪芯胁褘泄|懈薪写懈褟|泻谢邪褋褋懈褔械褋泻懈泄|褌邪薪械褑|邪褋褋邪屑|谢邪斜芯褉邪褌芯褉懈褟|褌械邪褌褉懈泻|屑芯褋泻胁邪|锌械褌械褉斜褍褉谐|胁懈写械芯屑邪褌械褉懈邪谢|褌褉邪写懈褑懈褟|褔褏芯褍
PRES_f73706499b,褞薪褘泄|芯泻褉褍卸械薪懈械|褑邪褉褜|褉邪写卸邪褋懈薪褏|胁械泻|谢邪薪泻邪
PRES_fb8b7f76bc,写褉褍谐芯泄|褌褉邪写懈褑懈褟|懈薪写褍懈蟹屑|褎懈谢芯褋芯褎懈褟|斜械薪谐邪谢褜褋泻懈泄|胁芯蟹褉芯卸写械薪懈械|褋芯锌芯褋褌邪胁谢械薪懈械
PRES_fe38d39938,谐谢邪胁邪|薪邪写蟹懈褉邪褌械谢褜|邪褉褏懈胁|邪褉褌褏邪褕邪褋褌褉|泻邪褍褌懈谢褜褟|泻芯薪褌械泻褋褌|懈薪褎芯褉屑邪褑懈褟|薪邪写锌懈褋褜|胁褉械屑褟|谐褍锌褌
PRES_05a25bcc84,薪械锌芯褋褉械写褋褌胁械薪薪褘泄|胁芯褋锌褉懈褟褌懈械|褔械褉械蟹|褋谢芯胁芯|胁械写邪薪褌邪-锌邪褉懈斜褏邪褕|写褏邪褉屑邪褉邪写卸
PRES_1abd6d361e,褉械褉懈褏|锌械泻懈薪
PRES_1e1cbc95e7,斜芯谐|褔械谢芯胁械泻|锌芯褝蟹懈褟|褌邪谐芯褉|懈褕邪-褍锌邪薪懈褕邪写|锌懈褋褜屑芯|褉芯褋褋懈褟
PRES_235b11e4e7,谢械褌芯锌懈褋薪褘泄|褌械泻褋褌|懈蟹芯斜褉邪卸械薪懈械|斜褍写写懈蟹屑|褌褉邪写懈褑懈褟|褌懈斜械褌
PRES_2545b7a0c5,褌邪薪褑芯胁褖懈褑邪|锌芯泻褉芯胁懈褌械谢褜|薪邪褔邪褌褜|褉邪褋懈泻|胁芯褋褌芯褔薪褘泄|芯斜谢邪褋褌褜|懈薪写懈褟|泻芯薪褌械泻褋褌|胁蟹邪懈屑芯芯褌薪芯褕械薪懈械
PRES_3c0208406b,邪泻褌褍邪谢懈蟹邪褑懈褟|懈薪褎芯褉屑邪褌懈胁薪褘泄|芯褋薪芯胁邪|褋褉械写薪械胁械泻芯胁褘泄|褌械泻褋褌|褑械薪褌褉邪谢褜薪褘泄|邪蟹懈褟|褋芯胁褉械屑械薪薪褘泄|屑懈褉|褌邪褉懈褏-懈|褉邪褕懈写褌懈|屑懈褉蟹邪|褏邪泄写邪褉|写褍谐谢邪褌邪
PRES_3ddacc6fb6,锌械褋械薪薪褘泄|褌械褏薪懈泻邪|锌褉芯锌芯胁械写褜|屑懈褉邪_斜邪懈|锌芯写褋褌褍锌
PRES_3fe0ca1850,褋薪芯胁懈写械薪懈械|写褉械胁薪械懈薪写懈泄褋泻懈泄|褎懈谢芯褋芯褎懈褟|褌械泻褋褌
PRES_42588a671c,褉械褉懈褏|斜褍写写懈蟹屑|泻褍谢褜褌褍褉薪褘泄|械写懈薪褋褌胁芯|邪蟹懈褟
PRES_517c404931,芯锌懈褋邪薪懈械|懈薪写懈褟|褋褉械写薪械胁械泻芯胁褘泄|懈褉谢邪薪写褋泻懈泄|懈褋褌芯褔薪懈泻
PRES_56a96b450d,褞褉懈泄_褉械褉懈褏|胁褘写邪褞褖懈泄褋褟|谢懈薪谐胁懈褋褌-褌懈斜械褌芯谢芯谐
PRES_5d4f4cf4a8,褋屑械褏|褌褉邪写懈褑懈褟|写褉械胁薪械懈薪写懈泄褋泻懈泄|褌械邪褌褉|薪邪褌褜褟褕邪褋褌褉
PRES_5e071eae59,褋薪邪褌邪泻邪|写褉械胁薪械懈薪写懈泄褋泻懈泄|褉懈褌褍邪谢|褌械泻褋褌
PRES_60805ae896,写芯屑-屑褍蟹械泄|褋械屑褜褟|褉械褉懈褏|褍谢邪薪-斜邪褌芯褉
PRES_6436980fe8,褉邪薪薪械胁械写懈泄褋泻懈泄|褌械泻褋褌|褉懈褌褍邪谢
PRES_65f28e41f2,锌邪谢懈|褋锌邪褌褜|屑械写懈褌邪褑懈褟|芯褋芯蟹薪邪薪薪芯褋褌褜|褋邪褌懈锌邪褌褌褏邪薪
PRES_74936e5d59,褝褌懈屑芯谢芯谐懈褟|胁械写懈泄褋泻懈泄
PRES_74d662c14f,胁芯蟹褉邪褋褌薪芯泄|泻邪褌械谐芯褉懈褟|写褉械胁薪懈泄|褌褞褉泻
PRES_7fbd6a22e3,褌械芯褉懈褟|锌褉械械屑褋褌胁械薪薪芯褋褌褜|写褏邪褉屑邪|写芯泻褌褉懈薪邪|褋邪薪谐芯泻邪|屑邪锌锌芯|褟锌芯薪褋泻懈泄|斜褍写写懈蟹屑
PRES_80c3a05563,褎芯褉屑褍谢褜薪芯褋褌褜|懈薪写懈褟|写邪褉褋褌胁械薪薪褘泄|薪邪写锌懈褋褜
PRES_82dc5a4985,褋邪泻褉邪谢褜薪褘泄|谐械芯谢芯谐懈褟|褋懈褋褌械屑邪|蟹薪邪薪懈械|胁邪褋褌褍胁懈写懈械|薪邪褍泻邪|褋褌褉芯懈褌械谢褜褋褌胁芯|蟹芯写褔械褋褌胁芯|锌褍褉邪薪褘
PRES_9294929f41,屑芯褌懈胁|斜褍写写懈蟹屑|薪邪褉褉邪褌懈胁|懈蟹芯斜褉邪卸械薪懈械
PRES_a5c792ee0e,褋邪泻褉邪谢褜薪褘泄|蟹邪褖懈褌邪|锌褉芯褋褌褉邪薪褋褌胁芯|写芯谢懈薪邪|泻邪褌屑邪薪写褍
PRES_a6e4236018,褋褍斜褗械泻褌|懈褕胁邪褉邪锌褉邪褌褜褟斜褏懈写卸械薪褜-胁懈屑邪褉褕懈薪褟|邪斜褏懈薪邪胁邪谐褍锌褌邪
PRES_c417664ebc,褋懈屑胁芯谢懈蟹屑|写械褋褟褌褜|胁芯锌谢芯褖械薪懈械|胁懈褕薪褍|胁薪褍褌褉械薪薪懈泄|泻邪谢邪褔邪泻褉邪-褌邪薪褌褉邪
PRES_ce1f190968,锌褉懈褉芯写芯锌芯谢褜蟹芯胁邪薪懈械|褌邪薪谐褍褌褋泻懈泄|谐芯褋褍写邪褉褋褌胁芯
PRES_cf863a87de,薪邪屑褌邪褉邪|斜褍写写邪|褕邪泻褜褟屑褍薪褜|褌懈斜械褌|泻懈褌邪泄褋泻懈泄|锌械泻懈薪褋泻懈泄|褌褉邪写懈褑懈褟|褌邪薪泻邪|泻芯谢谢械泻褑懈褟|芯写械褋褋泻懈泄|泻懈械胁褋泻懈泄|屑褍蟹械泄|褍泻褉邪懈薪邪
PRES_cf87ec3bf9,褝谢械屑械薪褌|懈谐褉芯胁芯泄|锌芯褝褌懈泻邪|屑邪褏邪褟薪褋泻懈泄|芯锌懈褋邪薪懈械|褋褌褍锌械薪褜|斜芯写褏懈褋邪褌褌胁邪|褌械泻褋褌|斜芯谢褜褕芯泄|锌褉邪写卸薪褟锌邪褉邪屑懈褌
PRES_cf88b0bf9e,褋泻谢邪写褘胁邪薪懈械|褋懈泻褏褋泻懈泄|写胁芯褉|锌褉懈写胁芯褉薪褘泄|泻褍谢褜褌褍褉邪|锌芯褋谢械写薪懈泄|褕械褋褌褜|谐褍褉褍
PRES_d7d410a274,懈褋褌芯泻|锌褉邪写卸薪褟锌邪褉邪屑懈褌|褋褌懈褏芯褌胁芯褉薪褘泄|褟写褉芯|褌褉邪写懈褑懈褟
PRES_e17d554abc,褌褉邪写懈褑懈芯薪薪褘泄|懈薪写懈褟|泻芯屑屑械薪褌邪褉懈泄|懈褋褌芯褔薪懈泻|褋懈薪褌邪泻褋懈褋|写褉械胁薪械懈薪写懈泄褋泻懈泄|褟蟹褘泻
PRES_ea5d4b869f,褌邪屑懈谢褜褋泻懈泄|锌芯褝褌懈褔械褋泻懈泄|卸邪薪褉|泻邪谢邪屑斜邪褏
PRES_f31283e9b4,褉邪屑邪褟薪邪|写褉邪屑邪|斜褏邪胁邪斜褏褍褌懈|锌芯褋谢械写薪懈泄|锌褉懈泻谢褞褔械薪懈械|褉邪屑邪
PRES_fc155b3a33,锌褉械写褋褌邪胁谢械薪懈械|邪褉褜褟胁邪褉褌|褋邪薪褋泻褉懈褌|懈褋褌芯褔薪懈泻|懈褋褌芯褉懈褟|锌械褉褋锌械泻褌懈胁邪
PRES_fc5fc5500b,谢械褌薪懈泄|卸懈胁芯褌薪褘泄|褑懈泻谢|懈褋褌芯泻
PRES_0aedd41026,薪械锌芯褋褉械写褋褌胁械薪薪褘泄|胁芯褋锌褉懈褟褌懈械|蟹薪邪薪懈械|褋谢芯胁芯|胁械写邪薪褌邪-锌邪褉懈斜褏邪褕|写褏邪褉屑邪褉邪写卸
PRES_1a19c546ea,褌褉械褌懈泄|懈蟹屑械褉械薪懈械|薪械锌邪谢褜褋泻懈泄|锌芯褝蟹懈褟
PRES_20d92e0dfe,褝胁芯谢褞褑懈褟|卸邪薪褉|褕邪褏褉邪褕褍斜邪|泻芯薪褌械泻褋褌|胁蟹邪懈屑芯写械泄褋褌胁懈械|锌械褉褋芯褟蟹褘褔薪褘泄|谢懈褌械褉邪褌褍褉邪|谢懈褌械褉邪褌褍褉邪|褍褉写褍
PRES_20e82a1bf4,褞薪褘泄|锌褉械写褋褌邪胁懈褌械谢褜|懈蟹屑械薪懈褌褜|褋芯褋褌芯褟薪懈械|褋芯蟹薪邪薪懈械
PRES_347180ce4e,泻邪写邪屑斜邪褉懈|褋芯胁褉械屑械薪薪褘泄|屑懈褉
PRES_34da19dc14,邪谐邪屑懈褔械褋泻懈泄|褌械泻褋褌|褋锌芯褋芯斜|褋邪屑芯芯锌褉械写械谢械薪懈械|胁械写懈褔械褋泻懈泄|褌褉邪写懈褑懈褟|褕懈胁邪|褋褍褌褉邪|褌邪屑
PRES_44b7051738,褎芯褉屑褍谢邪|斜褏褍泻褌褜|屑褍泻褌褜|褋芯褌械褉懈芯谢芯谐懈褔械褋泻懈泄|邪薪褌懈薪芯屑懈蟹屑|懈薪写褍懈褋褌褋泻懈泄|褌邪薪褌褉邪
PRES_4557455166,胁械褉褋懈褟|屑懈褎|胁褉懈褌褉|写械胁懈斜褏邪谐邪胁邪褌邪锌褍褉邪薪
PRES_485b7b3478,芯褋械褋褌褜|斜褘泻|懈薪写芯懈褉邪薪褋泻懈泄|泻邪褉褌懈薪邪|屑懈褉
PRES_4acd5d51b5,褝胁芯谢褞褑懈褟|斜褍写写懈蟹屑|褍褔械薪懈械|写胁邪|泻芯薪褑械锌褑懈褟|邪薪邪褌屑邪胁邪写
PRES_5bd9be8d40,褉邪蟹谢褍泻邪|褌邪屑懈谢褜褋泻懈泄|锌芯褝蟹懈褟
PRES_5f83d7a499,褌械泻褋褌|泻褍谢褜褌|胁邪写卸褉邪锌邪薪褜|胁芯褋械屑褜|褑邪褉褜|薪邪谐|褋胁懈褌泻邪|胁械泻|褋芯斜褉邪薪懈械|懈胁褉_褉邪薪
PRES_627da820b6,写懈褋泻褍褋褋懈褟|褌械褉屑懈薪|邪薪邪薪谐邪|褌邪屑懈谢褜褋泻懈泄|谢懈褌械褉邪褌褍褉邪
PRES_63aa865de4,锌褉邪泻褌懈泻邪|写胁懈卸械薪懈械|锌褉邪薪邪|褌械泻褋褌|泻邪褕屑懈褉褋泻懈泄|邪胁褌芯褉
PRES_77f698acd5,褉邪屑邪褟薪邪|写褉邪屑邪|斜褏邪胁邪斜褏褍褌懈|锌芯褋谢械写薪懈泄|写械褟薪懈械|褉邪屑邪
PRES_8bd27d8f20,写胁邪|锌邪褉邪写懈谐屑邪|屑芯薪懈蟹屑|斜褏邪谐邪胁邪写谐懈褌邪|褕邪薪泻邪褉邪|褉邪屑邪薪褍写卸
PRES_92e44ac148,胁蟹邪懈屑芯胁谢懈褟薪懈械|懈薪写褍懈蟹屑|斜褍写写懈蟹屑|褉械谢懈谐懈褟|薪械锌邪谢械褑|谢械谐械薪写邪|懈泻芯薪芯谐褉邪褎懈褟|谢懈褔薪褘泄
PRES_9389ab2ec7,薪械胁邪褉褋泻懈泄|锌芯胁械褋褌胁芯胁邪褌械谢褜薪褘泄|褋胁懈褌芯泻|褋芯斜褉邪薪懈械|屑邪褝_褉邪薪|泻芯谢谢械泻褑懈褟|屑懈薪邪械胁|锌褉械写胁邪褉懈褌械谢褜薪褘泄|褋芯芯斜褖械薪懈械
PRES_972d4079b1,芯斜械褉褏邪屑屑械褉|锌褉懈薪褑懈锌|褉械谢懈谐懈芯蟹薪芯-褎懈谢芯褋芯褎褋泻懈泄|褌械泻褋褌|褕泻芯谢邪|胁懈褕懈褕褌邪-邪写胁邪泄褌邪-胁械写邪薪褌
PRES_9991e8b1ef,泻邪谢械薪写邪褉薪褘泄|芯斜褉褟写薪芯褋褌褜|褉邪写卸锌褍褌芯胁
PRES_a72801a7e5,芯斜褉邪蟹|懈薪写褍懈蟹屑|褉械谢懈谐懈芯蟹薪芯-褎懈谢芯褋芯褎褋泻懈泄|屑褘褋谢褜|斜械薪谐邪谢褜褋泻懈泄|褉械薪械褋褋邪薪褋
PRES_b27303708f,泻芯屑锌芯蟹懈褑懈褟|邪锌邪褋褌邪屑斜-写褏邪褉屑邪褋褍褌褉邪
PRES_b48f6f5ffd,褋懈屑胁芯谢懈褔械褋泻懈泄|褎懈谐褍褉邪|褉懈谐胁械写邪|谐懈屑薪|褉械褔褜
PRES_bafd1e3979,卸懈胁芯泄|褌褉邪写懈褑懈褟|褉懈褌褍邪谢褜薪褘泄|褉芯褋锌懈褋褜|锌懈褌褏芯褉芯|谐褍写卸邪褉邪褌|锌芯谢械胁芯泄|写邪褌褜
PRES_c753d8108f,斜械薪谐邪谢褜褋泻懈泄|褋褌懈谢褜|懈薪写懈褟|褌邪薪械褑|褌褉邪写懈褑懈芯薪薪褘泄|泻褉械邪褌懈胁薪褘泄|锌芯谢懈褌懈褔械褋泻懈泄|懈蟹屑械褉械薪懈械|锌褉芯谐褉邪屑屑邪|胁芯蟹屑芯卸薪褘泄|懈蟹屑械薪械薪懈械|写芯锌芯谢薪械薪懈械|锌褉懈谐谢邪褕邪褌褜褋褟|胁褋械|卸械谢邪褌褜
PRES_ca1df3941d,写褏邪褉屑邪|斜褍写写芯谢芯谐懈褟|邪泻褌褍邪谢褜薪褘泄
PRES_d7d08bc77f,屑邪褌褉懈泻|胁薪械|斜褍写写懈蟹屑|褌械泻褋褌
PRES_d7ffc90dec,懈薪写懈褟|懈薪写懈械褑|邪胁褌芯斜懈芯谐褉邪褎懈褔械褋泻懈泄|泻薪懈谐邪|薪邪泄锌芯谢褘泄
PRES_dbced805b6,蟹邪屑械褌泻邪|褉邪褋锌芯谢芯卸械薪懈械|褋泻褍谢褜锌褌褍褉薪褘泄|懈蟹芯斜褉邪卸械薪懈械|褏褉邪屑芯胁褘泄|泻芯屑锌谢械泻褋|褋芯谐谢邪褋薪芯|邪谐薪懈-锌褍褉邪薪邪
PRES_df7078b604,褔褍写械褋薪褘泄|褋芯褋褍写|屑邪薪懈屑械褏邪谢褜
PRES_e5cc1bbb1d,锌芯褌芯褑泻懈泄|褌懈斜械褌|褉褍泻芯锌懈褋褜|薪邪泄褌懈|泻邪谢屑褘泻懈褟
PRES_ea42f7e02c,蟹邪谐邪写泻邪|锌芯褝屑邪|写卸邪褟褋褜|锌邪写屑邪胁邪褌
PRES_fe7edab64d,褍锌芯褌褉械斜谢械薪懈械|褋谢芯胁芯|褉懈谐胁械写邪
PRES_05159a33dc,褋懈屑胁芯谢懈蟹屑|褋邪薪褋泻褉懈褌|邪谢褎邪胁懈褌|邪谢懈-泻邪谢懈|泻邪谢邪褔邪泻褉邪-褌邪薪褌褉邪
PRES_0a18330aed,写胁邪|锌芯褝屑邪|褉邪蟹谢褍泻邪|褌邪屑懈谢褜褋泻懈泄|褋斜芯褉薪懈泻|锌邪褌褌褍锌锌邪褌褌|屑褍谢谢械泄锌锌邪褌褌|薪械写褍薪邪谢褜胁邪写褜
PRES_5280e823e7,褋锌械褑懈褎懈泻邪|胁芯褋锌褉懈褟褌懈械|屑芯谐芯谢|写褉械胁薪械懈薪写懈泄褋泻懈泄|褝锌懈褔械褋泻懈泄|谢懈褌械褉邪褌褍褉邪
PRES_532d58897a,泻芯薪褑械锌褑懈褟|薪械锌邪谢褜褋泻懈泄|薪邪写锌懈褋褜
PRES_5e3a0ceae6,胁邪褉薪邪|褎芯薪|褎芯薪械屑邪|蟹胁褍泻芯褌懈锌
PRES_6b57da6939,屑懈褎|薪邪褉邪写|锌褍褉邪薪褘|锌芯薪褟褌懈械|屑邪泄褟|写褉械胁薪械懈薪写懈泄褋泻懈泄|褌械泻褋褌芯胁褘泄|褌褉邪写懈褑懈褟
PRES_6b6b57012a,屑邪谐懈褔械褋泻懈泄|胁芯蟹写械泄褋褌胁懈械|锌芯谐芯写邪|泻褍谢褜褌褍褉邪|泻芯褔械胁薪懈泻|褑械薪褌褉邪谢褜薪褘泄|邪蟹懈褟
PRES_70ac445270,褋芯芯褌薪芯褕械薪懈械|谢械泻褋械屑邪|锌芯薪褟褌懈械|褋邪薪褋泻褉懈褌|锌邪谢懈|懈褋褌芯褔薪懈泻
PRES_79c5e6b21a,写胁芯褉褑芯胁褘泄|锌邪褉泻|懈薪写懈褟|谢懈褌械褉邪褌褍褉邪
PRES_7e8cd0a528,芯褌泻褉褘褌懈械|斜褍写写懈蟹屑|薪邪写锌懈褋褜|斜褉邪褏泄|褑械薪褌褉邪谢褜薪褘泄|懈薪写懈褟|懈褋褌芯泻|褌褉邪写懈褑懈褟|懈屑械薪芯胁邪薪懈械|褉邪薪薪懈泄|斜褍写写懈蟹屑|褕泻芯谢邪
PRES_845344a97a,懈薪写懈褟|屑芯薪械褌邪|薪邪泄褌懈|褉邪褋泻芯锌泻邪|褌懈谢谢褟-褌械锌邪
PRES_96ea28da78,锌褉械写褋褌邪胁谢械薪懈械|写卸邪泄薪褋泻懈泄|写懈谐邪屑斜邪褉褋泻懈泄|褌褉邪写懈褑懈褟|锌褉芯褟褋薪械薪懈械|褌械褉屑懈薪
PRES_9af2d5e005,褋锌芯褉|邪斜褏懈薪邪胁邪谐褍锌褌邪|褍褌锌邪谢邪写械胁|斜褍写写懈褋褌|锌械褉胁褘泄|褔邪褋褌褜|懈褕胁邪褉邪锌褉邪褌褜褟斜褏懈写卸械薪褜-胁懈屑邪褉褕懈薪褟
PRES_a667a3743e,芯斜褉邪蟹|泻邪褉谢懈泻|懈泻芯薪芯谐褉邪褎懈褔械褋泻懈泄|锌褉芯谐褉邪屑屑邪|懈薪写懈褟|褏褉邪屑|邪写卸邪薪褌邪|褝谢谢芯褉|邪褍褉邪薪谐邪斜邪写
PRES_a98cfd66e4,锌芯薪懈屑邪薪懈械|锌械褉胁褘泄|懈蟹褉械褔械薪懈械|写褏邪屑屑邪锌邪写
PRES_af8ac6f8df,屑薪芯卸械褋褌胁械薪薪芯褋褌褜|斜褍写写邪|褋芯褌械褉懈芯谢芯谐懈褟|屑邪褏邪褋邪薪谐褏懈泻
PRES_aff25e6347,褋懈屑胁芯谢|芯斜芯蟹薪邪褔械薪懈械|锌褉芯褋褌褉邪薪褋褌胁芯|褔懈褋谢芯|懈褋褌芯谢泻芯胁邪薪懈械|褌械泻褋褌|胁邪褋褌褍胁懈写懈械|锌褍褉邪薪褘
PRES_bc5e88c7e6,懈褋褌芯褉懈褟|褞褉懈泄_褉械褉懈褏|谢邪写邪泻褏
PRES_e9e215c9f0,斜褍写写懈蟹屑|褋褍褌褉邪|锌械褉械胁芯写|褉邪薪薪械泻懈褌邪泄褋泻懈泄|褌褉邪写懈褑懈褟
PRES_f5881d70cf,胁褉邪褌褜褟|泻芯薪褌械泻褋褌|褉懈褌褍邪谢|锌褉懈械屑|锌芯褔械褌薪褘泄|谐芯褋褌褜
PRES_f8ceba92a2,泻芯薪褑械锌褑懈褟|锌褉邪褌懈褌懈械-褋邪屑褍褌锌邪写|褉邪薪薪械斜褍写写懈泄褋泻懈泄|谢懈褌械褉邪褌褍褉邪|锌邪谢懈|泻邪薪芯薪
PRES_01c8c172a9,褋懈屑胁芯谢懈褔械褋泻懈泄|褟蟹褘泻|胁械褖褜
PRES_02fe7e79a6,薪邪斜谢褞写邪褌械谢褜
PRES_04dccf8d10,锌褉械写褋褌邪胁谢械薪懈械|斜褉邪褏屑邪薪|褉邪薪薪懈泄|胁懈褕懈褕褌邪-邪写胁邪泄褌械
PRES_0dca1ac371,褋褌邪褉懈薪薪褘泄|锌芯褉褌褍谐邪谢褜褋泻懈泄|褔邪褋褌褍褕泻邪|褝褌薪芯谐褉邪褎懈褔械褋泻懈泄|泻芯薪褌械泻褋褌|褞卸薪褘泄|邪蟹懈褟
PRES_10003ca025,褋芯胁褉械屑械薪薪褘泄|懈褋泻褍褋褋褌胁芯|邪写懈胁邪褋褜|屑褍蟹械泄薪褘泄|褉械锌褉械蟹械薪褌邪褑懈褟|懈薪写懈褟|械胁褉芯锌邪|褌邪屑
PRES_1177dbea6f,褉邪斜芯褌邪|谢械薪褑邪|蟹邪锌邪写薪芯械胁褉芯锌械泄褋泻懈泄|褏褉邪薪懈谢懈褖械|胁芯褋褌芯褔薪褘泄|褉褍泻芯锌懈褋褜
PRES_3195691394,褝谢械屑械薪褌|泻褍谢褜褌褍褉薪褘泄|褋懈薪褌械蟹|斜械薪谐邪谢褜褋泻懈泄|锌芯褝蟹懈褟|胁械泻
PRES_3666aae128,芯褌泻褉褘褌懈械|懈薪写懈褟|褋泻胁芯蟹褜|锌褉懈蟹屑邪|褌褉邪写懈褑懈芯薪薪褘泄|褌械泻褋褌|屑褘褋谢懈褌械谢褜|斜械薪谐邪谢褜褋泻懈泄|胁芯蟹褉芯卸写械薪懈械
PRES_3aa6b03a07,谐械褉邪褋懈屑|谢械斜械写械胁|斜褉懈褌邪薪褋泻懈泄|褝谢懈褌邪|泻芯谢芯薪懈邪谢褜薪褘泄|泻邪谢褜泻褍褌褌邪|屑芯屑械薪褌|褉邪蟹褉褘胁
PRES_57ae9add27,褉械邪谢褜薪褘泄|懈褉褉械邪谢褜薪褘泄|薪芯胁褘泄|锌芯褝蟹懈褟|褏懈薪写懈
PRES_6a7d4db7b5,褔懈褌褌邪|斜芯写褏懈褔懈褌褌邪|褉邪蟹写褍屑褜械|锌械褉械胁芯写|斜褍写写懈蟹屑|褌械褉屑懈薪
PRES_6ef9ae63f8,邪泄芯写褏懈械|褔械褉械蟹|锌芯褋谢械|泻芯薪褎谢懈泻褌|褋芯胁褉械屑械薪薪褘泄|锌褉芯褟胁谢械薪懈械|懈薪写褍懈褋褌褋泻懈泄|褎褍薪写邪屑械薪褌邪谢懈蟹屑|薪械屑薪芯谐芯|褉邪蟹屑褘褕谢械薪懈械
PRES_7905a089ac,懈褋褌芯褉懈褟|邪谐邪写邪写邪褌褌|褉芯屑邪薪|褋邪薪谐褏邪写邪褋|褋褌褉邪薪褋褌胁懈械|胁邪褋褍写械胁邪
PRES_85aa1ef84a,懈薪写芯谢芯谐懈褔械褋泻懈泄|屑懈褎|锌褉芯懈褋褏芯卸写械薪懈械|褌械褉屑懈薪|懈薪写褍懈蟹屑
PRES_85c4d90172,卸械屑褔褍卸薪褘泄|芯褋褌褉芯胁|写械胁懈斜褏邪谐邪胁邪褌邪-锌褍褉邪薪邪
PRES_8d5c85c734,芯斜褉邪蟹|泻褉懈褕薪邪|锌芯褝蟹懈褟|屑懈褉邪_斜邪懈
PRES_8f2b093d02,褋褌褉邪褋褌褜|斜械褋褋褌褉邪褋褌懈械|斜褏邪褉褌懈褉懈褏邪褉懈
PRES_9484337e22,泻芯薪褑械锌褌|屑邪泄褟|褕邪薪泻邪褉邪|邪斜褏懈薪邪胁邪谐褍锌褌邪|褋褏芯写褋褌胁芯|褉邪蟹谢懈褔懈械
PRES_9f51b09a94,褟蟹褘泻|胁械写邪薪褌邪|械胁褉芯锌械泄褋泻懈泄|褉芯屑邪薪褌懈蟹屑
PRES_aa8cf0310f,泻谢邪褋褋懈褎懈泻邪褑懈褟|薪邪褍泻邪|褌褉邪写懈褑懈芯薪薪褘泄|懈薪写懈褟|泻褍谢褜褌褍褉邪
PRES_ae5459f5c7,斜褍写写懈蟹屑|褉褍泻芯锌懈褋褜|懈薪写懈褟|褎芯薪写|懈胁褉_褉邪薪
PRES_b2df564f10,屑邪褌械褉懈邪谢褜薪褘泄|邪褌褉懈斜褍褌|谢褍泻|褋褌褉械谢邪|褌芯锌芯褉懈泻|褝褌薪懈褔械褋泻懈泄|褋懈屑胁芯谢|邪胁褌芯褏褌芯薪|谢邪薪泻邪
PRES_b8b0e64461,褎芯褉屑褍谢褜薪芯褋褌褜|薪邪写锌懈褋褜|褋邪薪褋泻褉懈褌
PRES_ba46b7c452,褋芯胁褉械屑械薪薪褘泄|斜邪褍谢|写械褉械胁薪褟|泻芯薪褑械褉褌薪褘泄|蟹邪谢
PRES_c247636d94,锌褉懈褔邪褋褌懈械-谐械褉褍薪写懈泄|褏懈薪写懈|斜械薪谐邪谢褜褋泻懈泄|褟蟹褘泻
PRES_ca34a85370,芯斜褉邪蟹|屑邪褏械薪写褉邪|屑邪褏懈薪写|蟹邪锌懈褋泻邪|泻懈褌邪泄褋泻懈泄|锌邪谢芯屑薪懈泻
PRES_cf01dc9625,褋邪写褏邪薪邪|褏邪褉懈褏邪褉懈褏邪褉懈胁邪褏邪薪-邪胁邪谢芯泻懈褌械褕胁邪褉邪|邪胁邪谢芯泻懈褌械褕胁邪褉邪|胁芯褋褋械写邪褌褜|胁懈褕薪褍|谐邪褉褍写邪|谢械胁|褌懈斜械褌|斜褍写写懈蟹屑|泻邪薪芯薪
PRES_d01b9376c0,锌械褋薪褟|褟泻褕械褟|懈谐褉邪|褔械谢芯胁械泻|褋芯褑懈邪谢褜薪褘泄|泻褍谢褜褌褍褉薪褘泄|褏褍写芯卸械褋褌胁械薪薪褘泄|褟泻褕邪谐邪薪|泻邪褉薪邪褌邪泻邪|锌褉芯谐褉邪屑屑邪|胁芯蟹屑芯卸薪褘泄|懈蟹屑械薪械薪懈械|写芯锌芯谢薪械薪懈械
PRES_d6fac606b5,褝锌懈褌械褌|斜褍写写邪|褌械泻褋褌|邪写卸邪褌邪褋械薪-胁褜褟泻邪褉邪薪邪
PRES_d9c413501e,胁芯褋褜屑懈褍谐芯谢褜薪褘泄|锌芯薪褟褌懈泄薪褘泄|褋褏械屑邪|懈薪写懈褟|褉邪褑懈芯薪邪谢褜薪芯褋褌褜
PRES_e9bb5a759b,胁邪褉薪邪|褎芯薪械屑邪|斜褍泻胁邪|蟹胁褍泻
PRES_eaf0add041,芯斜褉邪蟹|谢芯泻械褕胁邪褉邪|泻邪谢械薪写邪褉薪褘泄|芯斜褉褟写|薪械锌邪谢械褑
PRES_f3223273ab,褌邪屑懈谢褜褋泻懈泄|卸械薪褋泻懈泄|斜芯卸械褋褌胁芯|褋褉械写薪械胁械泻芯胁褘泄|谢懈褌械褉邪褌褍褉邪
PRES_f978f939da,蟹胁褍泻芯胁芯泄|褋芯褋褌邪胁|胁械写懈泄褋泻懈泄|褌械泻褋褌
PRES_09ea1d8846,邪斜褏懈写褏邪褉屑邪泻芯褕|邪胁褌芯褉褋褌胁芯
PRES_149689b11e,
PRES_1ec138c017,泻芯薪褑械锌褑懈褟|邪胁邪褌邪褉|胁懈褕薪褍|锌芯褝屑邪|屑邪谐褏邪|褕懈褕褍锌邪谢邪胁邪写褏
PRES_222fd16a0c,褏懈褌褜|写褏邪褉邪|薪械懈褋褋褟泻邪械屑褘泄|懈褋褌芯褔薪懈泻|懈泻芯薪芯谐褉邪褎懈褟|褎褍薪泻褑懈褟|薪械锌邪谢
PRES_25a34c0006,褌邪薪谐褍褌褋泻懈泄|泻褋懈谢芯谐褉邪褎|锌懈褋褜屑芯|褋懈写写褏邪屑|褋芯斜褉邪薪懈械|懈胁褉_褉邪薪
PRES_25c542e83e,褉械谢懈谐懈褟|懈薪褋褌褉褍屑械薪褌|胁薪褍褌褉械薪薪懈泄|锌芯谢懈褌懈泻邪|懈薪写懈褟
PRES_28cd96d910,褎芯褉屑邪|褋屑褘褋谢芯胁芯泄|谐谢邪谐芯谢|屑芯写邪谢褜薪褘泄|泻芯薪褋褌褉褍泻褑懈褟|褋锌芯褋芯斜薪芯褋褌褜|褏懈薪写懈
PRES_2d1d6b8cb7,薪械胁邪褉褋泻懈泄|锌芯胁械褋褌胁芯胁邪褌械谢褜薪褘泄|褋胁懈褌芯泻|谢邪谢懈褌邪胁懈褋褌邪褉邪|芯写芯屑邪褕薪懈胁邪薪懈械|泻谢邪褋褋懈褔械褋泻懈泄|斜褍写写懈蟹屑|褋褍褌褉邪|褌邪屑
PRES_2f9d65e45b,
PRES_38f0bf3fa1,褞卸薪邪褟_懈薪写懈褟|斜芯卸械褋褌胁芯|谐械薪写械褉薪褘泄|胁蟹邪懈屑芯芯褌薪芯褕械薪懈械
PRES_3eb2ccd62e,屑邪薪写邪谢邪-泻谢邪褋褋懈褎懈泻邪褑懈褟|薪械褔械褋褌薪褘泄|褌褉邪薪褋邪泻褑懈褟|芯褌胁械褌|褍锌褉械泻|邪薪谐褍褌褌邪褉-薪懈泻邪泄|邪褌褌邪泻邪薪懈锌邪褌|邪褋褋邪泻芯谢邪薪泻邪褋褍褌褌邪
PRES_446d1622e0,锌褋懈褏芯谢芯谐懈褟|斜芯谐|泻邪褕屑懈褉褋泻懈泄|褕懈胁邪懈蟹屑|褟泻芯斜|斜械屑邪
PRES_51ca649214,斜褉邪褏屑邪薪|薪邪屑斜褍写懈褉褟|褌褉邪写懈褑懈褟|锌械褉械写邪褔邪|胁械写懈泄褋泻懈泄|褌械泻褋褌
PRES_667fb09140,芯斜褖懈薪邪|锌邪褉褋|屑褍谢褜褌懈泻褍谢褜褌褍褉薪褘泄|斜芯屑斜械泄|锌褉芯懈蟹胁械写械薪懈械|褉芯褏懈薪褌芯薪|屑懈褋褌械褉械褌褜
PRES_67151ae69e,谐褉邪屑屑邪褌懈泻邪|锌邪薪懈薪懈|屑械褏邪薪懈蟹屑|泻芯写懈褉芯胁邪薪懈械|胁械写懈泄褋泻懈泄|褌械泻褋褌
PRES_6fd8f32d77,屑懈薪邪械胁|褋芯斜懈褉邪褌械谢褜|褉褍泻芯锌懈褋褜
PRES_71c7cc1a09,褋锌褏芯褌邪|写卸邪褌懈褌褜|锌邪褕褜褟薪褌懈|锌褉邪褌懈斜褏|胁邪泻褜褟锌邪写懈泄|褉邪蟹谐褉邪薪懈褔械薪懈械|褌械褉屑懈薪
PRES_7393356a70,褉邪薪薪懈泄|泻懈褌邪泄褋泻懈泄|胁械褉褋懈褟|斜懈芯谐褉邪褎懈褟|斜褍写写邪|褋褞卸械褌|锌芯写薪芯褕械薪懈械|褉懈褋芯胁褘泄|泻邪褕邪
PRES_7e6c76b7c4,写褉械胁薪械懈薪写懈泄褋泻懈泄|褉懈褌芯褉懈泻邪|褌褉邪写懈褑懈褟|褋邪薪褋泻褉懈褌|褌械邪褌褉|褌褉懈谐邪褌邪|薪邪褌褜褟褕邪褋褌褉
PRES_7eec57e19f,写褍褏|褍屑械褉褕懈泄|锌褉械写褋褌邪胁谢械薪懈械|芯斜褉褟写芯胁褘泄|卸懈蟹薪褜|胁械写写褘|谢邪薪泻邪
PRES_83fa564d73,褌褉邪写懈褑懈芯薪薪褘泄|泻谢邪褋褋懈褎懈泻邪褑懈褟|褋邪薪褋泻褉懈褌|褋褌懈褏芯褌胁芯褉薪褘泄|褉邪蟹屑械褉
PRES_8c55a738df,褋褌械褉械芯褌懈锌懈蟹邪褑懈褟|邪写懈胁邪褋褜|锌芯锌褍谢褟褉薪褘泄|泻褍谢褜褌褍褉邪|懈薪写懈褟
PRES_9857501571,谢懈褉懈褔械褋泻懈泄|谐械褉芯懈薪褟|屑懈褉邪_斜邪懈
PRES_9c47837d30,泻芯薪褑械锌褑懈褟|屑邪褉褜褟写|薪械锌邪谢褜褋泻懈泄|薪邪写锌懈褋褜
PRES_aa4df50cf0,写褉械胁薪懈泄|褞卸薪芯邪蟹懈邪褌褋泻芯-邪褎褉懈泻邪薪褋泻懈泄|写邪薪薪褘械|褎芯谢褜泻谢芯褉|屑懈褎芯谢芯谐懈褟
PRES_adefba4b15,褉邪屑邪泻褉懈褕薪邪|锌邪褉邪屑邪褏邪屑褋邪|褎芯褉屑懈褉芯胁邪薪懈械|薪械芯懈薪写褍懈蟹屑|斜械薪谐邪谢懈褟|胁械泻
PRES_b0ead2dd43,芯写械褉卸懈屑芯褋褌褜|褋谢褍卸械薪懈械|谢懈褑械写械泄褋褌胁芯|褌褉邪写懈褑懈褟|褌褍谢褍薪邪写褍
PRES_b6bc9faa10,褌胁芯褉褔械褋褌胁芯|褌懈褉褍屑褍谢邪褉|褎芯褉屑懈褉芯胁邪薪懈械|懈蟹芯斜褉邪蟹懈褌械谢褜薪褘泄|泻邪薪芯薪|褕懈胁邪|薪邪褌邪褉邪写卸|褔懈写邪屑斜邪褉邪屑
PRES_b9b432befc,卸懈胁芯褌薪褘泄|屑懈褉|锌芯褋谢芯胁懈褑邪|锌芯谐芯胁芯褉泻邪|褏懈薪写懈
PRES_ba306768d9,谐懈屑薪-锌邪写懈谐邪屑|芯褋薪芯胁薪褘泄|褎芯褉屑邪|锌芯褝蟹懈褟|褌邪屑懈谢褜褋泻懈泄|褕懈胁邪懈褌
PRES_d1d4be71f7,褉械泻芯薪褋褌褉褍泻褑懈褟|褉懈褌褍邪谢褜薪褘泄|褋械屑邪薪褌懈泻邪|写褉邪胁懈写褋泻懈泄
PRES_d45862604d,写械褉械胁薪褟|邪屑锌懈褌懈械|谢邪薪泻邪|褔械褉械蟹|锌芯褋谢械|谢褞写屑懈谢邪|屑械褉胁邪褉褌
PRES_d53f641345,谐懈屑薪|邪胁邪谢芯泻懈褌械褕胁邪褉邪|锌褉懈锌懈褋褘胁邪褌褜|褌懈斜械褌|褑邪褉褜|褋芯薪谐褑褝薪-谐邪屑锌芯
PRES_db18841de6,邪锌芯褎邪褌懈褔械褋泻懈泄|斜褍写写懈蟹屑|褌械芯褉懈褟|胁芯褋锌褉懈褟褌懈械
PRES_dff8128e31,褋褌芯褌褉邪-褉邪褌薪褘泄|褟屑褍薪|褎懈谢芯褋芯褎懈褟|锌芯褝蟹懈褟
PRES_f0c510e9df,锌懈褋褜屑械薪薪褘泄|褎懈泻褋邪褑懈褟|褉懈谐胁械写邪|褌邪屑
PRES_fef7c3afd6,胁械褉褋懈褟|褉邪屑邪褟薪邪|屑邪褏邪斜褏邪谐邪胁邪褌邪-锌褍褉邪薪邪
PRES_05e39adcc0,胁芯褋锌芯屑懈薪邪薪懈械|芯褋薪芯胁邪薪懈械|褌芯卸写械褋褌胁芯|懈褕胁邪褉邪锌褉邪褌褜褟斜褏懈写卸械薪褜-胁懈屑邪褉褕懈薪褟|邪斜褏懈薪邪胁邪谐褍锌褌邪
PRES_08ba18875c,写懈写邪泻褌懈泻|褋懈屑胁芯谢懈泻邪|褌懈斜械褌|谢懈褌械褉邪褌褍褉邪|锌械褋薪褟|褉芯谐|褋芯斜褉邪薪懈械|褋褌芯|褌褘褋褟褔邪|锌械褋薪褟|屑懈谢邪褉械锌邪
PRES_0d8900f50f,斜褍写写邪|胁邪泄褉芯褔邪薪|泻芯褋屑芯谢芯谐懈褟|邪胁邪褌邪屑褋邪泻|褋褍褌褉邪|褟锌芯薪懈褟
PRES_179e86e003,褑邪褉褋泻懈泄|芯褏芯褌邪|锌懈褋褜屑械薪薪褘泄|锌邪屑褟褌薪懈泻|懈薪写懈褟|懈褉谢邪薪写懈褟
PRES_3115290bfc,泻芯薪褑械锌褑懈褟|胁芯褋械屑褜|芯锌褉芯胁械褉卸械薪懈械|泻邪褌褏邪胁邪褌褏
PRES_35cd50282e,懈薪写懈褟|泻邪褉邪-褌械锌邪|褌懈锌芯谢芯谐懈褟|写褉械胁薪械懈薪写懈泄褋泻懈泄|褝锌懈谐褉邪褎懈褔械褋泻懈泄|褌械泻褋褌
PRES_3d773ae410,褋芯褑懈邪谢褜薪芯-褎懈谢芯褋芯褎褋泻懈泄|泻芯薪褑械锌褑懈褟|泻邪谢邪褔邪泻褉邪褌邪薪褌褉邪|锌邪褉邪谢谢械谢褜|泻邪褕屑懈褉褋泻懈泄|褕懈胁邪懈蟹屑
PRES_5e2b4790e6,斜褉邪褏屑邪薪懈褔械褋泻懈泄|褝褌懈屑芯谢芯谐懈褟
PRES_683bba7031,褟蟹褘泻|卸褉械褑|褟蟹褘泻|锌芯褝褌|褋邪泻褉邪谢褜薪芯褋褌褜|褉械褔褜|写褉械胁薪懈泄|褎芯褉屑邪|褋邪薪褋泻褉懈褌|写褉邪屑邪
PRES_6f09bca977,懈蟹屑械薪械薪懈械|屑械卸泻邪褋褌芯胁褘泄|胁蟹邪懈屑芯芯褌薪芯褕械薪懈械|写芯屑褍褋褍谢褜屑邪薪褋泻懈泄|泻邪褕屑懈褉
PRES_8311e474f5,斜械谢褘泄|褋褌邪褉械褑|褌邪薪泻邪|泻芯谢谢械泻褑懈褟|泻邪斜懈薪械褌|褞褉懈泄|褉械褉懈褏|懈胁_褉邪薪|屑芯褋泻胁邪
PRES_87b3256f20,褉械谢褜械褎|懈蟹芯斜褉邪卸械薪懈械|写褍褉谐邪|屑褍蟹褘泻邪谢褜薪褘泄|懈薪褋褌褉褍屑械薪褌|斜褍写写懈蟹屑|锌械褖械褉薪褘泄|褏褉邪屑|邪褍褉邪薪谐邪斜邪写
PRES_8a501640a4,薪邪谐芯泄|锌械褉褋芯薪邪卸|薪械锌邪谢褜褋泻懈泄|谢械谐械薪写邪
PRES_8cf371186b,褌褞褉泻褋泻懈泄|泻邪谐邪薪|褋邪褋邪薪懈写褋泻懈泄|褕邪褏邪薪褕邪|懈写械芯谢芯谐懈褔械褋泻懈泄|蟹邪懈屑褋褌胁芯胁邪薪懈械|写褉械胁薪懈泄|褌褞褉泻|懈褉邪薪械褑
PRES_91225c7c40,芯斜褉邪蟹|褋芯屑|胁械写懈泄褋泻懈泄|褝锌懈褔械褋泻懈泄|褌褉邪写懈褑懈褟
PRES_92046749c3,写邪褌懈褉芯胁泻邪|褌褉邪泻褌邪褌|斜褏邪屑邪褏|锌褍褌褜|褉械褕械薪懈械
PRES_9344fa57ea,褋褌懈谢褜|泻邪胁懈械|写胁邪|芯锌懈褋邪薪懈械|褋锌邪褌褜|谐邪褉械屑|褉邪屑邪褟薪邪|卸懈蟹薪褜|斜褍写写邪|邪褕胁邪谐褏芯褕懈褌褜
PRES_9a58e03451,懈薪写懈褟|薪邪蟹胁邪薪懈械|薪褍谢褜
PRES_a662f456a2,屑芯谐芯谢褜褋泻懈泄|泻芯薪褑械锌褑懈褟|斜芯谐芯懈蟹斜褉邪薪薪芯褋褌褜|褋胁械褌芯薪芯褋薪芯褋褌褜|胁懈蟹褍邪谢褜薪褘泄|胁芯锌谢芯褖械薪懈械
PRES_a6bcd565b0,褞褉懈泄_褉械褉懈褏|斜褍写写懈蟹屑|褏褉邪屑|褋邪薪泻褌|锌械褌械褉斜褍褉谐
PRES_b0e2c5bfd8,褌械褉屑懈薪|褌邪褌褏邪谐邪褌|锌邪谢懈|泻邪薪芯薪
PRES_b67b7540fa,懈薪写懈褟|谐邪薪邪|蟹械褉泻邪谢芯|泻懈褌邪泄褋泻懈泄|谐褍邪
PRES_c1a79dc5fe,褌芯褉谐芯胁械褑|斜芯谐邪褔|懈褋褌芯褉懈褟|锌谢械屑械薪薪芯泄|锌芯写褉邪蟹写械谢械薪懈械|斜邪泄邪褌
PRES_c245e46b6e,褋邪泻褉邪谢褜薪褘泄|谐械芯谐褉邪褎懈褟|斜芯写褏谐邪泄|褌械泻褋褌芯胁褘泄|褌褉邪写懈褑懈褟
PRES_d0c16fc4c0,锌褉芯锌芯胁械写褜|泻邪斜懈褉|褟蟹褘泻|褋褌懈谢褜
PRES_e284c84ae6,褋邪薪褋泻褉懈褌懈蟹邪褑懈褟|锌械褉褎芯褉屑邪薪褋|锌褉械芯斜褉邪蟹芯胁邪薪懈械|褌褉邪写懈褑懈褟|褌褍谢褍薪邪写褍|芯褉懈褋褋邪
PRES_e5272eecdd,芯斜褉褟写|芯褋胁褟褖械薪懈械|褋褌邪褌褍褟|邪写褏懈胁邪褋邪薪邪|褌械泻褋褌|褋褌褉芯懈褌械谢褜褋褌胁芯|胁邪褋褌褍胁懈写褜褟|锌褍褉邪薪褘
PRES_e6c1d002d9,褉芯卸写械薪懈械|谐械褉芯泄|褋邪泻褉邪谢褜薪褘泄|锌械褉褋芯薪邪卸|懈薪写懈褟|锌芯胁械褋褌胁芯胁邪褌械谢褜薪褘泄|褌褉邪写懈褑懈褟|泻芯屑锌芯蟹懈褑懈褟|褋芯薪|屑邪泄褟
PRES_e7f53e7c10,芯斜褉邪蟹|锌芯褌芯泻|褌邪屑懈谢褜褋泻懈泄|锌芯褝蟹懈褟
PRES_ec1abc9fd1,锌褍褌褜|锌械褋械薪薪褘泄|褌械泻褋褌|锌械褉械胁芯写|屑械褌邪褎芯薪懈褟
PRES_fa1f4db445,薪械懈蟹胁械褋褌薪褘泄|懈谢谢褞褋褌褉懈褉芯胁邪褌褜|屑邪薪褍褋泻褉懈锌褌|薪械锌邪谢|褋芯斜褉邪薪懈械|泻邪斜懈薪械褌|褞褉懈泄_褉械褉懈褏|懈薪褋褌懈褌褍褌_胁芯褋褌芯泻芯胁械写械薪懈褟_褉邪薪
PRES_00dba5f22c,褔褌芯|锌懈褌褜|锌懈褌懈械|锌芯蟹懈褑懈褟|褌懈斜械褌|屑邪写褏褜褟屑邪泻|屑薪芯谐芯屑懈褉芯胁芯泄|泻芯薪褑械锌褑懈褟|褝胁械褉械褌褌邪-屑械薪褋泻懈泄
PRES_0b6b8afcb2,邪褌芯屑懈褋褌懈褔械褋泻懈泄|斜褍写写懈蟹屑
PRES_0cfab3c29b,褉邪褋褕懈褉械薪懈械|褉邪褋锌褉芯褋褌褉邪薪械薪懈械|褍锌芯褌褉械斜谢械薪懈械|谐谢邪谐芯谢褜薪褘泄|泻芯褉械薪褜|褉懈谐胁械写邪
PRES_14160d038b,写邪谢懈褌褋泻邪泄|邪胁褌芯斜懈芯谐褉邪褎懈褟|褋锌械褑懈褎懈褔械褋泻懈泄|卸邪薪褉
PRES_15ddb2e3bf,屑懈褋褋懈芯薪械褉褋泻懈泄|懈褋褌芯褉懈褟|懈薪写懈褟|褎褉邪薪褑懈褋泻|泻褋邪胁褜械
PRES_195d6fc0bc,芯斜褉邪蟹薪褘泄|褋懈褋褌械屑邪|芯褌褕械谢褜薪懈褔械褋泻懈泄|锌芯褝蟹懈褟|褉邪薪薪懈泄|斜褍写写懈蟹屑
PRES_1b1e7ee72c,褔褍写芯|锌芯谢芯薪薪邪褉褍胁
PRES_1f1bea1183,褉邪褋褋泻邪蟹|屑邪褋褌械褉褋褌胁芯|写褉械胁薪械懈薪写懈泄褋泻懈泄|谐芯褉芯写褋泻芯泄|谢懈褌械褉邪褌褍褉邪
PRES_20a3d34c80,锌械褉械胁芯写|褕褉懈斜褏邪褕懈泄|褉邪屑邪薪褍写卸
PRES_20f5fa7819,褟蟹褘泻|胁薪械褟蟹褘泻芯胁芯泄|写械泄褋褌胁懈褌械谢褜薪芯褋褌褜|胁邪泻褜褟锌邪写懈泄|斜褏邪褉褌褉懈褏邪褉懈
PRES_2715b98469,懈薪写懈褟|邪胁褌芯斜懈芯谐褉邪褎懈褔械褋泻懈泄|泻薪懈谐邪|薪邪泄锌芯谢褘泄
PRES_2aa82261d1,薪邪褍褔薪芯-褎邪薪褌邪褋褌懈褔械褋泻懈泄|褉邪褋褋泻邪蟹|褏褍屑邪褞薪邪|邪褏屑械写
PRES_2fba1f0162,斜褉邪褏屑邪褉邪泻褕邪褋|写褉械胁薪芯褋褌褜|褋芯胁褉械屑械薪薪芯褋褌褜
PRES_36924ac394,褌械褉屑懈薪|褋邪褍褌褉邪薪褌懈泻|邪斜褏懈写褏邪褉屑邪泻芯褕|胁邪褋褍斜邪薪写褏
PRES_3759903dc9,褎褉邪谐屑械薪褌|写懈褋泻褍褋褋懈褟|锌褍写谐邪谢邪|泻邪褌褏邪胁邪褌褌褏|锌褍写谐邪谢邪|褋泻邪薪写褏
PRES_3df80915c1,谢褍薪薪褘泄|褋芯蟹胁械蟹写懈械|褌褉邪写懈褑懈褟|懈屑褟薪邪褉械褔械薪懈械|写褉械胁薪懈泄|懈薪写懈褟
PRES_3e050c97df,泻芯谢谢械泻褑懈褟|懈薪写懈褟|褉褍泻芯锌懈褋褜|褉褍泻芯锌懈褋薪褘泄|褎芯薪写|斜懈斜谢懈芯褌械泻邪|褋锌斜谐褍
PRES_3e5e8e70ba,芯斜褉邪褖械薪懈械|褍褔邪褋褌薪懈泻|泻芯薪褎械褉械薪褑懈褟
PRES_4306e74d40,谐械薪械褌懈褔械褋泻懈泄|屑械卸写褍|懈薪写懈褟|屑械褋芯锌芯褌邪屑褋泻懈泄|屑懈褎|锌芯褌芯锌
PRES_48fe6a6077,褋械屑褜|锌芯蟹薪邪胁邪褌褜|褉械泻芯谐薪懈褌懈胁薪褘泄|褋邪屑芯锌芯蟹薪邪薪懈械|邪斜褏懈薪邪胁邪谐褍锌褌邪
PRES_4bc7a6fa32,褝褌懈屑芯谢芯谐懈褟|褌械褉屑懈薪|胁褜褟泻邪褉邪薪|斜褍写写懈蟹屑|懈褋褌芯褔薪懈泻
PRES_525929e7ed,泻懈薪薪邪褉褘|褋泻褍谢褜锌褌褍褉邪|谢懈褌械褉邪褌褍褉邪|懈薪写懈褟
PRES_53522f63c1,泻芯薪褑械锌褌|斜褉邪褏屑邪薪懈褋褌褋泻懈泄|褎懈谢芯褋芯褎懈褟|写懈褋泻褍褉褋|卸械薪褋泻懈泄|锌褉懈薪褑懈锌|薪邪褉芯写薪褘泄|懈薪写褍懈蟹屑
PRES_56a4aaf53a,泻芯屑锌芯蟹懈褑懈褟|邪斜褏懈写褏邪褉屑邪褋邪屑褍褔褔邪泄
PRES_5771f5a6b7,褌懈褉褍褌褌芯薪写邪褉|褌懈褉褍胁邪薪写邪褋褌褜|薪邪屑斜懈褌褜|邪薪写邪褉|薪邪屑斜懈褌褜|褉械写邪泻褌芯褉|褎芯褉屑懈褉芯胁邪薪懈械|泻邪薪芯薪懈褔械褋泻懈泄|褋锌懈褋芯泻|斜褏邪泻褌-薪邪褟薪邪褉
PRES_5bb9175b5b,褌褉邪薪褋褎芯褉屑邪褑懈褟|褋褞卸械褌|锌褉芯褋胁械褌谢械薪懈械|锌械褉胁褘泄|锌褉芯锌芯胁械写褜|斜褍写写邪|褋胁械褌|褉邪薪薪懈泄|泻懈褌邪泄褋泻懈泄|锌械褉械胁芯写|褋褍褌褉邪
PRES_617b761321,薪邪褉芯写薪褘泄|褋褌懈谢褜|褉械褔褜|斜褏褉邪屑邪褉邪-谐懈褌邪|褋褍褉写邪褋
PRES_761cbc2fa1,胁械写写邪|谐谢邪蟹|褋懈薪谐邪谢|锌褉芯褕谢褘泄|薪邪褋褌芯褟褖懈泄
PRES_7a4c10b9d8,胁芯褉芯斜褜械胁-写械褋褟褌芯胁褋泻懈泄|褉邪蟹胁懈褌懈械|褉芯褋褋懈泄褋泻芯-懈薪写懈泄褋泻懈泄|泻褍谢褜褌褍褉薪褘泄
PRES_82ae7abc5a,褋褌邪褉褘泄|褋泻邪蟹泻邪|薪芯胁褘泄|谢邪写|写械胁写邪褋|懈薪写懈褟|泻懈薪械屑邪褌芯谐褉邪褎|胁械泻
PRES_891e3870db,斜芯薪泻懈屑褔芯薪写褉芯|褔芯褌褌芯锌邪写写褏邪褌褜|谐械薪械蟹懈褋|薪械芯懈薪写褍懈蟹屑|斜械薪谐邪谢懈褟
PRES_899ee181a5,褉芯屑邪薪|泻邪写邪屑斜邪褉懈|褋芯胁褉械屑械薪薪褘泄|锌褉芯写芯谢卸械薪懈械
PRES_89a87b7d2e,芯斜懈褌邪褌械谢褜
PRES_8ac58078e5,屑械褌邪褎芯褉邪|锌芯谢懈褋械屑懈褟|斜褍写写懈蟹屑|褌邪薪褌褉邪
PRES_8c5c002838,芯斜褉邪蟹|泻褉懈褕薪邪|屑邪褏邪斜褏邪谐邪胁邪褌邪-锌褍褉邪薪邪
PRES_9a274b4cf8,锌械褉胁芯锌械褔邪褌薪褘泄|褏褉懈褋褌懈邪薪褋泻懈泄|泻薪懈谐邪|懈薪写懈褟
PRES_9b99780d43,屑邪薪懈锌褍褉懈|屑邪薪懈锌褍褉|褌邪薪械褑|懈褋泻褍褋褋褌胁芯|锌芯谢懈褌懈泻邪
PRES_addb4753ec,褋泻邪蟹邪薪懈械|褉邪褌薪邪泻邪谢懈泻邪|褋芯褋褌邪胁|锌芯褝屑邪|谢芯褉|褔邪薪写褉邪薪褜
PRES_c1f611081b,褋懈褋褌械屑邪|芯斜褉邪蟹|锌芯褝蟹懈褟|泻邪胁懈械|谢懈褉懈褔械褋泻懈泄|褋褌懈褏|邪薪褌芯谢芯谐懈褟|胁懈写褜褟泻邪褉邪|褋褍斜褏邪褕懈褌邪褉邪褌薪邪泻芯褕
PRES_d430246a1f,褝锌芯褋|泻邪褌邪屑邪|褉邪写卸邪|泻邪褌褏|芯褋薪芯胁薪芯泄|褋褞卸械褌
PRES_df75470655,薪械褋泻芯谢褜泻芯|褕褌褉懈褏|褋泻邪蟹邪薪懈械|薪邪谢械
PRES_e152e08e66,褉芯褋锌懈褋褜|芯褋邪泻芯褌褏懈|褕褌邪褌|芯褉懈褋褋邪
PRES_eb575eaa4d,褟屑邪|锌械褋褋懈屑懈褋褌|褔邪褋褌懈褑邪|懈薪写芯械胁褉芯锌械泄褋泻懈泄|锌邪褉邪谢谢械谢褜|褋褌懈褏|褉懈谐胁械写邪|褌芯薪芯褟薪-斜械谢褟械胁|褋芯写械褉卸邪薪懈械|褋褌懈谢褜|褌械泻褋褌|胁邪褋褌褍-褋褍褌褉邪-褍锌邪薪懈褕邪写|懈薪褌械褉械褋薪褘泄
PRES_efa8567f64,胁薪芯胁褜|薪邪泄褌懈|泻褋懈谢芯谐褉邪褎|褋邪薪褋泻褉懈褌|邪谢褎邪胁懈褌|褌褉懈|谐褉邪褎懈褔械褋泻懈泄|胁邪褉懈邪薪褌|锌褉懈胁械蟹褌懈|屑械褋褋械褉褕屑懈写褌|褋懈斜懈褉褜
PRES_fa41b47935,谢械谐械薪写邪|锌芯褝褌-褉械斜械薪芯泻|褋邪屑斜邪薪写邪褉|屑懈褎|褉械邪谢褜薪芯褋褌褜
PRES_03402280ff,胁蟹邪懈屑芯写械泄褋褌胁懈械|斜褍写写懈蟹屑|胁芯懈薪褋泻懈泄|泻褍谢褜褌褍褉邪|芯泄褉邪褌
PRES_03e4f6f86b,胁芯褋锌芯屑懈薪邪薪懈械|写械褌褋褌胁芯|芯薪械谐邪
PRES_0bb0a01234,褏褍写芯卸械褋褌胁械薪薪褘泄|褌邪屑懈谢褜褋泻懈泄|邪薪褌芯谢芯谐懈褟|泻邪谢懈褌褌芯褏械泄|锌械褋薪褟
PRES_168720e32a,褋懈屑胁芯谢懈褔械褋泻懈泄|褟蟹褘泻|斜褍写写懈蟹屑|胁邪写卸褉邪褟薪邪|泻邪谢邪褔邪泻褉邪|褌邪薪褌褉邪
PRES_2ae3c0414e,泻谢邪褋褋懈褎懈泻邪褑懈芯薪薪褘泄|褋锌懈褋芯泻|屑邪褌懈泻|褉邪薪薪懈泄|斜褍写写懈蟹屑
PRES_3a8edf51a0,屑芯褌懈胁|屑芯谐芯谢褜褋泻懈泄|屑芯薪邪褉褕懈泄|锌芯褉褌褉械褌|谐械薪械蟹懈褋|褋械屑邪薪褌懈泻邪
PRES_3c97651b93,胁褋邪写薪懈泻|褕邪屑斜邪谢|褌邪薪泻邪|褋芯斜褉邪薪懈械|屑械屑芯褉懈邪谢褜薪褘泄|泻邪斜懈薪械褌|褞褉懈泄_褉械褉懈褏|懈胁_褉邪薪
PRES_3da4b2c217,斜褏邪写卸邪薪-锌褉芯锌芯胁械写褜|屑懈褉邪_斜邪懈|褋褌懈谢懈褋褌懈泻邪|卸邪薪褉
PRES_47c3348c64,芯斜褉邪蟹|褉邪褏褍谢邪|褟锌芯薪褋泻懈泄|褉懈褌褍邪谢褜薪褘泄|褌械泻褋褌|泻芯褋懈泻
PRES_4be1348822,褉械褉懈褏|懈褋褌芯褉懈褟|褌芯褏邪褉
PRES_5553ddc3b0,胁谢邪褋褌褜|写邪褉|薪械斜芯
PRES_583cc5402f,胁懈薪邪写褏邪褉邪|邪褉写褏邪薪邪褉懈褕胁邪褉邪|锌械褉械褏芯写薪芯泄|懈泻芯薪芯谐褉邪褎懈褟|褕懈胁邪
PRES_5a19c2a8d0,械胁褉芯锌械泄褋泻懈泄|褎械薪芯屑械薪芯谢芯谐懈褟|斜褍写写懈蟹屑|褋胁械褌|褋锌芯褉|锌褉械写褋褌邪胁懈褌械谢褜|泻邪褕屑懈褉褋泻懈泄|褕泻芯谢邪|锌褉邪褌褜褟斜褏懈写卸薪懈泄|斜褍写写懈褋褌
PRES_5e73ba89b7,褋邪薪褋泻邪褉邪|锌芯褋胁褟褖械薪懈械|褍褔械薪懈泻|褍锌邪薪邪褟薪|褉褟写|写褉褍谐芯泄|褋邪薪褋泻邪褉邪|写褉械胁薪懈泄|褉邪蟹褉邪斜芯褌泻邪|褋褌褉邪褌懈褎懈泻邪褑懈褟|懈薪写懈褟|芯斜褖械褋褌胁芯
PRES_661914709f,锌褉芯谐褍谢泻邪|谐芯褉芯写|褏邪薪褍屑邪薪|褝锌懈蟹芯写|褉邪屑邪褟薪邪|锌邪褉邪谢谢械谢褜|邪褉褌褏邪褕邪褋褌褉|泻邪褍褌懈谢褜褟|锌邪谢懈|泻邪薪芯薪
PRES_6b4df0d231,胁芯褋褏芯卸写械薪懈械|泻邪泄谢邪褋邪|懈褋褌芯褉懈褟|褕邪泄胁邪-斜褏邪泻褌|褋褍薪写邪褉邪褉邪|褔械褉邪屑邪薪邪|锌械褉褍屑邪谢懈褌褜|褉邪褋褋泻邪蟹邪褌褜|锌械褉懈褟锌褍褉邪薪|褋械泻泻懈卸邪褉邪|褎褉械褋泻邪|褏褉邪屑|斜褉懈褏邪写懈褕胁邪褉邪|褌邪薪写卸芯褉
PRES_77c95981ae,屑懈褎|褋芯卸卸械薪懈械|褌褉懈锌褍褉邪|锌械褉械泻褉械褋褌芯泻|胁械写懈泄褋泻懈泄|褝锌懈褔械褋泻懈泄|褌褉邪写懈褑懈褟
PRES_877b168c0c,泻邪褉屑邪|褋胁褟蟹邪薪薪褘泄|褌械褉屑懈薪|锌邪褌邪谢|泻邪谢邪褔邪泻褉-褌邪薪褌褉邪
PRES_90144b87a9,锌褉芯懈褋褏芯卸写械薪懈械|邪褕褉邪屑薪褘泄|锌褉邪泻褌懈泻邪|锌褉芯懈蟹胁械写械薪懈械|泻邪谢懈写邪褋
PRES_a0af113263,泻懈褌邪泄褋泻懈泄|锌械褉械胁芯写|褉邪薪薪懈泄|斜褍写写懈蟹屑|褋褍褌褉邪|褉械泻芯薪褋褌褉褍泻褑懈褟|懈褋褌芯褉懈褟|懈薪写懈褟|褌械泻褋褌
PRES_a66ce250fa,褉懈褌褍邪谢|斜褍写写懈蟹屑|屑芯薪邪褋褌褘褉褜|泻褍褕邪薪褋泻懈泄|褌械褉屑械蟹|褉械泻芯薪褋褌褉褍泻褑懈褟
PRES_aa48b528e8,胁蟹邪懈屑芯锌褉芯薪懈泻薪芯胁械薪懈械|懈薪写褍懈蟹屑|斜褍写写懈蟹屑|泻芯薪褌械泻褋褌|薪械锌邪谢褜褋泻懈泄|谢械谐械薪写邪|褉械谢懈谐懈褟|锌褉邪泻褌懈泻邪
PRES_bbed1796bb,屑械褏邪薪懈蟹屑|懈薪褌械褉褌械泻褋褌|褉邪薪薪械斜褍写写懈泄褋泻懈泄|褌械泻褋褌芯胁褘泄|褌褉邪写懈褑懈褟
PRES_bc71d23355,写懈邪谢械泻褌|邪屑写褘泄|薪械褌芯薪芯胁褘泄|写懈邪谢械泻褌|褌懈斜械褌|褟蟹褘泻
PRES_d358667395,芯斜褉邪蟹|屑懈褉|懈薪写懈褟|薪邪褋褌芯谢褜薪褘泄|懈谐褉邪
PRES_d3a1014be2,褔褍胁褋褌胁芯|胁褉械屑褟|胁械薪芯泻|褋芯薪械褌
PRES_d952c65e18,谢懈褌械褉邪褌褍褉邪|泻邪薪芯薪|懈薪薪芯胁邪褑懈褟|锌芯褝屑邪|写卸邪褟薪泻芯薪写邪褉|锌邪褉邪薪褜|胁芯泄薪邪|泻邪谢懈薪谐邪
PRES_d97538f124,褉懈褌褍邪谢褜薪褘泄|褌械泻褋褌|胁褋械谢械薪薪邪褟|谢懈褌械褉邪褌褍褉邪|锌械褉械胁芯写
PRES_da2e8e521f,芯锌褉芯胁械褉卸械薪懈械|褋褍褖械褋褌胁芯胁邪薪懈械|褋褍斜褗械泻褌|锌芯谢械屑懈泻邪|胁邪泄褕械褕懈泻|褋褍褖械褋褌胁芯胁邪薪懈械|褋褍斜褗械泻褌|锌褍写谐邪谢邪胁懈薪懈褕褔邪泄|胁邪褋褍斜邪薪写褏
PRES_e4714d395f,泻褍谢褜褌|薪邪褉邪褋懈薪褏|褌褉邪泻褌邪褌|胁邪褋褌褍胁懈写褜褟|锌褍褉邪薪褘
PRES_e7b0ae48ad,锌褍褕泻懈薪|褟蟹褘泻|薪械锌邪褋褌褜
PRES_efa644ebfa,械褉械褌懈泻|谢芯泻邪褟褌懈泻|芯褉褌芯写芯泻褋|泻邪褍褌褋
PRES_f0240ba1c9,卸邪薪褉|锌邪褉懈斜褏邪褕邪|褋褍褌褉邪|邪锌邪褋褌邪屑斜
PRES_0068d49980,屑芯褉邪胁褋泻懈泄|屑懈褋褋懈褟|谢邪写邪泻褏|褌懈斜械褌|褏褉懈褋褌懈邪薪褋褌胁芯|屑芯褉邪胁褋泻懈泄|斜褉邪褌|褉邪蟹胁懈褌懈械|褟蟹褘泻|谢邪写邪泻褏
PRES_10a4d70166,胁械写懈泄褋泻懈泄|懈褋褌芯泻|锌械褉褋锌械泻褌懈胁懈蟹屑|斜褏邪褉褌褉懈褏邪褉懈|斜褍褉屑懈褋褌褉芯胁|锌邪褍谢褜|写芯泄褋褋薪褘泄|胁械写邪薪褌邪|械胁褉芯锌械泄褋泻懈泄|褎懈谢芯褋芯褎懈褟|褎懈谢芯褋芯褎懈褟|泻芯屑锌邪褉邪褌懈胁懈褋褌懈泻邪
PRES_11bae7431c,芯斜褉邪蟹|褉邪褋锌褍褌薪懈褑邪|锌褉邪泻褉懈褌褋泻懈泄|谢懈褉懈泻邪
PRES_146783a25e,谐械褉邪褋懈屑|谢械斜械写械胁|褝褌薪芯屑褍蟹褘泻芯谢芯谐|谢芯薪写芯薪褋泻懈泄|泻芯薪褑械褉褌
PRES_18af79d949,薪邪褍褔薪褘泄|褑械薪薪芯褋褌褜|褌褉褍写|屑懈薪邪械胁|斜褍写写懈蟹屑|褋锌斜
PRES_19d3632a7e,懈褋泻褍褋褋褌胁芯|屑邪褋褌械褉-锌芯褌褍邪|薪芯胁褘泄|褋褞卸械褌|褌褉邪写懈褑懈芯薪薪褘泄|懈褋锌芯谢薪械薪懈械
PRES_2a0e1b2cbb,懈薪写芯械胁褉芯锌械泄褋泻懈泄|锌邪褉邪谢谢械谢褜|胁械写懈泄褋泻懈泄
PRES_362845173d,薪械胁邪褉褋泻懈泄|斜褍写写懈蟹屑|胁谢懈褟薪懈械|褉械谢懈谐懈褟|卸懈蟹薪褜|薪械锌邪谢
PRES_367c4f966a,褎褍薪泻褑懈褟|写懈邪谢芯谐懈褔械褋泻懈泄|锌芯褝屑邪|斜褍写写懈蟹屑|泻邪薪芯薪
PRES_3aae77ecaf,褏褉懈褋褌懈邪薪褋泻懈泄|泻薪懈谐邪|懈薪写懈褟|褋褍斜泻芯薪褌懈薪械薪褌
PRES_3d94fe9cb2,芯褋薪芯胁薪芯泄|懈写械褟|褉械谢懈谐懈褟|谐械褉屑械薪械胁褌懈泻邪|芯斜械褉褏邪屑屑械褉|胁懈褕懈褕褌邪-邪写胁邪泄褌邪-胁械写邪薪褌
PRES_3f0186a62b,泻邪褌褏锌褍褌谢褟|薪邪褉芯写薪褘泄|屑邪褉懈芯薪械褌泻邪|褉邪写卸邪褋褌褏邪薪
PRES_417cd90017,褋薪芯胁邪|锌械褉械胁芯写|褌邪谐芯褉
PRES_41f97da7ea,褋斜芯褉薪懈泻|褋邪写褏邪薪邪|锌械褉械胁械褋褌懈|锌邪薪泻褉邪褌芯胁|锌械泻懈薪
PRES_49299cbe89,谐褍写卸邪褉邪褌|泻褍谢褜褌褍褉薪褘泄|褋屑褘褋谢|褋芯褑懈邪谢褜薪褘泄|褎褍薪泻褑懈褟|褌褉邪写懈褑懈芯薪薪褘泄|褌械邪褌褉
PRES_505b9c3a7b,锌芯薪懈屑邪薪懈械|胁褘褋芯泻懈泄|懈褋褌懈薪邪|锌邪褉邪屑邪褉褌褏|褔卸械|褑芯薪泻邪锌
PRES_606634cdb3,褋懈薪谐邪谢褜褋泻懈泄|屑邪褋褌械褉|写械褉械胁芯|谢邪薪泻邪|芯褋械薪褜
PRES_609d5b9f72,褉械锌褉械蟹械薪褌邪褑懈褟|芯斜褉邪蟹|邪写懈胁邪褋褜|锌芯锌褍谢褟褉薪褘泄|懈薪写懈褟|泻懈薪械屑邪褌芯谐褉邪褎
PRES_625c10aa1b,芯褋薪芯胁邪薪懈械|褌械褉屑懈薪|泻芯薪褌械泻褋褌|邪斜褏懈写褏邪褉屑邪褋邪屑褍褔褔邪泄
PRES_707faba145,褔邪泄褌邪薪褜褟|褍褔械薪懈械|褋械胁械褉芯懈薪写懈泄褋泻懈泄|谢懈褌械褉邪褌褍褉邪|斜褏邪泻褌邪屑邪谢|谐芯褋胁邪屑懈|薪邪斜褏邪写邪褋
PRES_71ed8e82c3,褎芯褉屑懈褉芯胁邪薪懈械|懈泻芯薪芯谐褉邪褎懈褟|褉懈褌褍邪谢|斜褏邪泻褌芯褌褋邪胁邪|褌邪屑懈谢褜褋泻懈泄|褕邪泄胁-斜褏邪泻褌褜|褌懈褉褍褌褌芯薪写邪褌褌芯褏械泄|褋褍薪写邪褉邪褉邪|屑邪褏芯褌褋邪胁邪胁懈写褏懈|邪谐褏芯褉邪褕懈胁
PRES_72191f65f9,屑懈褋褋懈芯薪械褉褋泻懈泄|懈褋褌芯褉懈褟|懈薪写懈褟|褉芯斜械褉褌芯|薪芯斜懈谢褜
PRES_74cd40949e,锌芯薪褟褌懈械|褎褍薪写邪屑械薪褌邪谢褜薪芯褋褌褜|懈薪写芯谢芯谐懈褟
PRES_74f987e071,褋谢芯胁邪褉褜|邪屑邪褉邪泻芯褕|芯褌褉邪卸械薪懈械|懈薪写懈褟|泻邪褉褌懈薪邪|屑懈褉|懈胁褉_褉邪薪|蟹械谢械薪褘泄|蟹邪谢
PRES_788a7544aa,斜褏褉邪屑邪褉-谐懈褌|褋褍褉写邪褋|褏邪褉邪泻褌械褉懈褋褌懈泻邪|褋褌懈谢褜
PRES_7acc74ab82,锌懈褋褜屑械薪薪芯褋褌褜|褟蟹褘泻|屑褍薪写邪
PRES_7c33afdee0,胁械泻|泻褉芯薪芯褋|褋邪褌懈械-褞谐|写胁邪|胁懈写|锌械褉胁芯斜褘褌薪褘泄|泻芯屑屑褍薪懈蟹屑|邪薪褌懈褔薪褘泄|褌械芯褉懈褟|褋芯褑懈芯谐械薪械蟹
PRES_988254dd64,邪褌懈褉邪褌褉|邪谐薪懈褔邪褟褌褜|蟹邪屑械褖械薪懈械|卸械褉褌胁械薪薪褘泄|卸懈胁芯褌薪芯械|褉懈褌褍邪谢
PRES_98b2929335,褞卸薪邪褟_懈薪写懈褟|褌械邪褌褉|褌械薪褜|褌芯谢锌邪胁邪|泻褍褌褏|褌褉邪写懈褑懈褟|褋芯胁褉械屑械薪薪芯褋褌褜
PRES_99df250203,褝褌薪芯谐褉邪褎懈褔械褋泻懈泄|谐褉褍锌锌邪|胁械写写褘|懈褋褌芯褉懈褟|褋芯胁褉械屑械薪薪芯褋褌褜
PRES_9a9e878cfe,褔械谢芯胁械泻|褋褍写褜斜邪|锌芯褋谢芯胁懈褑邪|褏懈薪写懈
PRES_a0347d2f8e,褉邪屑邪褟薪邪|写邪谢写卸懈褌芯|薪邪谐褉邪|薪芯胁褘泄|褌械泻褋褌|懈薪写懈褟|写懈邪褋锌芯褉邪
PRES_a4f7b5c51d,泻胁邪谢懈泄|褋胁械褌|斜褍写写懈蟹屑|褎懈谢芯褋芯褎懈褟
PRES_afb804b1d8,屑械褌邪褎懈蟹懈泻邪|屑懈褎芯谢芯谐懈褟|锌芯胁褋械写薪械胁薪褘泄|卸懈蟹薪褜|谐械薪写械褉薪褘泄|褉邪泻褍褉褋|褞卸薪邪褟_懈薪写懈褟|褌褉邪写懈褑懈褟
PRES_ba7098c9bc,胁械写懈泄褋泻懈泄|锌芯薪褟褌懈械
PRES_bb48ba0772,懈褋褌芯褉懈芯谐褉邪褎懈褔械褋泻懈泄|芯斜蟹芯褉|褎懈谢芯褋芯褎褋泻芯-锌芯褝褌懈褔械褋泻懈泄|薪邪褋谢械写懈械|胁械写邪薪褌邪褔邪褉褜褟|胁械写邪薪褌邪|写械褕懈泻
PRES_bb59843713,屑芯褉邪谢懈蟹邪褌芯褉褋褌胁芯|屑褘褋谢褜|泻褍谢褜褌褍褉邪|斜械薪谐邪谢褜褋泻懈泄|胁芯蟹褉芯卸写械薪懈械
PRES_becc032ebd,泻褉懈褌懈泻邪|褕邪薪泻邪褉邪|写芯泻褌褉懈薪邪|褋锌褏芯褌邪胁邪写
PRES_c3842d17d8,褔褍写芯|锌褉芯锌芯胁械写褜|谢械褋|褍褉褍胁懈谢械胁|锌械褉胁褘泄|锌芯褋谢械写芯胁邪褌械谢褜|斜褍写写邪|泻懈褌邪泄褋泻懈泄|胁械褉褋懈褟|斜懈芯谐褉邪褎懈褟|斜褍写写邪
PRES_d0a593aaa8,褌械泻褋褌芯谢芯谐懈褟|褕邪褌邪泻邪褌褉邪泄|斜褏邪褉褌褉懈褏邪褉懈|褕褉懈薪谐邪褉邪褕邪褌邪泻邪
PRES_de86e2a6e2,屑芯褌懈胁|写芯褏邪写褘|写褉械胁薪懈泄|卸懈蟹薪械芯锌懈褋邪薪懈械|斜褍写写邪
PRES_f522ab2214,锌褉械写褋泻邪蟹邪薪懈械|懈褋褔械蟹薪芯胁械薪懈械|写褏邪褉屑邪|褎邪泻褌芯褉|蟹邪褉芯卸写械薪懈械|褌褉邪写懈褑懈芯薪薪褘泄|懈褋褌芯褉懈芯谐褉邪褎懈褟|斜褍写写懈蟹屑
PRES_0ab3c85533,谢械谐械薪写邪|褉褘斜邪泻|懈褉谢邪薪写褋泻懈泄|褟蟹褘泻
PRES_0bc6ffc772,褋褌邪薪芯胁谢械薪懈械|泻褍谢褜褌|褉褍写褉褘泄-褕懈胁褘泄|写褉械胁薪械懈薪写懈泄褋泻懈泄|褋胁褟褖械薪薪褘泄|褌械泻褋褌|褌褉邪写懈褑懈褟|褕褉褍褌懈褌褜|屑懈褎芯谢芯谐械屑邪|褎懈谢芯褋芯褎懈褟|锌褉懈薪褑懈锌
PRES_0e4533e715,褋芯写械褉卸邪薪懈械|锌械褉胁褘泄|谐谢邪胁邪|褕褉懈泻邪谢邪褔邪泻褉-褌邪薪褌褉邪|褋芯谐谢邪褋薪芯|泻芯屑屑械薪褌邪褉懈泄
PRES_0e88c0544b,褋懈薪褌邪泻褋懈褔械褋泻懈泄|泻芯薪褋褌褉褍泻褑懈褟|褟蟹褘泻|锌邪谢懈
PRES_149d1014af,写邪褉写褋泻芯屑邪|褝谢械屑械薪褌|写芯褌懈斜械褌褋泻懈泄|薪邪褋械谢械薪懈械|谢邪写邪泻褏|斜邪谢褌懈褋褌邪薪|谢懈薪谐胁懈褋褌懈泻邪
PRES_150fd1b901,邪薪泻褏褜褟-薪邪褌|芯斜褉褟写|写褉邪屑邪|褋褉械写薪械胁械泻芯胁褘泄|邪褋褋邪屑|胁芯蟹褉芯卸写械薪懈械|褋械谐芯写薪褟
PRES_22c3c585a3,屑芯谐芯谢褜褋泻懈泄|懈蟹芯斜褉邪蟹懈褌械谢褜薪褘泄|屑褍谢褜褌懈谢懈薪谐胁懈蟹屑|泻褍谢褜褌褍褉薪褘泄|褝泻褋褌褉邪胁械褉褌薪芯褋褌褜
PRES_2bdddbacaf,锌芯褝屑邪|写械褋褟褌褜|锌械褋薪褟|锌械褉械胁芯写|褔褌械薪懈械|褌邪屑懈谢褜褋泻懈泄|褟蟹褘泻
PRES_32246c7904,锌芯谢械屑懈泻邪|褋褍斜褗械泻褌|屑械卸写褍|斜褍写写懈褋褌|薪褜褟褟-胁邪泄褕械褕懈泻|褌邪褌褌胁邪褋邪薪谐褉邪褏邪|褕邪薪褌邪褉邪泻褕懈褌
PRES_36a14e8fd3,懈薪褌械褉锌褉械褌邪褑懈芯薪薪褘泄|泻芯写|褉邪薪薪械胁械写懈泄褋泻懈泄|谢懈褌械褉邪褌褍褉邪|胁械写邪
PRES_3a9030ea71,锌械褉胁褘泄|懈蟹胁械褋褌薪褘泄|懈蟹芯斜褉邪卸械薪懈械|褉邪谐|褌械泻褋褌|泻芯薪褌械泻褋褌
PRES_3d081ec308,褌邪屑懈谢褜褋泻懈泄|斜邪谢谢邪写邪|褋泻邪蟹邪薪懈械|泻褍褋邪谢邪胁邪薪|褌褉邪泻褌芯胁泻邪|褎褉邪谐屑械薪褌|褉邪屑邪褟薪邪
PRES_3ea3a39e80,锌芯褝蟹懈褟|写懈邪谢械泻褌
PRES_3f2a8362cc,锌芯蟹写薪懈泄|胁械褉褋懈褟|泻邪谢邪褔邪泻褉-褌邪薪褌褉邪
PRES_5b6f4c9c6a,褉懈褌褍邪谢褜薪褘泄|褌械泻褋褌|屑邪褏邪胁邪褋褌邪
PRES_5dc09294c1,褌懈斜械褌|懈薪褋褌懈褌褍褌|褔芯泄-泄芯薪|薪邪褋褌邪胁薪懈泻-锌芯泻褉芯胁懈褌械谢褜|泻懈褌邪泄褋泻懈泄|懈褋褌芯褔薪懈泻
PRES_6c4f1eceba,褋械屑邪薪褌懈泻邪|懈蟹芯斜褉邪卸械薪懈械|锌褌懈褑邪|泻邪屑械薪薪褘泄|懈蟹胁邪褟薪懈械|褋褌械锌褜|械胁褉邪蟹懈褟
PRES_7501330de7,褌懈斜械褌|懈写懈芯屑|芯斜谢邪褋褌褜|邪屑写褘泄|薪邪褕|写械薪褜|屑械卸写褍|写懈邪谢械泻褌|褟蟹褘泻
PRES_75cecc8a6d,褌懈锌懈褔薪褘泄|屑芯屑械薪褌|锌芯褟胁谢械薪懈械|褋芯薪屑|斜芯卸械褋褌胁芯|薪械锌邪谢
PRES_762c65297f,屑械褌芯写芯谢芯谐懈褟|懈薪褌械褉褌械泻褋褌褍邪谢褜薪褘泄|锌邪谢懈|褋邪薪褋泻褉懈褌|褌械泻褋褌
PRES_7a25d6758f,褋褞卸械褌|斜褍写写邪|褉邪薪薪懈泄|斜褍写写懈蟹屑|褋邪泻褉邪谢褜薪褘泄|褌械泻褋褌
PRES_7d0bba92cc,锌械褉械胁芯写|褋褌懈褏|褟蟹褘泻|薪械锌邪褋褌褜
PRES_82a1a1029b,泻褍谢褜褌|薪邪褉邪褋懈薪褏|褌褉邪泻褌邪褌|胁邪褋褌褍胁懈写褜褟|锌褍褉邪薪褘
PRES_869eb3560b,胁芯泄薪邪|泻芯薪褌械泻褋褌|懈褋褌芯褉懈褟|斜褍写写懈褋褌-芯泄褉邪褌
PRES_86b13c26c6,褞褉懈泄_褉械褉懈褏|屑芯薪谐芯谢褜褋泻懈泄|褟蟹褘泻
PRES_93091ebf3a,锌芯褔械屑褍|写懈谐薪邪谐芯泄|薪邪蟹褘胁邪褌褜|芯锌褉械写械谢械薪懈械|胁芯褋锌褉懈褟褌懈械|胁邪褋褍斜邪薪写褏|邪褋邪褉|谢懈褕械薪薪褘泄|褋褍褌褜|屑械写谢械薪薪褘泄|褔褌械薪懈械|锌褉邪屑邪薪邪-褋邪屑褍褔褔邪褟-胁褉懈褌褌懈|写懈谐薪邪谐芯泄
PRES_9f49dca92d,褋屑械薪邪|屑芯褌懈胁懈褉芯胁泻邪|褋褉械写薪械胁械泻芯胁褘泄|褌械泻褋褌|写胁邪|褉邪屑邪褟薪邪
PRES_a56bd4d9d1,褋邪薪褋泻褉懈褌|锌芯褝蟹懈褟
PRES_a81b81e251,懈褋锌芯谢褜蟹芯胁邪薪懈械|胁褌芯褉懈褔薪褘泄|褌械泻褋褌|褑懈褌懈褉芯胁邪薪懈械|褋褉械写褋褌胁芯|胁械写械薪懈械|写懈褋泻褍褋褋懈褟|褋褍斜褗械泻褌|锌褍写谐邪谢邪|泻邪褌褏邪胁邪褌褌褏
PRES_aab18847b3,褞褉懈泄_褉械褉懈褏|谢褏邪褋褋泻芯屑邪|写懈邪谢械泻褌|褌懈斜械褌|褟蟹褘泻
PRES_af70362099,胁褘褏芯写|邪薪褌芯谢芯谐懈褟|懈薪写芯-懈褉谢邪薪写褋泻懈泄|褌械泻褋褌
PRES_bc48c6cda3,褋褍薪写邪褉邪褉邪|褕懈胁邪懈褌褋泻懈泄|泻邪薪芯薪|锌邪薪薪懈褉|褌懈褉褍屑褍褉褜褟
PRES_c892e395b5,懈蟹芯斜褉邪卸械薪懈械|泻邪薪邪泻邪胁邪褋褌褘泄|邪褉褏邪褌|泻邪褕屑懈褉|褔邪褋褌褜|锌芯谢懈锌褌懈褏|芯褌写械谢褜薪褘泄|褌邪薪泻邪|褌邪薪泻邪|褋芯斜褉邪薪懈械|泻邪斜懈薪械褌|褞褉懈泄_褉械褉懈褏|懈胁_褉邪薪|屑芯褋泻胁邪
PRES_cdb16edba1,褌械芯褉懈褟|锌褉邪泻褌懈泻邪|蟹邪懈屑褋褌胁芯胁邪薪懈械|褋邪薪褋泻褉懈褌|谢懈褌械褉邪褌褍褉邪|褌褉邪写懈褑懈褟
PRES_cf0485137b,褍褔械薪懈褔械褋褌胁芯|褋褞卸械褌|褉邪薪薪械斜褍写写懈泄褋泻懈泄|谢懈褌械褉邪褌褍褉邪
PRES_d6c029beed,写懈胁褜褟写褏胁邪薪褜|写械胁邪写褍薪写褍斜褏邪|懈泻芯薪芯谐褉邪褎懈褔械褋泻懈泄|屑芯褌懈胁|斜芯卸械褋褌胁械薪薪褘泄|屑褍蟹褘泻邪|写卸邪泄薪褋泻懈泄|褋泻褍谢褜锌褌褍褉邪|褝谢谢芯褉
PRES_d76b9f1f7f,懈蟹屑械薪械薪懈械|褟写卸邪屑邪薪|褕褉邪褍褌邪-褉懈褌褍邪谢|褌褉邪写懈褑懈褟|褋芯胁褉械屑械薪薪芯褋褌褜
PRES_e70f3480fc,褉懈褌芯褉懈褔械褋泻懈泄|褎褍薪泻褑懈褟|懈薪写懈褟|褋褉械写薪械胁械泻芯胁褘泄|锌芯褝蟹懈褟|斜褏邪泻褌懈
PRES_00c3fc1661,斜芯卸械褋褌胁械薪薪芯褋褌褜|斜褍写写邪|泻邪褌褏邪胁邪褌褌褏
PRES_0928c0dd29,写懈邪谢芯谐|懈薪写褍褋褋泻懈泄|褎懈谢芯褋芯褎懈褟|泻褉懈褕薪芯屑芯褏邪褌褜|斜邪薪械褉写卸懈|懈褋褌芯褉懈褟|屑褘褋谢褜|懈薪写懈褟|褏褉懈褋褌懈邪薪懈薪
PRES_0ebfa0f118,锌谢邪褔|屑邪褌褜|斜褍写写邪|屑械褉褌胁褘泄|褋褘薪|褝锌懈蟹芯写|谢械谐械薪写邪|锌褉芯褋胁械褌谢械薪懈械
PRES_19c807a65f,褎懈谢芯褋芯褎懈褟|褍褔械薪懈械|胁械写邪薪褌邪|写械褕懈泻|褋懈褋褌械屑邪|胁懈褕懈褕褌邪-邪写胁邪泄褌邪-胁械写邪薪褌
PRES_1aaabe5423,褋锌械褑懈褎懈泻邪|斜械薪谐邪谢褜褋泻懈泄|邪薪械泻写芯褌
PRES_205565b3d7,锌械褉懈芯写懈蟹邪褑懈褟|懈褋褌芯褉懈褟|懈薪写懈褟|褎懈谢芯褋芯褎懈褟|褉褍褋褋泻懈泄|褏褉懈褋褌懈邪薪褋泻懈泄|谐褍屑邪薪懈褌邪褉薪褘泄|邪泻邪写械屑懈褟|薪邪斜|褎芯薪褌邪薪泻邪|褝褌邪卸|邪泻褌芯胁褘泄|蟹邪谢
PRES_3ce89a6762,斜褉邪泻|斜芯卸械褋褌胁芯|褎芯褉屑邪|屑械写懈邪褑懈褟|薪械胁邪褉褋泻懈泄|芯斜褖械褋褌胁芯
PRES_3e55ce15ac,泻褍谢褜褌|谢懈薪谐邪屑|褌褉邪写懈褑懈褟|胁懈褉邪褕邪泄胁芯胁褘泄
PRES_45c0547868,屑械褌芯写|芯锌懈褋邪薪懈械|褋邪薪褋泻褉懈褌|泻谢邪褋褋懈褔械褋泻懈泄|褋褌懈褏芯褌胁芯褉薪褘泄|褉邪蟹屑械褉
PRES_47078a3292,褎芯谢褜泻谢芯褉薪褘泄|褝谢械屑械薪褌|褋泻邪蟹邪薪懈械|褉邪褌薪褟|胁械泻
PRES_4884ab035e,泻邪褉懈斜褋泻懈泄|褌械泻褋褌|懈薪写懈褟|写懈邪褋锌芯褉邪
PRES_491dee99e0,泻谢邪褋褋懈褎懈泻邪褑懈褟|胁懈写|写褍褏芯胁薪褘泄|芯褋胁芯斜芯卸写械薪懈械|懈薪写褍懈褋褌褋泻懈泄|褌邪薪褌褉邪
PRES_536a630888,褌邪屑懈谢褜褋泻懈泄|褉芯写褋褌胁械薪薪懈泻|写褉邪胁懈写芯谢芯谐懈褟|泻芯薪褌械泻褋褌|褋械屑邪薪褌懈泻邪|褌懈锌芯谢芯谐懈褟
PRES_56ba477abf,斜芯褉褜斜邪|褋芯斜褋褌胁械薪薪褘泄|褟蟹褘泻|谢邪写邪泻褏
PRES_575e445638,卸邪薪褉|锌芯褋谢邪薪懈械|褉械谢懈谐懈褟|锌芯褝蟹懈褟
PRES_6521310efe,薪邪褔邪谢芯|褋褌褉邪薪褋褌胁懈械|褝锌懈蟹芯写|邪斜褏懈薪懈褕泻褉邪屑邪薪|褋褍褌褉邪|斜谢邪谐芯|褟胁谢械薪懈械
PRES_6564eeace5,泻褉懈褌懈泻邪|斜褍写写懈蟹屑|懈褕胁邪褉邪-锌褉邪褌褜褟斜褏懈写卸薪褟-胁懈屑邪褉褕懈薪懈褌褜|邪斜褏懈薪邪胁邪谐褍锌褌邪
PRES_6623706082,屑邪泄褟|褍褔械薪懈械|薪芯胁褘泄|懈薪写懈褟|谐褍褉褍|懈谢谢褞蟹懈褟|褉械邪谢褜薪芯褋褌褜
PRES_6808a220bb,屑懈褎芯谢芯谐懈褟|泄芯谐懈薪懈-褌邪薪褌褉邪|懈胁褉_褉邪薪|蟹械谢械薪褘泄|蟹邪谢
PRES_6954835b7d,懈薪写懈褟|斜芯卸械褋褌胁芯|褋褍写褜斜邪|懈薪写芯械胁褉芯锌械泄褋泻懈泄|锌邪褉邪谢谢械谢褜
PRES_6b31c6dfea,泻芯褋褌褘谢褜|褎邪泻懈褉|邪褌褉懈斜褍褑懈褟|斜褘褌芯胁邪薪懈械
PRES_6e1915099b,锌褉邪蟹写薪芯胁邪薪懈械|褏芯谢褟|褉邪写卸邪褋褌褏邪薪|锌芯谢械胁芯泄
PRES_6e57a8cfb1,褉邪蟹屑褘褕谢械薪懈械|锌芯胁芯写|写胁邪|写褉械胁薪械谐褉械褔械褋泻懈泄|褋芯褋褍写
PRES_73e8c6e787,屑褍写褉芯褋褌褜|薪械蟹邪锌褟褌薪邪薪薪褘泄|芯泻褉褍卸懈褌褜|褋胁懈褌邪|芯锌褉械写械谢械薪懈械|褌械褉屑懈薪|邪斜褏懈写褏邪褉屑邪泻芯褕邪斜褏邪褕懈泄|胁邪褋褍斜邪薪写褏
PRES_7495ae17bb,泻褉懈褕薪邪|谐芯褉邪泻褏邪|褋懈谢邪|屑械褉褟褌褜褋褟|褋褌芯谢泻薪芯胁械薪懈械|褉邪蟹薪褘泄|屑懈褋褌懈褔械褋泻懈泄|褌械褔械薪懈械|褌胁芯褉褔械褋褌胁芯|屑邪谢懈泻邪|屑褍褏邪屑屑邪写|写卸邪褟褋褜
PRES_787c7a7fe6,褌邪谢褜胁邪褉薪褘泄|褉褍泻芯褟褌褜|褋懈屑胁芯谢懈泻邪|屑邪褝|泻褍薪褋褌泻邪屑械褉邪|褉邪薪|泻芯薪褎械褉械薪褑-蟹邪谢|写械褌褋泻懈泄|褑械薪褌褉
PRES_79b076d481,谢械泻褋懈泻邪|懈薪写懈胁懈写褍邪谢褜薪褘泄|褋褍斜褗械泻褌懈胁薪褘泄|薪邪褔邪谢芯|胁械写懈泄褋泻懈泄|褟蟹褘泻
PRES_7dc7b85b87,褏褉懈褋褌懈邪薪褋泻懈泄|泻薪懈谐邪|懈薪写懈褟|褟蟹褘泻|褉械褌褉芯褋锌械泻褌懈胁薪褘泄|斜懈斜谢懈芯谐褉邪褎懈褔械褋泻懈泄|褍泻邪蟹邪褌械谢褜
PRES_85a6141248,锌懈褋邪褌械谢褜|褏懈薪写懈|薪芯胁褘泄|锌芯泻芯谢械薪懈械|泻褌芯|蟹邪褔械屑|锌褉懈褋谢邪褌褜|谢懈褌械褉邪褌褍褉邪
PRES_98436ca474,写懈褎褎械褉械薪褑懈邪褑懈褟|胁械写写褘|胁蟹谐谢褟写|懈蟹胁薪械|懈蟹薪褍褌褉懈
PRES_a03dded834,泻褍谢褜褌褍褉邪|锌芯胁褋械写薪械胁薪芯褋褌褜|斜褉懈褌邪薪褋泻懈泄|褔懈薪芯胁薪懈褔械褋褌胁芯|懈薪写懈褟|薪械锌邪谢|屑懈薪邪械胁
PRES_a0726a7b77,懈褋褌芯褉懈褟|泻邪锌懈谢邪胁邪褋褌|锌芯褝屑邪|邪褕胁邪谐褏芯褕懈褌褜|褋邪褍薪写邪褉邪薪邪薪写
PRES_aeb8d4bed8,泻褉懈褌懈泻邪|褑械谢褜|写械褎懈薪懈褑懈褟|谢邪泻褕邪薪邪|泻褏邪薪写邪薪邪-泻褏邪薪写邪-泻褏邪写褜褟邪|褏邪褉褕懈|写械褎懈薪懈褑懈褟|胁芯褋锌褉懈褟褌懈械
PRES_b153547ebf,斜褍写写懈蟹屑|褎械薪芯屑械薪芯谢芯谐懈褟|斜械褋褋邪屑芯褋褌薪芯褋褌褜|泻芯薪褑械锌褌|锌褉芯褋褌芯-褟|褔卸械|褑芯薪泻邪锌
PRES_b2127f6e87,写懈邪谢芯谐|褉邪薪薪懈泄|褍锌邪薪懈褕邪写|邪谐芯薪|褉懈褌芯褉懈泻邪
PRES_b29b6d6f36,屑械褌邪褎芯褉邪|褋芯褋褍写|薪械锌邪谢褜褋泻懈泄|斜褍写写懈蟹屑
PRES_b88ce66786,懈薪写懈褟|褋褏械屑邪|褉邪褑懈芯薪邪谢褜薪芯褋褌褜|锌褉懈谢芯卸械薪懈械|懈薪写懈褟|褎懈谢芯褋芯褎懈褟
PRES_c0492c73f2,邪褋褋邪屑|锌褉械芯斜褉邪蟹芯胁邪薪懈械|褉懈褌褍邪谢褜薪褘泄|锌褉械写褋褌邪胁谢械薪懈械|斜褏邪泻邪褌芯胁|泻谢邪褋褋懈褔械褋泻懈泄|褌邪薪褑械胁邪谢褜薪褘泄|褋褌懈谢褜|懈薪写懈褟
PRES_c47dbe060a,褉懈褌褍邪谢|薪邪褔邪谢芯|锌褉械泻褉邪褖械薪懈械|胁械写邪
PRES_e15e0cc931,卸懈胁芯锌懈褋褜|谐褉邪褎懈泻邪|褋芯斜褉邪薪懈械|屑懈薪邪械胁|屑邪褝_褉邪薪|泻谢邪褋褋懈褎懈泻邪褑懈褟
PRES_f4fcdf4f99,芯斜褉邪蟹|斜芯谐|褉褍写褉褘泄|褕邪褌邪褉褍写褉懈械|谐械褉屑邪薪芯-褋泻邪薪写懈薪邪胁褋泻懈泄|斜芯谐
PRES_fd1c7dd152,薪邪褉芯写薪褘泄|胁械写邪薪褌邪|锌褉芯懈蟹胁械写械薪懈械|褕褉懈褔邪薪写褉邪
PRES_fe20d5625c,锌芯褝蟹懈褟|泻邪斜懈褉|褉邪写卸邪褋褌褏邪薪褋泻懈泄|褎芯谢褜泻谢芯褉
PRES_0285ee0cb7,褌褉邪写懈褑懈褟|谢邪谢懈褌邪胁懈褋褌邪褉邪|懈褋褌芯泻|薪芯胁褘泄
PRES_0461ef8135,芯斜褉邪斜芯褌泻邪|锌械褉胁芯懈褋褌芯褔薪懈泻|谢懈褌械褉邪褌褍褉邪|褋邪薪褋泻褉懈褌|写卸邪褌邪泻邪
PRES_07124e17dc,斜褍泻胁邪谢褜薪褘泄|锌械褉械胁芯写|褌褉械褌懈泄|胁械褉褋懈褟|泻邪谢邪褔邪泻褉-褌邪薪褌褉邪|斜褍写写懈蟹屑|泻邪薪芯薪
PRES_0ad046733d,褋械屑邪薪褌懈泻邪|谐谢邪谐芯谢褜薪褘泄|泻芯褉械薪褜|写械褉懈胁邪褌|写褉械胁薪械懈薪写懈泄褋泻懈泄|褝锌芯褋|锌芯褝蟹懈褟
PRES_0bcd9a42ef,懈写械邪谢|谢懈褌械褉邪褌褍褉邪|谐褍锌褌褋泻懈泄|褝锌芯褏邪
PRES_10d033beaa,褉邪褌薪邪胁邪谢懈褌褜|薪邪谐邪褉写卸褍薪|写邪褕邪斜褏褍屑懈泻邪-褋褍褌褉邪|褟胁薪褘泄|薪械褟胁薪褘泄
PRES_26341e4a7b,胁懈写懈屑褘泄|薪械胁懈写懈屑褘泄|屑懈褉|褌械芯褉械褌懈泻芯-泻褍谢褜褌褍褉薪褘泄|写懈褋泻褍褉褋|写褉械胁薪懈泄|懈薪写懈褟
PRES_390fabcbab,褌懈斜械褌|锌褉懈薪褑懈锌|褔芯泄-泄芯薪|褌懈斜械褌芯-褑懈薪褋泻懈泄|芯褌薪芯褕械薪懈械
PRES_3f663f57ec,胁芯写邪|胁芯写芯械屑|褌褉邪泻褌邪褌|胁邪褋褌褍胁懈写褜褟|锌褍褉邪薪褘
PRES_43bdc7ab3f,懈薪写懈褟|薪褍屑械褉邪褑懈芯薪薪褘泄|褋懈褋褌械屑邪|褌褉邪泻褌邪褌|屑邪褏邪胁懈褉邪褔邪褉褜褟|褋芯斜褉邪薪懈械|芯褋薪芯胁薪褘泄|锌芯谢芯卸械薪懈械|薪邪褍泻邪|胁褘褔懈褋谢械薪懈械|褋械褉邪
PRES_454d44aaed,褋邪薪写邪谢芯胁褘泄|褋褌邪褌褍褟|斜褍写写邪
PRES_4afd142d6d,斜芯卸械褋褌胁芯|芯斜褉邪蟹|褌褉懈谐褉邪屑屑|泻懈褌邪泄褋泻懈泄|泻薪懈谐邪|锌械褉械屑械薪邪|褋胁懈褌泻邪|泻芯谢谢械泻褑懈褟|褉械褉懈褏|谐芯褋褍写邪褉褋褌胁械薪薪褘泄|屑褍蟹械泄|胁芯褋褌芯泻
PRES_4b9af3479e,写懈褋泻褍褋褋懈褟|屑械卸写褍|斜褍写写懈褋褌|褋邪薪泻褏褜褟懈泻|褋褍褖械褋褌胁芯胁邪薪懈械|锌褉懈褉芯写邪|邪褌屑邪薪邪|褉邪蟹写械谢|邪褌屑邪锌邪褉懈泻褕邪|褌邪褌褌胁邪褋邪薪谐褉邪褏邪|褕邪薪邪褌邪褉邪泻褕懈褌
PRES_587468d32d,褌械泻褋褌|泻芯薪褌械泻褋褌|芯斜褉邪蟹|懈写械邪谢褜薪褘泄|褋懈泻褏褋泻懈泄|锌褉邪胁懈褌械谢褜|泻芯写械泻褋|锌械褉械褌褜|褋褍屑邪褉邪谐邪|锌芯蟹写薪械褋褉械写薪械胁械泻芯胁褘泄|锌邪薪写卸邪斜褋泻懈泄|褉械邪谢懈褟
PRES_59d889fde6,芯斜褉邪褖械薪懈械|斜褍写写懈蟹屑|褋褍褌褉邪|薪械褟褋薪褘泄|锌褉芯懈褋褏芯卸写械薪懈械|懈屑锌械褉邪褌芯褉褋泻懈泄|写胁芯褉|褟锌芯薪懈褟
PRES_5a50ff4176,邪锌邪褋褌邪屑斜邪-褟写卸薪邪-锌邪褉懈斜褏邪褕邪褋褍褌褉芯|锌械褉械胁芯写
PRES_5b31649829,褌邪薪褌褉懈褔械褋泻懈泄|褌褉邪写懈褑懈褟|懈褋泻褍褋褋褌胁芯|懈薪写懈褟|屑芯写械褉薪懈蟹屑
PRES_6329aa3fb2,褔懈写邪屑斜邪褉|写懈泻褕懈褌邪褉邪|蟹械褉泻邪谢芯|锌邪薪薪懈褉|褌懈褉褍屑褍褉褜褟
PRES_690401765d,写械械锌褉懈褔邪褋褌懈械|锌邪褋褋懈胁薪褘泄|蟹邪谢芯谐|褟蟹褘泻|锌邪谢懈
PRES_73997bde8a,锌芯褌邪谢邪泻|屑械褋褌芯锌褉械斜褘胁邪薪懈械|邪胁邪谢芯泻懈褌械褕胁邪褉邪|芯斜褉邪蟹|褌懈斜械褌|褌褉邪写懈褑懈褟|褌邪薪泻邪|褋芯斜褉邪薪懈械|泻邪斜懈薪械褌|褞褉懈泄_褉械褉懈褏|懈胁_褉邪薪|屑芯褋泻胁邪
PRES_8ccd58e4ca,薪械褌懈斜械褌褋泻懈泄|谢械泻褋懈泻邪|褌懈斜械褌|写懈邪谢械泻褌|斜邪谢褌懈褋褌邪薪|泻邪褉谐懈谢|褝褌懈屑芯谢芯谐懈褔械褋泻懈泄|泻谢邪褋褋懈褎懈泻邪褑懈褟
PRES_9991b02531,锌褍褌械褕械褋褌胁懈械|褌褘褋褟褔邪|薪芯褔褜|懈褉谢邪薪写懈褟
PRES_9aff1006ae,胁褉邪褌褜褟|褔邪泻褉邪胁邪褉褌懈薪邪|芯斜褉邪蟹|屑懈褉芯写械褉卸械褑|写褉械胁薪懈泄|懈薪写懈褟|锌邪谢懈|褋邪薪褋泻褉懈褌|胁械写懈泄褋泻懈泄|懈褋褌芯褔薪懈泻
PRES_9e7c42bb8a,斜芯谐懈薪褟|谐褏邪薪褌芯泄|谐褏邪褌芯屑|写褍褉谐邪|懈泻芯薪芯谐褉邪褎懈褔械褋泻懈泄|锌褉芯谐褉邪屑屑邪|斜褍写写懈蟹屑|褏褉邪屑|邪褍褉邪薪谐邪斜邪写
PRES_9ecbe3104e,懈屑锌械褉褋泻懈泄|懈写械褟|褝褌薪懈褔械褋泻懈泄|褋褌械褉械芯褌懈锌|泻芯薪褑械锌褌|屑芯薪谐芯谢|锌械褉胁褘泄|锌芯谢芯胁懈薪邪
PRES_9fe3408640,斜褉邪褏屑邪写械胁|泻芯屑屑械薪褌邪褉懈泄|写褉邪胁褜褟-褋邪薪谐褉邪褏邪-胁褉懈褌褌懈|泻芯薪褌械泻褋褌|写卸邪泄薪褋泻懈泄|褌械泻褋褌芯胁褘泄|褌褉邪写懈褑懈褟
PRES_a0f09ba677,屑邪写邪谢褜|芯斜褉褟写|褋邪屑芯懈褋褌褟蟹邪薪懈械|褌邪屑懈谢褜褋泻懈泄|锌芯褝蟹懈褟
PRES_b8048f3ae8,褋芯芯褌薪芯褕械薪懈械|褋褍斜褗械泻褌-锌褍写谐邪谢邪|写懈褋泻褉械褌薪芯褋褌褜|屑褘褕谢械薪懈械-褔懈褌褌邪|褍褋褌芯泄褔懈胁芯褋褌褜|褏邪褉邪泻褌械褉懈褋褌懈泻邪|谢懈褔薪芯褋褌褜|褌械泻褋褌|泻邪褌褏邪胁邪褌褌褏|褎褉邪谐屑械薪褌
PRES_c1939d2e87,屑邪泄褌褏褍薪邪|褋谢懈褟薪懈械|谢芯褌芯褋|胁邪写卸褉邪|褋懈屑胁芯谢懈褔械褋泻懈泄|褟蟹褘泻|褋邪薪写褏懈械-斜褏邪褕|斜褍写写懈蟹屑|胁邪写卸褉邪褟薪邪
PRES_d476549bbe,芯斜褉邪蟹|泄褍褋褍褎邪|屑芯谐芯谢褜褋泻懈泄|卸懈胁芯锌懈褋褜|邪褌褉懈斜褍褑懈褟
PRES_d648392ad9,薪械褋泻芯谢褜泻芯|褋谢芯胁芯|邪写胁邪泄褌械|褋胁械褌|褍蟹薪邪胁邪薪懈械|褋械斜褟|锌褉械写械谢褜薪褘泄|芯斜谢邪写邪褌褜|褌芯谢泻芯胁邪薪懈械|邪斜褏懈薪邪胁邪谐褍锌褌邪|懈褕胁邪褉邪锌褉邪褌褜褟斜褏懈写卸薪褟-泻邪褉懈泻邪|褍褌锌邪谢邪写械胁
PRES_dbe72b28f9,懈褉芯薪懈褟|褉懈褌芯褉懈褔械褋泻懈泄|褎懈谐褍褉邪|褋械胁械褉芯懈薪写懈泄褋泻懈泄|锌芯褝蟹懈褟|斜褏邪泻褌懈
PRES_e63e2c0069,卸懈胁芯锌懈褋褜|谐褉邪褎懈泻邪|谐懈屑邪谢邪泄褋泻懈泄|褉械谐懈芯薪|泻芯谢谢械泻褑懈褟|屑懈薪邪械胁|屑邪褝_褉邪薪|邪褌褉懈斜褍褑懈褟
PRES_eb1a5f1b93,斜褍写写懈蟹屑|屑懈褋褋懈褟|褉械褉懈褏|谢褏邪褋邪
PRES_edcf9f8de0,泻褍谢褜褌|卸懈胁芯泄|斜芯谐懈薪褟|泻褍屑邪褉褜|薪械锌邪谢
PRES_fcdae5394d,褝褌薪芯泻褍谢褜褌褍褉薪褘泄|褌懈斜械褌褋泻芯-褉褍褋褋泻芯-邪薪谐谢懈泄褋泻懈泄|褋谢芯胁邪褉褜|褋邪薪褋泻褉懈褌|锌邪褉邪谢谢械谢褜|褞褉懈泄_褉械褉懈褏
PRES_009b94d14c,锌褍褌械褕械褋褌胁懈械|屑懈薪邪械胁|薪械锌邪谢|芯斜褋褌芯褟褌械谢褜褋褌胁芯|褉械蟹褍谢褜褌邪褌
PRES_044e408c57,屑褘褋谢械薪薪褘泄|褝泻褋锌械褉懈屑械薪褌|胁邪褋褍斜邪薪写褏
PRES_0966cfd52f,褔邪褉懈褟谐懈褌褜|褌邪谐芯褉
PRES_0a6cf1a42f,褌懈褉褍屑褍褉械泄泻邪薪写邪-锌褍褉邪薪|褍屑邪锌邪褌懈|褕懈胁邪褔邪褉褜褟|蟹邪胁械褉褕邪褌褜|蟹胁械薪芯|褎芯褉屑懈褉芯胁邪薪懈械|褌邪屑懈谢褜褋泻懈泄|褕懈胁邪懈褌褋泻懈泄|泻邪薪芯薪
PRES_15d00bc825,懈泻芯薪芯谐褉邪褎懈褟|褎褍薪泻褑懈褟|薪械锌邪谢褜褋泻懈泄|写褏邪褉邪|褏懈褌褜
PRES_19e19e8a9a,懈褋褌芯褉懈褟|懈薪写懈褟|褎懈谢芯褋芯褎懈褟|谐谢邪蟹|褋胁邪屑懈|胁懈胁械泻邪薪邪薪写邪|褉械泻芯薪褋褌褉褍泻褑懈褟
PRES_1bd2292421,芯斜褍褔械薪懈械|斜芯写褏懈褋邪褌褌胁邪|谢邪谢懈褌邪胁懈褋褌邪褉邪
PRES_1f28ca6ef7,褌邪屑懈谢褜褋泻懈泄|锌褜械褋邪|泻邪褉薪械
PRES_21eaadbba6,懈褋褌芯褔薪懈泻|褋芯蟹薪邪薪懈械|泻芯屑锌芯薪械薪褌|锌芯蟹薪邪胁邪褌械谢褜薪褘泄|邪泻褌|褍褔械薪懈械|褌褉懈|屑懈褉|邪斜褏懈写褏邪褉屑邪-褋邪屑褍褔褔邪泄|邪褋邪薪谐邪
PRES_2310631e31,写械屑芯薪懈褔械褋泻懈泄|褔械谢芯胁械褔械褋泻懈泄|褋械泻褋褍邪谢褜薪芯褋褌褜|懈薪写芯-懈褉邪薪褋泻懈泄|屑懈褎|锌械褉胁芯斜褘褌薪褘泄|懈薪褑械褋褌|褟屑懈|懈薪写芯械胁褉芯锌械泄褋泻懈泄|泻芯褉械薪褜
PRES_297e814b9e,懈薪写懈褟|懈褋褌芯泻|褌懈斜械褌|懈褋褌芯褉懈芯谐褉邪褎懈褟|斜褍写写懈蟹屑
PRES_2b4a64bbcc,卸械薪褋泻懈泄|芯斜褉邪蟹|写褉械胁薪械懈薪写懈泄褋泻懈泄|褝锌芯褋|锌芯蟹写薪懈泄|褎芯谢褜泻谢芯褉|褎芯薪|薪芯褉屑邪|写褏邪褉屑邪褕邪褋褌褉
PRES_340def002b,胁械写写邪|褋芯胁褉械屑械薪薪褘泄|褍泻谢邪写|卸懈蟹薪褜|谢邪薪泻邪
PRES_348d80f3dc,胁褜褟胁邪褏邪褉邪|褍薪懈胁械褉褋褍屑|褍褋褌邪薪芯胁谢械薪懈械|写芯褋褌芯胁械褉薪芯褋褌褜|蟹薪邪薪懈械|懈薪写懈褟|褝锌懈褋褌械屑芯谢芯谐懈褟|谢芯谐懈泻邪|锌褉邪屑邪薪邪胁邪写
PRES_3cc35591bb,芯斜褉邪蟹|懈薪写懈褟|褋谢芯胁邪褑泻懈泄|谢懈褌械褉邪褌褍褉邪
PRES_479a84ae50,褎褍薪泻褑懈芯薪邪谢褜薪褘泄|胁邪泻褜褟锌邪写懈泄|邪褉褌褏邪泻褉懈褟|褎懈谢芯褋芯褎懈褟|写褏邪褉屑邪泻懈褉褌械褌褜
PRES_49ed2e04fd,褍褔械薪懈械|写-褉|屑邪褏邪薪邪屑斜褉邪褌|斜褉邪褏屑邪褔邪褉褜|泻胁懈薪褌褝褋褋械薪褑懈褟|懈写械褟|斜械薪谐邪谢褜褋泻懈泄|褉械薪械褋褋邪薪褋|胁谢懈褟薪懈械|褌芯屑邪褋|屑械褉褌芯薪
PRES_52ffc50fbc,屑懈褎|褌胁芯褉械薪懈械|屑懈褉|懈薪写懈褟|褎懈谢芯褋芯褎懈褟
PRES_5b141fa75a,斜芯褉褜斜邪|褋芯斜褋褌胁械薪薪褘泄|褟蟹褘泻|谢邪写邪泻褏|锌芯谢械胁芯泄
PRES_5ba19b0d60,褎芯褉屑褍谢邪|蟹邪懈屑褋褌胁芯胁邪薪懈械|褋褉械写薪械胁械泻芯胁褘泄|谢懈褉懈泻邪|斜褏邪泻褌懈
PRES_5e774d78f6,芯斜褉邪蟹|卸懈蟹薪褜|褕褉懈-胁懈褕薪褍懈蟹屑|褋邪屑邪褕褉邪褟薪|锌邪薪褔邪褋邪屑褋泻邪褉邪|芯褋薪芯胁邪薪懈械
PRES_6068a2f698,褌械邪褌褉邪谢褜薪褘泄|锌褉邪泻褌懈泻邪|褌械芯褉懈褟|薪邪褌褜褟褕邪褋褌褉|褋械谐芯写薪褟
PRES_63cc937793,屑褍蟹褘泻邪谢褜薪褘泄|懈薪褋褌褉褍屑械薪褌|褉褍泻邪|斜芯谐|懈泻芯薪芯谐褉邪褎懈褔械褋泻懈泄|邪褌褉懈斜褍褌|懈褋泻褍褋褋褌胁芯|懈薪写懈褟
PRES_702b845b3f,写胁邪|薪芯胁褘泄|褋斜芯褉薪懈泻|懈薪写懈褟|褌械泻褋褌|写邪谢写卸懈褌芯|薪邪谐褉邪
PRES_7a7018c850,褋懈薪芯薪懈屑|胁芯写邪|胁械写懈泄褋泻懈泄|褋谢芯胁邪褉褜|薪懈谐褏邪薪褌
PRES_7c19b4a74c,斜褍写写邪|写懈锌邪薪泻邪褉邪|懈写褌懈|写芯褉芯谐邪|褋褞卸械褌|锌褉芯褉芯褔械褋褌胁芯|褉邪薪薪懈泄|斜褍写写懈蟹屑|谢懈褌械褉邪褌褍褉邪
PRES_7d9d4fa5de,褋械屑邪薪褌懈泻邪|褌械褉屑懈薪芯谢芯谐懈褟|褉芯写褋褌胁芯|屑邪谢褘泄|写褉邪胁懈写芯谢芯谐懈褟|褟蟹褘泻|泻芯谐薪懈褌懈胁薪褘泄
PRES_826add0121,写卸邪褌邪泻邪褋褌邪胁|褉邪蟹薪芯胁懈写薪芯褋褌褜|斜褍写写懈蟹屑|谐懈屑薪
PRES_87dcd1a2eb,褝泻芯谢芯谐懈褔械褋泻懈泄|褉芯屑邪薪|屑邪褏褍邪|屑邪写卸懈
PRES_89479d5fc5,泻褉懈褕薪邪|懈褋锌芯谢薪褟褌褜|蟹懈泻褉邪|褋谢械写|胁谢懈褟薪懈械|斜褏邪泻褌懈|褋褍褎懈蟹屑|斜褉邪褌褋褌胁芯|褔懈褕褌懈泄褟
PRES_8d99375954,褋褉邪胁薪懈褌械谢褜薪褘泄|芯斜褉邪蟹|褋邪泻褉邪谢褜薪褘泄|褌邪屑懈谢褜褋泻懈泄|褏褉邪屑芯胁褘泄|屑懈褎|褋泻邪蟹|斜邪卸芯胁
PRES_94531fde5d,懈薪写芯-懈褉邪薪褋泻懈泄|褋邪斜谢褟-褕邪屑褕懈褉|褋芯斜褉邪薪懈械|屑邪褝
PRES_98cc0d1f3a,屑械褔-锌芯褋芯褏|褋芯斜褉邪薪懈械|屑邪褝
PRES_a61c28b64e,泻褍谢褜褌|褉褍写褉邪-泻褏邪薪写芯斜邪|蟹芯薪褌褏邪泄屑械褉|懈薪写芯械胁褉芯锌械泄褋泻懈泄|锌邪褉邪谢谢械谢褜
PRES_a71b76d799,泻芯薪褑械锌褑懈褟|锌褉懈褔懈薪薪芯褋褌褜|褌械泻褋褌|邪斜褏懈写褏邪屑屑邪-锌懈褌邪泻懈
PRES_abbf471fc4,泻褍屑邪芯薪褋泻懈泄|谐芯谢褍写械胁邪|谢芯泻邪谢褜薪褘泄|胁邪褉懈邪薪褌|懈薪写褍懈蟹屑
PRES_be70d581cd,褌邪薪褌褉邪|褍褔械薪懈械|芯褕芯
PRES_c3fe9419cc,褉邪写卸|褉邪胁懈褌褜|胁邪褉屑邪|褏褍写芯卸薪懈泻|芯褋薪芯胁邪褌械谢褜|褉邪胁懈褌褜|胁邪褉屑邪|锌褉械褋褋
PRES_c78df41b2d,薪邪蟹胁邪薪懈械|锌褔械谢邪|胁械写懈泄褋泻懈泄|褟蟹褘泻
PRES_cfb0f88c96,褉芯写褋褌胁芯|泻褉芯胁褜|褉芯写褋褌胁芯|写褍褏|谐邪薪写懈|屑芯褌懈胁|芯褌泻邪蟹|邪褉写卸褍薪|褋褉邪卸械薪懈械
PRES_d4233f0cbe,褋芯胁褉械屑械薪薪褘泄|褋邪薪褋泻褉懈褌|褉邪屑邪褟薪邪|泻懈薪芯
PRES_d78288c37d,屑邪薪褌褉邪|褋褍褌褉邪|褎芯褉屑邪|锌芯褋褌褉芯械薪懈械|胁械写懈泄褋泻懈泄|褌械泻褋褌
PRES_d9b790f37d,褋芯写械褉卸邪褌械谢褜薪褘泄|芯斜芯褋薪芯胁邪薪懈械|锌芯褉褟写芯泻|锌械褉械褔械薪褜|锌褉邪屑械泄|薪褜褟褟-褋褍褌褉邪|薪褜懈泄-斜褏邪褕懈泄
PRES_d9f00bda70,芯谐芯胁芯褉泻邪|泻芯屑锌芯蟹懈褑懈芯薪薪褘泄|锌褉懈械屑|褋邪薪褋泻褉懈褌|写褉邪屑邪
PRES_de921762ec,芯锌懈褋褜|屑械褉胁邪褉褌|泻芯谢谢械泻褑懈褟|褋芯斜褉邪薪懈械|屑邪褝_褉邪薪|芯斜褉邪蟹械褑|屑褍蟹械泄薪褘泄|写芯泻褍屑械薪褌
PRES_f0885a4f14,懈薪写褍懈褋褌褋泻懈泄|褌邪薪褌褉懈褔械褋泻懈泄|褌械谢械芯谢芯谐懈褟
PRES_01ee046380,褋褞卸械褌薪褘泄|褋褏械屑邪|褋邪薪褋泻褉懈褌|写卸邪褌邪泻邪|褏邪褉懈斜褏邪褌褌
PRES_02f8421750,写胁邪|褌械泻褋褌|泻邪谢邪褔邪泻褉-褌邪薪褌褉邪
PRES_0f8aeee7b2,屑褍蟹褘泻邪谢褜薪褘泄|泻芯谢芯薪薪邪|褞卸薪邪褟_懈薪写懈褟
PRES_11e2a3c771,芯斜褉褟写|邪写褏懈胁邪褋邪薪邪|胁褋械谢械薪懈械|褎芯褉屑懈褉芯胁邪薪懈械|芯斜褉邪蟹|褏褉邪屑|谐芯褉芯写
PRES_12417b5ae3,锌械褉械写邪褔邪|褝锌懈褔械褋泻懈泄|褕谢芯泻邪|褉褍褋褋泻懈泄|锌械褉械胁芯写褔械褋泻懈泄|褌褉邪写懈褑懈褟
PRES_1343fa2056,锌褉械写褋褌邪胁懈褌械谢褜|写懈薪邪褋褌懈褟|褌褏邪泻褍褉懈褌褜|褌褏邪泻褍写卸褍写卸邪|褉懈褌褍邪谢褜薪褘泄|锌械褉械写邪褔邪|胁谢邪褋褌褜|薪械锌邪谢
PRES_17e399955c,斜械褋械写邪|褋褍斜褗械泻褌-锌褍写谐邪谢邪|锌邪谢懈|泻邪薪芯薪|懈褋褌芯褉懈褟|斜褍写写懈蟹屑|褎懈谢芯褋芯褎懈褟
PRES_1d811c4689,褞褉懈泄_褉械褉懈褏|懈褋褌芯褉懈褟|懈薪写芯谢芯谐懈褟|褉芯褋褋懈褟
PRES_220562c90f,薪械写芯褋泻邪蟹邪褌褜|褉械褔褜|邪褉写褏芯泻褌褜|褋邪薪褋泻褉懈褌|写褉邪屑邪
PRES_3e056063d9,胁褋械胁械写褍褖懈泄|褋懈薪泻褉械褌懈褔械褋泻懈泄|褟蟹褘泻|泻邪谢邪褔邪泻褉-褌邪薪褌褉邪
PRES_40c79b3a10,褋褌懈褏|锌褉懈锌懈褋褘胁邪褌褜|斜褏邪褉褌褉懈褏邪褉懈
PRES_42c1647dee,褍谢芯卸懈褌褜|锌褟褌褜|褎芯褉屑褍谢邪|褋褌褉芯褎邪|邪褉褏懈胁懈褉芯胁邪褌褜|褋邪薪褋泻褉懈褌|屑邪褌械屑邪褌懈褔械褋泻懈泄|褋芯褔懈薪械薪懈械|褋褉械写薪械胁械泻芯胁褘泄|懈薪写懈褟
PRES_4da8793f25,褋褞卸械褌|胁褋褌褉械褔邪|写懈锌邪薪泻邪褉邪|褎褍薪泻褑懈芯薪邪谢褜薪褘泄|褌械泻褋褌芯胁褘泄|褌褉邪写懈褑懈褟|胁芯蟹屑芯卸薪褘泄|谐械薪械褌懈褔械褋泻懈泄
PRES_6274f89872,胁械褉斜邪谢褜薪褘泄|锌邪薪械谐懈褉懈泻|懈薪写懈褟|屑芯薪邪褉褕懈泄|锌芯褉褌褉械褌|褝锌芯褏邪|屑芯谐芯谢
PRES_62dd4b0700,褌懈斜械褌芯-泻懈褌邪泄褋泻懈泄|锌邪褉邪谢谢械谢褜|薪邪懈屑械薪芯胁邪薪懈械|褌懈褌褍谢|褉械谐械薪褌|褌械泻褋褌|写械泻褉械褌|写邪谢邪泄-谢邪屑邪|薪邪蟹薪邪褔械薪懈械|褋邪薪谐懈械|谐褜褟褑芯|写褝褋褉懈写
PRES_77c1b8528e,锌邪褉邪屑邪邪褉褌褏邪褋邪褉|邪斜褏懈薪邪胁邪谐褍锌褌邪|褉褍泻芯胁芯写褋褌胁芯|芯斜褉械褌械薪懈械|褋懈薪谐褍谢褟褉薪芯褋褌褜|褋胁懈写械褌械谢褜褋褌胁芯|薪械胁芯蟹屑芯卸薪芯褋褌褜|斜褘褌懈械|斜芯谐|斜褘褌懈械|斜芯谐
PRES_787d114bd2,褑胁械褌芯屑褘褋谢懈械|写褉械胁薪懈泄|懈薪写懈褟|胁械褉斜邪谢褜薪褘泄|褌械泻褋褌|褋褌械薪芯锌懈褋褜
PRES_795fb84e75,泻邪斜懈褉|斜褏邪泻褌懈
PRES_8402d54487,写邪泄胁邪-邪褉邪写褏邪薪邪|褌褍谢褍薪邪写褍|褞卸薪邪褟_懈薪写懈褟|褋褑械薪邪褉懈泄|胁芯锌谢芯褖械薪懈械
PRES_913d0cd9c3,蟹邪屑械褖械薪懈械|锌褉芯胁械写械薪懈械|褕褉邪褍褌邪-褉懈褌褍邪谢
PRES_914c6126f3,褋褌邪褉褘泄|锌邪褉泻|锌褍褕锌邪泻邪褉邪薪写邪泻|蟹邪谐邪写泻邪|谐谢懈薪褟薪褘泄|锌芯胁芯蟹泻邪
PRES_b3fefc9375,胁芯褋褏胁邪谢械薪懈械|褌邪斜邪泻|锌芯褝屑邪|锌褍褏械泄懈谢褜|胁懈写褍褌褍写|褌邪屑懈谢褜褋泻懈泄|锌芯褝褌|褋懈薪褜|褋邪泻泻邪褉懈泄|锌褍谢邪胁邪褉
PRES_bda473a7a5,褋械屑褜|褋芯泻褉芯胁懈褖械|褔邪泻褉邪胁邪褉褌懈薪邪|锌褉芯褋褌褉邪薪褋褌胁械薪薪褘泄|谢芯泻邪谢懈蟹邪褑懈褟|锌邪谢懈|泻邪薪芯薪|邪褉褌褏邪褕邪褋褌褉
PRES_c0a5930788,写褏邪褉邪薪褜|写褏邪褉邪薪懈锌懈褌邪泻
PRES_ce31fa073d,芯斜褉邪蟹|谐邪薪械褕邪|褟锌芯薪褋泻懈泄|斜褍写写懈蟹屑
PRES_df9726f3c8,褉邪泄|邪屑懈褌邪斜褏|褌褉邪写懈褑懈褟|褕泻芯谢邪|薪褜懈谐屑邪
PRES_e09ac364ea,褎褉芯薪褌邪谢褜薪褘泄|褌褉械褏褔械褌胁械褉褌薪芯泄|懈蟹芯斜褉邪卸械薪懈械|谢懈褑芯|蟹邪锌邪写薪芯-懈薪写懈泄褋泻懈泄|屑懈薪懈邪褌褞褉邪
PRES_e19a817c80,褍薪屑褘泄|胁懈谢邪泻泻|懈褋褌芯褔薪懈泻|懈泻芯薪芯谢芯谐懈褟|褕懈胁邪|薪邪褌邪褉邪写卸
PRES_e41ac61c54,锌芯褝褌懈褔械褋泻懈泄|褎芯褉屑邪|褋褉械写薪械胁械泻芯胁褘泄|褌邪屑懈谢褜褋泻懈泄|斜褏邪泻褌懈
PRES_e64009085a,锌芯薪懈屑邪薪懈械|薪邪锌懈褋邪薪懈械|褌械褉屑懈薪|褋邪薪褋泻褉懈褌
PRES_f86793d7d0,屑芯薪谐芯谢褜褋泻懈泄|褉懈褌褍邪谢|褉褍褋褋泻懈泄|谢械褌芯锌懈褋褜
PRES_f9cfeb6efc,斜械谢褘械|褕邪锌泻邪|褝薪写械屑懈褔薪芯褋褌褜|褉械谢懈谐懈褟|褋懈屑胁芯谢|薪邪褔邪谢芯
PRES_0666b2366b,褉械谢懈谐懈褟|褔械谢芯胁械泻|褋胁芯斜芯写邪|褌褉邪写懈褑懈褟|褎懈谢芯褋芯褎褋褌胁芯胁邪薪懈械|褉邪斜懈薪写褉邪薪邪褌|褌邪谐芯褉
PRES_08c41efd17,锌芯褔懈褌邪薪懈械|懈薪写褉|薪械锌邪谢|卸懈胁芯泄|邪褉褏邪懈泻邪
PRES_0dc5fad3ac,褝褌懈泻芯-懈薪褌褍懈褌懈胁懈褋褌褋泻懈泄|谐邪薪写懈|锌芯薪懈屑邪薪懈械|褌褉邪写懈褑懈芯薪薪褘泄|褌械泻褋褌
PRES_0ecee86019,屑懈薪邪械胁|泻懈锌谢懈薪谐|泻芯谢谢械泻褑懈褟|锌懈褋褜屑芯
PRES_127e5ca611,屑懈褎芯谢芯谐懈褟|褌邪薪械褑|芯斜褉邪蟹|懈薪写褉|写卸邪泄薪懈蟹屑
PRES_18122d132e,褋褍屑械褉械褔薪褘泄|褟蟹褘泻|锌芯褝蟹懈褟|褌邪屑懈谢褜褋泻懈泄|褋懈写写褏
PRES_251dbeeac8,褋邪薪褋泻褉懈褌|芯褔泻懈|械胁褉芯锌械泄褋泻懈泄|谢懈薪谐胁懈褋褌懈泻邪|胁械泻
PRES_2cf93e8bf4,褝褋褌械褌懈泻邪|褉械谢懈谐懈褟|写褉邪屑邪|褌械芯褉懈褟|锌褉邪泻褌懈泻邪|写褉邪屑邪|泻芯薪褌械泻褋褌|斜械薪谐邪谢褜褋泻懈泄|胁邪泄褕薪邪胁懈蟹屑
PRES_2f78b4f0f2,芯褌薪芯褕械薪懈械|卸械薪褖懈薪邪|褝锌芯褋|褉邪屑邪褟薪邪|胁邪谢褜屑懈泻|邪写斜褏褍褌褜|褉邪屑邪褟薪邪|邪写褏褜褟褌屑|褉邪屑邪褟薪邪
PRES_32ded99bdf,锌褉械写屑械褌|懈薪写懈褟|褎懈谢芯褋芯褎懈褟
PRES_4171c394cc,蟹邪褔懈薪|褋械胁械褉芯懈薪写懈泄褋泻懈泄|锌芯褝蟹懈褟|斜褏邪泻褌懈
PRES_41f77d4442,谐邪写褜褟邪|褉邪屑邪薪褍写卸|胁械薪械褑|泻褉械褋褌|懈褋褋谢械写芯胁邪褌械谢褜|褎懈谢芯褋芯褎懈褟|胁懈褕懈褕褌-邪写胁邪泄褌邪
PRES_4468815627,邪褌褏邪褉胁邪胁械写|褕邪褍薪邪泻邪|写芯锌芯谢薪械薪懈械|锌械褉械胁芯写
PRES_49cd2d08bb,褝谢械屑械薪褌|褕邪屑邪薪褋泻懈泄|锌褉邪泻褌懈泻邪|胁芯懈薪褋泻懈泄|褌褉邪写懈褑懈褟|懈薪写懈褟
PRES_4d86ceb847,锌芯薪懈屑邪薪懈械|懈褋泻褍褋褋褌胁芯|褍褔械薪懈械|芯褕芯
PRES_4eabd67999,褔邪褉褜褟-谐懈褌褜
PRES_52c5571365,褋锌芯褋芯斜|褋芯泻褉褘褌懈械|屑邪薪褌褉邪|褌邪薪褌褉懈褔械褋泻懈泄|褌械泻褋褌
PRES_576ca11358,胁芯蟹褉芯写懈褌褜|胁械写懈泄褋泻懈泄|褉懈褌褍邪谢|褟写卸薪褘泄|邪褋褋褟|谐褏邪褌邪|褕泻芯谢邪|写械胁芯褔泻邪|锌邪薪懈薪懈|泻邪薪褜褟|屑邪褏邪胁懈写褜褟谢褘泄|胁邪褉邪薪邪褋褟
PRES_5868b82012,懈薪写懈褟|褌懈斜械褌|谢懈薪谐胁懈褋褌懈泻邪|褕褌褍写懈褟|屑械褋褋械褉褕屑懈写褌
PRES_5dbf69741d,褌褉邪薪褋褎芯褉屑邪褑懈褟|泻褍谢褜褌褍褉薪褘泄|懈写械薪褌懈褔薪芯褋褌褜|锌邪褉褋|斜芯屑斜械泄
PRES_5e65d5094d,写胁械褋褌懈|褋邪薪褋泻褉懈褌|谢械泻褋懈泻芯谐褉邪褎懈褟
PRES_5e8363f0d9,锌邪褉懈斜褏邪褕邪|懈薪褌械褉锌褉械褌邪褑懈芯薪薪褘泄|锌褉邪胁懈谢芯|谐褉邪屑屑邪褌懈泻邪|锌邪薪懈薪懈
PRES_5fd431f2b3,泻邪褌邪谢芯谐|蟹薪邪泻|褏邪褉邪锌锌褋泻懈泄|锌懈褋褜屑械薪薪芯褋褌褜
PRES_65b2f8a154,泻褍泻芯谢褜薪褘泄|褌械邪褌褉|蟹邪锌邪写薪褘泄|斜械薪谐邪谢懈褟
PRES_6732ab26f0,褉懈褌褍邪谢|卸懈蟹薪械薪薪褘泄|褑懈泻谢|薪邪褉芯写薪芯褋褌褜|谢懈屑斜
PRES_67a9994f38,褍薪屑邪写邪|薪懈褉褍泻褌|斜械蟹褍屑薪褘泄|褝褌懈屑芯谢芯谐懈褟|屑懈褋褌懈褔械褋泻懈泄|谐械褉屑械薪械胁褌懈泻邪|褌邪薪褌褉邪|锌械褉胁褘泄|屑邪薪谐邪谢-褕谢芯泻邪|褌邪薪褌褉邪谢芯泻
PRES_68422ddbdf,褋械屑邪薪褌懈泻邪|褌械褉屑懈薪芯谢芯谐懈褟|褉芯写褋褌胁芯|褟蟹褘泻|斜褉邪褏褍泄|写褉邪胁懈写芯谢芯谐懈褟|泻芯薪褌械泻褋褌
PRES_6916d4ad70,褔械褌褘褉械|薪邪褉芯写|泄芯谐懈薪懈-褌邪薪褌褉邪
PRES_69a8bd7229,芯褋薪芯胁薪芯泄|褋褞卸械褌|锌械褉褋芯薪邪卸|懈薪写懈褟|褌械邪褌褉|褌械薪褜
PRES_6afe58ed13,褋械褉邪泄泻械谢|屑邪泄褞褉斜褏邪薪写卸|锌褍褉褍谢懈邪|褔褏邪褍|锌谢邪褌芯|褔褏芯褌邪|薪邪谐锌褍褉|胁芯褋褌芯褔薪褘泄|懈薪写懈褟
PRES_6f2867c6e7,褋芯胁褉械屑械薪薪褘泄|斜邪褍谢|屑懈褋褌懈泻邪|邪褉褌懈褋褌
PRES_7d5c21c3e8,斜芯谐|褉邪蟹褉褟写|褋懈薪懈泄|锌褉械写邪薪懈械|写邪褉械薪懈械|褔邪褕邪|谢邪谢懈褌邪胁懈褋褌邪褉邪
PRES_83479bd0dd,褉懈褌褍邪谢褜薪褘泄|卸懈蟹薪褜|写械谢懈泄褋泻懈泄|写邪褉谐邪褏
PRES_8c7d8555e5,褉械屑懈薪懈褋褑械薪褑懈褟|屑懈褎|胁邪谢|锌褉懈锌邪屑懈褉褋泻懈泄|褉械谐懈芯薪
PRES_9631572f2e,褉械褔褜|褋芯薪|谐褉械蟹邪|薪邪褟胁褍|泻谢邪褋褋懈褔械褋泻懈泄|褋邪薪褋泻褉懈褌|写褉邪屑邪
PRES_a8118f87c2,褎褍薪泻褑懈褟|胁芯卸写褜|褌褉邪写懈褑懈芯薪薪褘泄|芯斜褖械褋褌胁芯|胁械写写褘|锌褉芯褕谢褘泄|薪邪褋褌芯褟褖懈泄
PRES_b3d5e8155e,锌芯褝蟹懈褟|薪邪褉芯写|屑褍薪写邪
PRES_b41cabe811,斜褉懈褌邪薪褋泻懈泄|泻芯谢芯薪懈邪谢褜薪褘泄|褔懈薪芯胁薪懈褔械褋褌胁芯|谢懈褌械褉邪褌褍褉邪|薪邪褋谢械写懈械|芯褉褍褝谢谢
PRES_b663d501fd,锌芯薪褟褌懈械|褉懈谐胁械写邪
PRES_b95533a2eb,薪邪褉芯写薪褘泄|锌械褋薪褟|褏邪褉写芯谢械|锌褉懈薪褑|芯褉褔褔褏邪
PRES_c1ad2a3387,泻邪褌械谐芯褉懈褟|褋邪薪谐褉邪褏邪|斜褍写写懈蟹屑|褎懈谢芯褋芯褎懈褟|写懈褋泻褍褉褋
PRES_c416cbbb2d,泻芯薪褜|胁褋邪写薪懈泻|写械褉械胁芯|写卸邪屑斜|褉械谢褜械褎|胁芯褋褌芯褔薪褘泄|胁芯褉芯褌邪|斜芯谢褜褕芯泄|褋褌褍锌邪|褋邪薪褔邪
PRES_d09e98a1d7,褋锌械褑懈褎懈褔械褋泻懈泄|卸械褋褌|斜褘褌芯胁芯泄|褝褌懈泻械褌|褋懈薪谐邪谢
PRES_da7ffa3cba,邪褌屑邪薪|褋懈薪芯薪懈屑|写褉邪胁懈械|胁邪泻褜褟锌邪写懈泄
PRES_e1d74ec461,锌褉懈械屑|谢械泄褌屑芯褌懈胁|泻谢邪褋褋懈褔械褋泻懈泄|懈薪写懈褟|锌芯褝蟹懈褟
PRES_e7a6d5efa9,锌芯薪褟褌懈械|懈褋褌芯褉懈褟|斜褍写写懈蟹屑|褎懈谢芯褋芯褎懈褟
PRES_edf0bd4014,锌芯薪褟褌懈械|斜谢邪卸械薪褋褌胁芯|邪薪邪薪写邪|懈薪写褍懈褋褌褋泻懈泄|褌邪薪褌褉懈蟹屑
PRES_f38580f0b7,屑邪褏邪斜褏邪褉邪褌|屑芯褌懈胁|蟹邪褌芯褔懈褌褜|锌械褖械褉邪
PRES_f72bae1c5e,懈薪写懈褟|褟蟹褘泻|薪邪褉褉邪褌懈胁|屑邪胁褉懈泻懈泄|褉邪屑-泻邪褌褏|锌芯褝蟹懈褟|斜褏芯写卸锌褍褉懈
PRES_fb613d9f3f,褋芯褑懈芯胁芯蟹褉邪褋褌薪芯泄|懈薪懈褑懈邪褑懈褟|屑芯薪邪褕械褋泻懈泄|锌芯褋胁褟褖械薪懈械|薪械胁邪褉褋泻懈泄|斜褍写写懈蟹屑
PRES_ff3d302713,褍屑邪锌邪褌懈|褕懈胁邪褔邪褉褜褟|褎芯褉屑懈褉芯胁邪薪懈械|芯泻芯薪褔邪褌械谢褜薪褘泄|褉械写邪泻褑懈褟|泻邪薪芯薪|褕邪泄胁邪-褋懈写写褏邪薪褌
PRES_15b5fbdc83,褔褌芯|芯褌谢懈褔邪褌褜|懈薪写懈褟|褝锌懈褋褌械屑懈褔械褋泻懈泄|泻褍谢褜褌褍褉邪|蟹邪锌邪写薪褘泄
PRES_215f0bcf2e,芯褌写邪谢懈褌褜|泻褉邪泄|谐褉邪薪懈褑邪|锌褉械斜褘胁邪褌褜|懈褋锌芯胁械写邪褌褜|胁械褉邪|屑邪薪写卸褍褕褉懈薪芯胁|斜褍写写懈蟹屑|写懈褋泻褍褉褋|泻邪谢屑褘褑泻懈泄|锌芯谢懈褌懈泻邪|懈屑锌械褉邪褌芯褉|褞薪褔卸褝薪
PRES_23ce849cd3,褌械泻褋褌|胁邪褋褌褍胁懈写褜褟|锌褍褉邪薪褘|褋芯胁褉械屑械薪薪褘泄|屑邪褋褋芯胁褘泄|泻褍谢褜褌褍褉邪
PRES_273faaf1c4,褕懈胁邪|褋邪锌褌邪褋胁邪褉邪屑褍褉褌械褌褜|锌邪褉械谢褜|懈泻芯薪芯谐褉邪褎懈褟|锌邪褉邪谢谢械谢褜
PRES_2bb37e704c,写邪褌懈褉芯胁泻邪|锌芯褟胁谢械薪懈械|斜褍写写懈蟹屑|褟锌芯薪懈褟|褌褉邪写懈褑懈芯薪薪褘泄|懈褋褌芯褔薪懈泻|褏褉邪屑芯胁褘泄|褏褉芯薪懈泻邪|褝薪谐
PRES_33bcacf231,褋屑械薪邪|锌邪褉邪写懈谐屑邪|褔懈褋谢芯胁芯泄|泻芯写|懈薪写懈褟|屑邪褌械屑邪褌懈褔械褋泻懈泄|褋芯褔懈薪械薪懈械|写褉械胁薪芯褋褌褜|褋褉械写薪械胁械泻芯胁褜械
PRES_37b0efbebb,锌芯褝褌懈褔械褋泻懈泄|褑懈泻谢|泻邪斜懈谢邪褉邪|泻薪褟蟹褜|锌邪褉懈
PRES_4222cc5294,邪褌芯屑懈蟹屑|胁懈屑褕懈泻|胁邪褋褍斜邪薪写褏|邪谢邪屑斜邪薪邪-锌邪褉懈泻褕邪|写懈谐薪邪谐芯泄
PRES_492441fb51,薪械斜褘胁邪谢褜褖懈薪邪|锌邪褉邪写芯泻褋|写褉械胁薪械懈薪写懈泄褋泻懈泄|锌芯褝蟹懈褟
PRES_4c303a7d1a,邪薪褌褉芯锌芯屑芯褉褎薪褘泄|芯斜褉邪蟹薪芯褋褌褜|懈谐褉邪|蟹薪邪薪懈械|褌械谢械褋薪褘泄|屑械褌邪褎芯褉邪|屑械褌邪褎芯褉邪|锌褍褌械褕械褋褌胁懈械
PRES_52e54251ce,锌褉懈屑械薪械薪懈械|懈薪褌械褉褌械泻褋褌褍邪谢褜薪褘泄|褋邪薪褋泻褉懈褌|锌邪谢懈|锌邪屑褟褌薪懈泻
PRES_54c018c9f5,锌褉邪蟹写薪懈泻|褋械屑褜|薪械胁邪褉褋泻懈泄|褋械谢械薪懈械|褞谐芯-蟹邪锌邪写薪褘泄|褔邪褋褌褜|写芯谢懈薪邪|泻邪褌屑邪薪写褍
PRES_5927c1b975,芯褋薪芯胁薪褘泄|锌芯薪褟褌懈械|锌褉邪褌褜褟斜褏懈写卸薪懈泄
PRES_5e3f146897,薪械斜褘胁邪谢褜褖懈薪邪|锌邪褉邪写芯泻褋|褋褉械写薪械胁械泻芯胁褘泄|褋械胁械褉芯懈薪写懈泄褋泻懈泄|锌芯褝蟹懈褟
PRES_69020aec6c,褋褌懈褏|褉懈谐胁械写邪|锌褉械写胁邪褉懈褌械谢褜薪褘泄|蟹邪屑械褌泻邪|胁械写懈泄褋泻懈泄|邪胁褌芯屑芯斜懈谢褜
PRES_705d6f4e9c,屑芯褌懈胁薪褘泄|褋褞卸械褌|写卸邪褌邪泻邪|锌邪胁谢懈薪|褏邪褉懈斜褏邪褌褌
PRES_75e95131c2,褋邪薪褋泻褉懈褌|谐褉邪屑屑邪褌懈泻邪|屑懈褉褋泻芯泄|屑褍写褉芯褋褌褜
PRES_838219a1ee,褋锌芯褋芯斜|懈蟹芯斜褉邪卸械薪懈械|卸懈胁芯褌薪芯械|谢懈褌械褉邪褌褍褉邪|褋邪薪褋泻褉懈褌|写卸邪褌邪泻邪
PRES_8c8a78a7c6,屑芯写械谢褜|屑芯褌懈胁邪褑懈褟|锌芯薪褟褌懈械|屑褍卸|卸械薪邪|写褉邪胁懈写芯谢芯谐懈褟|褟蟹褘泻
PRES_977099cdb8,锌褉芯懈褋褏芯卸写械薪懈械|泻懈褌邪泄褋泻懈泄|懈械褉芯谐谢懈褎|斜褍写写邪|斜褍写写懈蟹屑
PRES_a939d396b8,褌邪薪谐泻邪|褋芯斜褉邪薪懈械|褞褉懈泄_褉械褉懈褏|薪芯胁褘泄
PRES_a95408ba26,褉械褔械胁芯泄|褋斜芯泄|褋褉械写褋褌胁芯|褏褍写芯卸械褋褌胁械薪薪褘泄|胁褘褉邪蟹懈褌械谢褜薪芯褋褌褜|泻谢邪褋褋懈褔械褋泻懈泄|褋邪薪褋泻褉懈褌|写褉邪屑邪
PRES_bdc2b8783d,褋邪薪褋泻褉懈褌|懈薪写懈褟|褎懈谢芯褋芯褎懈褟|褌胁芯褉褔械褋褌胁芯|泻芯屑锌芯蟹懈褌芯褉|褋泻褉褟斜懈薪
PRES_c0d93ccddb,褞褉懈泄_褉械褉懈褏|泻芯褔械胁薪懈泻|褌懈斜械褌
PRES_c29a39d88c,泻邪薪谐写蟹褜|锌芯写薪芯褕械薪懈械|谐薪械胁薪褘泄|斜芯谐|褌胁芯
PRES_c70b31e5b3,褌懈褉褍褌褌芯薪写邪褉|褌懈褉褍胁邪薪写邪褋褌褜|薪邪屑斜懈褌褜|邪薪写邪褉|薪邪屑斜懈褌褜|褎芯褉屑懈褉芯胁邪薪懈械|褕懈胁邪懈褌褋泻懈泄|泻邪薪芯薪
PRES_d0e5bdbfaa,芯褌褉邪卸械薪懈械|屑芯薪谐芯谢褜褋泻懈泄|懈屑锌械褉褋泻懈泄|懈写械褟|褌懈斜械褌|懈褋褌芯褉懈芯谐褉邪褎懈褟|褉械褉懈褏芯胁褋泻懈泄|褔褌械薪懈械
PRES_d84550d538,褋胁褟褖械薪薪褘泄|褋谢械写|锌褉芯褕谢芯械|褔褍写芯|泻邪褉褌懈薪邪|屑懈褉|斜褍写写懈褋褌-锌邪谢芯屑薪懈泻
PRES_fac07beb0f,蟹邪谐邪写泻邪|褝写褍泻|屑芯薪褍屑械薪褌|芯锌褉芯泻懈薪褍褌褜|屑懈褉|褝锌懈谐褉邪褎懈泻邪|褝锌芯褋|锌褍褉邪薪褘
PRES_ffd2c4b14a,写胁邪|褌褏邪薪泻|褋芯斜褉邪薪懈械|屑懈薪邪械胁|屑邪褝_褉邪薪|褌褉邪写懈褑懈褟|褋褌褉邪薪褋褌胁芯胁邪褌褜|褉邪褋褋泻邪蟹褔懈泻|谢邪屑邪|屑邪薪懈锌|谐懈屑邪谢邪泄褋泻懈泄|褉械谐懈芯薪
PRES_074b8a684c,斜褍写写懈蟹屑|锌褍写谐邪谢邪胁邪写|锌芯褋褌邪薪芯胁泻邪|褋褍斜褗械泻褌-锌褍写谐邪谢邪
PRES_0805f65a3c,写懈褋泻褍褉褋懈胁薪褘泄|褋谢芯胁芯|褟蟹褘泻|褏懈薪写懈
PRES_200e0161a7,褌褉邪泻褌芯胁泻邪|褋芯褋褌芯褟薪懈械|褍写褉褍褔械薪薪芯褋褌褜|褍屑芯锌芯屑械褕邪褌械谢褜褋褌胁芯|斜褍写写懈蟹屑|褝泻蟹械谐械褌懈褔械褋泻懈泄|懈褋褌芯褔薪懈泻
PRES_227fc50d83,褉懈褌褍邪谢|斜芯卸械褋褌胁械薪薪褘泄|褋褌邪褉芯褋褌褜|薪械胁邪褉褋泻懈泄|斜褍写写懈蟹屑
PRES_2825d66667,懈褋褌芯褉懈褟|褋懈褌|褉邪屑邪|谐谢邪蟹|褋芯胁褉械屑械薪薪褘泄|懈薪写懈褟|锌芯褝褌-屑懈褋褌懈泻|褉械谢械胁邪薪褌薪芯褋褌褜|褋芯胁褉械屑械薪薪褘泄|懈薪写懈褟|芯斜褖械褋褌胁芯
PRES_31f4f272dd,褌械褉屑懈薪芯谢芯谐懈褟|褉芯写褋褌胁芯|谐芯薪写胁邪薪褋泻懈泄|褟蟹褘泻
PRES_373b5afd66,屑懈薪懈-斜褏邪谐邪胁邪写谐懈褌|褔械褌胁械褉褌褘泄|泻薪懈谐邪|褉邪屑邪褟薪邪|胁邪谢褜屑懈泻
PRES_3dae1c5d38,芯锌褉械写械谢械薪懈械|锌芯薪褟褌懈械
PRES_3e16a82f3c,邪斜褏懈写褏邪褉屑邪|泻芯谐薪懈褌懈胁薪褘泄|褋褌褉邪褌械谐懈褟
PRES_427e9e7559,谐邪薪写懈|薪械芯褉褌芯写芯泻褋邪谢褜薪褘泄|芯褉褌芯写芯泻褋
PRES_4593027f55,褌芯谢泻芯胁邪薪懈械|锌械褉胁褘泄|褋褌褉芯褎邪|邪褕褌邪薪谐-褏褉懈写邪褟|褋褉械写薪械胁械泻芯胁褘泄|泻芯屑屑械薪褌邪褌芯褉|邪褉褍薪邪写邪褌褌|褏械屑邪写褉懈|懈薪写
PRES_492286eaea,芯褔邪谐|芯斜薪邪褉褍卸械薪懈械|褋邪薪褋泻褉懈褌|褉褍泻芯锌懈褋褜|褌械褉褉懈褌芯褉懈褟|褌懈斜械褌
PRES_49cbcdc1b0,褋邪薪褋泻褉懈褌|薪邪褉械褔懈械|褌褉褍写|斜械薪谐邪谢褜褋泻懈泄|谐褉邪屑屑邪褌懈褋褌|写卸懈胁芯泄|谐芯褋胁邪屑懈薪|斜邪谢邪褉邪屑|锌邪薪褔邪薪邪薪
PRES_4d1ebe16f0,褌褏邪薪泻|褋芯斜褉邪薪懈械|屑懈薪邪械胁|屑邪褝_褉邪薪
PRES_5221bd081a,锌芯褋屑械褉褌薪褘泄|懈蟹写邪薪懈械|锌芯谢薪褘泄|锌械褉械胁芯写|褋械屑械薪褑芯胁|谐懈褌邪斜褏邪褕懈泄|褉邪屑邪薪褍写卸|褉褍褋褋泻懈泄|褟蟹褘泻
PRES_595e914a21,泻褉芯胁邪胁褘泄|褋芯斜褘褌懈械|褉邪蟹写械谢|懈薪写懈褟|锌邪泻懈褋褌邪薪|褉芯屑邪薪|泻褏褍褕胁邪薪褌邪|褋懈薪谐褏邪|锌芯械蟹写|锌邪泻懈褋褌邪薪
PRES_59888a0019,芯薪谢邪泄薪-泻芯褉锌褍褋|褌械泻褋褌|褟蟹褘泻|褞卸薪褘泄|屑褍薪写邪|蟹邪写邪褔邪|褋锌械褑懈褎懈泻邪
PRES_5c43b881ec,褎芯薪芯褋械屑邪薪褌懈褔械褋泻懈泄|胁械写懈泄褋泻懈泄|褌械泻褋褌|谐懈屑薪|褉懈谐胁械写邪
PRES_6c55861922,褌械谢械褋薪褘泄|写褍褏芯胁薪褘泄|斜械褋褋屑械褉褌懈械|懈薪写褍懈褋褌褋泻懈泄|褌邪薪褌褉懈蟹屑
PRES_6dd65d8a45,懈薪写懈褟|屑懈褎芯谢芯谐懈褔械褋泻懈泄|褋械褉懈邪谢|褋褉械写褋褌胁芯|懈写械芯谢芯谐懈褔械褋泻懈泄|锌褉芯锌邪谐邪薪写邪
PRES_767c9cdbe9,褌械谢芯|斜褏邪泻褌|褌械谢芯|褕懈胁邪|褌械谢械褋薪芯褋褌褜|褌邪屑懈谢褜褋泻懈泄|褕邪泄胁-斜褏邪泻褌褜
PRES_8d5bea6a53,褉褍写薪械胁|褉邪写械褌械谢褜|锌芯锌芯谢薪械薪懈械|泻芯谢谢械泻褑懈褟|屑邪褝_褉邪薪
PRES_920d574dbd,褌邪薪械褑|褋芯褋褍写|胁芯泻褉褍谐|谐邪褉斜邪|谐褍写卸邪褉邪褌|褋褏芯写薪褘泄|芯斜褉褟写|锌褉械写褋褌邪胁谢械薪懈械|褞卸薪褘泄|邪蟹懈褟
PRES_936504e955,褌褉邪写懈褑懈褟|褉懈褌褍邪谢|锌芯褔懈褌邪薪懈械|屑邪薪褍褋泻褉懈锌褌|锌懈褋邪薪懈械|褕邪泄胁邪
PRES_9a160371a2,锌邪褉邪谢谢械谢褜薪褘泄|褋邪薪褋泻褉懈褌褋泻芯-褉褍褋褋泻懈泄|泻芯褉锌褍褋
PRES_9a4fc39037,懈薪泻谢褞蟹懈胁懈蟹屑|泻芯薪褑械锌褌褍邪谢褜薪褘泄|褋褉械写褋褌胁芯|懈薪写懈褟|泻褍谢褜褌褍褉邪
PRES_9bd1af42a2,褉邪蟹褉邪蟹懈褌褜|谐褉芯屑|屑械褌械芯褉芯谢芯谐懈褔械褋泻懈泄|褟胁谢械薪懈械|锌械褋械薪薪褘泄|褎芯谢褜泻谢芯褉|写懈邪谢械泻褌|褏懈薪写懈|褑械薪褌褉邪谢褜薪褘泄|懈薪写懈褟
PRES_9f9afead1c,褟蟹褘泻|泻邪谢邪褔邪泻褉-褌邪薪褌褉邪
PRES_9fecb411f8,胁械谢懈泻懈泄|谐邪谢谢褞褑懈薪邪褑懈褟|褋芯蟹薪邪薪懈械|胁懈屑褕懈泻|胁邪褋褍斜邪薪写褏
PRES_aafda61458,褌械褏薪懈褔械褋泻懈泄|褌械褉屑懈薪芯谢芯谐懈褟|褌邪薪褌褉懈泄褋泻懈泄|泄芯谐邪|胁懈写卸薪褟薪|斜褏邪泄褉邪胁邪|褌邪薪褌褉邪
PRES_c1a46eb8bc,褎懈谢芯褋芯褎懈褟|褉械谢懈谐懈褟|蟹薪邪褔懈屑芯褋褌褜|褌械泻褋褌|胁械写邪薪褌邪|写械褕懈泻
PRES_c21cf157cd,懈薪写懈褟|褎懈谢芯褋芯褎懈褟|谢懈褌械褉邪褌褍褉邪
PRES_cfe957f4c0,褌褉邪写懈褑懈芯薪薪褘泄|锌懈褖邪|胁械写写褘
PRES_d50f809e09,锌芯薪褟褌懈械|褉械谢懈谐懈褟|懈薪泻谢褞蟹懈胁懈蟹屑|褏邪泻械褉
PRES_d8833f6520,
PRES_d91cd4e689,褝褋褌械褌懈泻邪|泻芯屑懈褔械褋泻懈泄|锌芯褝屑邪
PRES_e342a2d01d,懈薪写懈褟|懈谐褉邪|蟹薪邪薪懈械|褝锌懈蟹芯写|泻褍谢褜褌褍褉薪褘泄|褌褉邪薪褋褎械褉
PRES_e3fe863ea8,褌械泻褍褖懈泄|锌械褉械胁芯写褔械褋泻懈泄|锌褉芯械泻褌|褎芯薪写|褋芯褏褉邪薪懈褌褜|褌懈斜械褌|懈蟹写-胁芯|薪邪褉褌邪薪谐邪
PRES_f4003453cd,懈薪写懈褟|胁芯褋锌芯屑懈薪邪薪懈械|胁芯褋褌芯泻芯胁械写|懈胁邪薪芯胁
PRES_f4b07bef1a,薪械泄写邪谢褜|褌邪屑懈谢褜褋泻懈泄|锌芯褝蟹懈褟
PRES_f58d301aed,邪斜褋芯谢褞褌薪褘泄|胁褋褌褉械褔邪|褌褉邪薪褋褑械薪写械薪褌邪谢褜薪褘泄|谐械褉屑械薪械胁褌懈泻邪|芯斜械褉褏邪屑屑械褉
PRES_f8d76687c8,懈褋锌芯谢褜蟹芯胁邪薪懈械|锌邪褉懈斜褏邪褕邪|锌褉芯褔褌械薪懈械|褋褍褌褉邪|锌邪薪懈薪懈
PRES_fb18f5b018,褌邪泻|薪邪蟹褘胁邪褌褜|锌邪褉邪写芯泻褋|斜械谢谢械褌褉懈褋褌懈泻邪|锌芯写褋泻邪蟹泻邪|泻芯屑锌邪褉邪褌懈胁薪褘泄|芯薪褌芯谢芯谐懈褟
PRES_ffeeb0bec0,芯斜械褉褏邪屑屑械褉|泻芯谐薪懈褌懈胁薪褘泄|锌芯褌械薪褑懈邪谢|褉械谢懈谐懈褟
PRES_03eb8bb5cb,锌邪薪褔邪褕懈褏泻邪|屑邪褌械褉懈邪谢懈褋褌
PRES_147c940250,屑邪薪械褉|褌械邪褌褉邪谢褜薪褘泄|懈谐褉邪|泻邪褌械谐芯褉懈褟|胁褉懈褌褌懈|薪邪褌褜褟褕邪褋褌褉
PRES_19f9c5b8ab,蟹械褉泻邪谢芯|泻芯薪械褑|懈谢谢褞蟹懈褟|褍写芯胁谢械褌胁芯褉懈褌褜|褌邪泄薪芯|胁谢褞斜懈褌褜|泻邪褋邪褌褜褋褟|泻褍胁褕懈薪|谐褉褍写褜|芯褌褉邪卸械薪懈械|胁芯蟹谢褞斜懈褌褜|褍褔械薪懈械|芯褌褉邪卸械薪懈械|谐谢邪胁邪|褌邪薪褌褉邪-邪谢芯泻|邪斜褏懈薪邪胁邪谐褍锌褌邪
PRES_213b0b1de9,锌褟褌薪懈褋褌褘泄|芯褏芯褌薪懈褔懈泄|蟹胁械褉褜|懈薪写芯械胁褉芯锌械械褑|邪褌褏邪褉胁邪胁械写|蟹邪屑械褌泻邪|懈薪写芯懈褉邪薪褋泻懈泄|斜械褋褌懈邪褉懈泄
PRES_27b1d377eb,褌芯锌芯薪懈屑|蟹邪锌邪写薪褘泄|泻褉邪泄|泻懈褌邪泄|谢懈薪谐胁芯泻褍谢褜褌褍褉薪褘泄
PRES_30d2bc26a5,蟹屑械褟|胁邪泄褕薪邪胁褋泻懈泄|泻褍谢褜褌|褉邪薪薪懈泄|锌械褉懈芯写|懈薪写褍懈蟹屑
PRES_3c42887649,卸懈蟹薪褜|褉械邪谢懈褟|泻褍屑邪芯薪|薪邪褉芯写薪褘泄|锌械褋薪褟褏-薪褜芯谢褟
PRES_3eda18e9e8,胁懈蟹褍邪谢褜薪褘泄|锌芯褝蟹懈褟|锌芯褝褌懈褔械褋泻懈泄|褉懈褋褍薪芯泻|褉邪斜懈薪写褉邪薪邪褌|褌邪谐芯褉|褌褉邪写懈褑懈褟|泻邪谢谢懈谐褉邪褎懈褟|褎懈谐褍褉邪-谢邪屑锌邪
PRES_4a38078432,锌邪薪褔邪褌邪薪褌褉邪|褕邪褋褌褉|褌邪薪褌褉邪
PRES_5092113c15,泻褍谢褜褌褍褉芯谢芯谐懈褔械褋泻懈泄|锌芯胁芯褉芯褌|褞褉懈泄_褉械褉懈褏|谐褍屑懈谢械胁
PRES_5cc77e65a5,屑邪谐懈褔械褋泻懈泄|褋褉械写褋褌胁芯|胁械写械薪懈械|胁芯泄薪邪|屑芯薪谐芯谢芯-褌懈斜械褌褋泻懈泄|褎褉芯薪褌
PRES_633cf7004a,胁芯谢芯褋|斜褍写写邪|锌邪谢芯屑薪懈褔械褋泻懈泄|卸懈褌懈泄薪褘泄|薪邪褉褉邪褌懈胁|懈蟹芯斜褉邪蟹懈褌械谢褜薪褘泄|褌褉邪写懈褑懈褟
PRES_646140769f,褝锌懈褌械褌|芯斜褉邪蟹|屑芯褌懈胁|褋褉械写薪械胁械泻芯胁褘泄|锌芯褝蟹懈褟|斜褏邪泻褌懈
PRES_68f68e8947,锌褉邪谐屑邪褌懈泻邪|锌械褉械褔薪褘泄|褝锌懈谐褉邪褎懈褔械褋泻懈泄|褌械泻褋褌|芯褌泻褉褘褌懈械|薪邪写锌懈褋褜|斜褉邪褏泄|褑械薪褌褉邪谢褜薪褘泄|懈薪写懈褟
PRES_69e4c50d4d,屑芯褋泻胁邪|褋褍褉邪|胁械写懈泄褋泻懈泄|褉懈褌褍邪谢|胁邪写卸邪锌械褟|褋邪褍褌褉邪屑邪薪褜
PRES_71a1ef7771,锌褉械写褋褌邪胁谢械薪懈械|褌胁芯褉械薪懈械|胁褋械谢械薪薪邪褟|懈褋褌芯褉懈褟|锌褍褉邪薪褘
PRES_74f0b9dbb8,谢褞斜芯胁薪褘泄|褉械谢懈谐懈褟|屑芯褌懈胁|褋褉械写薪械胁械泻芯胁褘泄|褌邪屑懈谢褜褋泻懈泄|锌芯褝屑邪|褌懈褉褍泻泻芯胁械泄邪褉|屑邪薪懈泻泻邪胁邪褋邪褏邪褉
PRES_7921400a74,蟹芯褉芯邪褋褌褉懈泄褋泻懈泄|泻褍谢褜褌|芯谐芯薪褜|褉懈褌褍邪谢|锌邪褉褋|懈薪写懈褟
PRES_79e743c4be,褌邪薪械褑|褋褍褎懈泄褋泻懈泄|写械褉胁懈褕械泄胁芯谢褔芯泻|褉懈褌褍邪谢|褋邪屑|褋邪泻褉邪谢褜薪褘泄|褌邪薪械褑|胁懈褏褉褜|屑懈褋褌械褉懈褟|褋泻褉褟斜懈薪
PRES_94db424895,褞褉懈泄_褉械褉懈褏|褎芯褉屑懈褉芯胁邪薪懈械|褌褉邪薪褋泻褍谢褜褌褍褉薪褘泄|锌褉芯褋褌褉邪薪褋褌胁芯|泻邪谢懈屑锌芯薪谐
PRES_965ca3fc2b,锌褉械写胁邪褉懈褌械谢褜薪褘泄|蟹邪屑械褔邪薪懈械|褉械褔械胁芯泄|褋斜芯泄|写褉械胁薪械懈薪写懈泄褋泻懈泄|褌械芯褉懈褟|写褉邪屑邪
PRES_9d2b60c41e,褞褉懈泄_褉械褉懈褏|褉邪蟹胁懈褌懈械|褌懈斜械褌|褟蟹褘泻芯蟹薪邪薪懈械
PRES_9dae5c811e,蟹邪褏胁邪褌|写卸褍薪谐邪褉|褌懈斜械褌
PRES_a12fd2f1ff,邪褋褌褉芯谢芯谐懈褔械褋泻懈泄|屑邪薪褍褋泻褉懈锌褌|褌邪薪泻褉懈|泻芯谢谢械泻褑懈褟|泻褏褍斜褉邪屑|泻褏褍褕写懈谢褟|褏懈屑邪褔邪谢-锌褉邪写械褕|褌械泻褋褌|写邪褌懈褉芯胁泻邪
PRES_a525a168ab,褝胁芯谢褞褑懈褟|褋褌褉褍薪薪褘泄|屑褍蟹褘泻邪谢褜薪褘泄|懈薪褋褌褉褍屑械薪褌|胁懈薪邪|褋泻褍谢褜锌褌褍褉邪|锌械褖械褉薪褘泄|褏褉邪屑|褞卸薪邪褟_懈薪写懈褟
PRES_a8e1d07658,褋泻懈褎褋泻懈泄|褟蟹褘泻|褌芯锌芯薪懈屑|褋泻懈褎懈褟|褑械薪褌褉邪谢褜薪褘泄|邪蟹懈褟|懈薪写芯械胁褉芯锌械泄褋泻懈泄|褟蟹褘泻|泻褍谢褜褌褍褉薪褘泄|蟹邪懈屑褋褌胁芯胁邪薪懈械|懈薪写懈褟|泻褍谢褜褌褍褉邪|写褉械胁薪懈泄|锌芯薪褌|褝胁泻褋懈薪褋泻懈泄
PRES_a9dfccbed8,懈薪写懈褟|褑邪褉褋褌胁芯|懈薪写懈褟|写懈泻芯胁懈薪邪|褋褉械写薪械胁械泻芯胁褘泄|懈褉谢邪薪写褋泻懈泄|褉褍泻芯锌懈褋褜|褉芯屑邪薪|邪谢械泻褋邪薪写褉
PRES_b0a4a6a4a5,斜褍写写芯谢芯谐懈褟|褌械泻褋褌|褌懈斜
PRES_c193a1cc2e,屑芯褌懈胁邪褑懈芯薪薪褘泄|写芯屑懈薪邪薪褌邪|褋懈褋褌械屑邪|芯卸懈写邪薪懈械|褋邪薪褋泻褉懈褌|锌邪谢懈|锌芯胁械褋褌胁芯胁邪薪懈械
PRES_d1d14a99b1,懈褋褌芯褉懈褟|褌懈褉褍屑褍谢邪褉|斜懈芯谐褉邪褎懈褟|斜褏邪泻褌|斜懈芯谐褉邪褎懈褟|褋懈写写褏
PRES_d8f0fef90a,芯斜褉邪蟹|斜芯写褏懈褋邪褌褌胁邪|邪胁邪谢芯泻懈褌械褕胁邪褉邪|泻芯谢谢械泻褑懈褟|泻邪斜懈薪械褌|褉械褉懈褏|邪胁邪谢芯泻懈褌械褕胁邪褉邪|锌芯写邪褌械谢褜|锌褉芯蟹褉械薪懈械
PRES_d94f99723b,褕褌褉懈褏|卸懈蟹薪械薪薪褘泄|锌褍褌褜|锌褉芯写芯谢卸邪褌械谢褜|褞褉懈泄_褉械褉懈褏|芯斜谢邪褋褌褜|褌懈斜械褌芯谢芯谐懈褟|褋芯胁屑械褋褌薪褘泄|写械褟褌械谢褜薪芯褋褌褜|写褘谢褘泻芯胁褘泄|锌械褉械胁芯写|泻邪谢邪褔邪泻褉-褌邪薪褌褉邪|谐褉懈谐芯褉褜械胁|斜褍写褍褖械械|芯褌械褔械褋褌胁械薪薪褘泄|斜褍写写芯谢芯谐懈褟
PRES_e2a4694725,薪邪褔邪谢芯|谐懈褉谢褟薪写邪|锌械褉胁褘泄|懈蟹胁械褋褌薪褘泄|褋械褉懈褟|屑懈薪懈邪褌褞褉邪|褉邪谐邪屑邪谢械薪褜泻懈泄
PRES_044aea7c88,写邪胁邪褌褜|锌芯卸械薪懈褌褜褋褟|褋胁邪写械斜薪褘泄|褉懈褌褍邪谢|薪械胁邪褉褋泻懈泄|斜褍写写懈蟹屑
PRES_125338df77,胁械写懈泄褋泻懈泄|褋邪薪褋泻褉懈褌|懈薪写懈褟|褎懈谢芯褋芯褎懈褟|褌胁芯褉褔械褋褌胁芯|泻芯屑锌芯蟹懈褌芯褉|褋泻褉褟斜懈薪
PRES_125f1bf29e,锌褍褕锌-胁邪褌懈泻邪|褑胁械褌褍褖懈泄|褋邪写|锌芯褝蟹懈褟
PRES_179141844a,胁械写懈泄褋泻懈泄|褉懈褌褍邪谢|胁邪写卸邪锌械褟|写褉械胁薪懈泄|褌褉邪写懈褑懈褟|褋芯胁褉械屑械薪薪褘泄|锌褉邪泻褌懈泻邪
PRES_19697f2e5f,泻芯屑锌械薪写懈褍屑|邪斜褏懈写褏邪褉屑邪|邪褋邪薪谐邪|褎懈谢芯褋芯褎懈褟|斜褍写写懈蟹屑|屑邪褏邪褟薪邪
PRES_1c31562518,褋邪薪泻褌-锌械褌械褉斜褍褉谐|褋械屑褜褟|褉褍写薪械胁|褋芯斜懈褉邪褌械谢褜|泻芯谢谢械泻褑懈褟|屑邪褝_褉邪薪
PRES_2630391302,胁褘褋屑械懈胁邪薪懈械|锌芯褉芯泻|胁褉邪褔|褋邪薪褋泻褉懈褌|谢懈褌械褉邪褌褍褉邪|泻邪谢懈-胁懈写邪屑斜褏邪薪|薪懈谢邪泻邪薪褌褏懈|写懈泻褕懈褌褘泄
PRES_27d5db2ff5,褋邪薪褋泻褉懈褌|锌械褉械胁芯写|褌懈斜械褌|褌械泻褋褌
PRES_27da90a665,薪械芯锌芯蟹薪邪薪薪褘泄|懈薪写芯械胁褉芯锌械泄褋泻懈泄|屑芯褌懈胁|褋邪薪褋泻褉懈褌|褝锌芯褋
PRES_2b0af07002,写邪褌懈褉芯胁泻邪|薪邪薪写懈泻械褕胁邪褉邪泻邪褕懈泻
PRES_2b593f9763,泻芯薪褋褌褉褍泻褑懈褟|褌褉邪写懈褑懈褟|锌邪薪懈薪懈
PRES_2cd66465a6,泻邪薪芯薪懈褔械褋泻懈泄|褌懈锌芯谢芯谐懈褟|邪褉褏邪褌|斜褍写写懈蟹屑|褝泻蟹械谐械褌懈褔械褋泻懈泄|懈褋褌芯褔薪懈泻
PRES_377c745d79,邪褉褏械褌懈锌|写胁芯泄薪懈褔械褋褌胁芯|褉芯屑邪薪|褉褍褕写懈褌褜|褟褉芯褋褌褜|褝褌薪芯谐褉邪褎懈褔械褋泻懈泄|褋褍斜褋褌褉邪褌
PRES_46601a7245,褋褌褉褍泻褌褍褉薪褘泄|锌褉芯谢芯谐|泻谢邪褋褋懈褔械褋泻懈泄|褋邪薪褋泻褉懈褌|写褉邪屑邪
PRES_582d56f69a,写胁邪|褉芯写褋褌胁械薪薪褘泄|写卸邪褌邪泻邪褋褌邪胁|谢邪谢懈褌邪胁懈褋褌邪褉邪|褉邪褕褌褉邪锌邪谢邪锌邪褉懈锌褉懈褔褔褏邪-褋褍褌褉邪
PRES_5ec82e96d1,谐芯谢褍斜芯泄|谢芯褌芯褋|褋邪薪褋泻褉懈褌|谢械泻褋懈泻芯谐褉邪褎懈褟
PRES_64d8c34063,薪芯胁褘泄|褌械芯褉懈褟|写械泄褋褌胁懈械|谐褉邪屑屑邪褌懈褔械褋泻懈泄|褌褉褍写|薪邪谐械褋邪褌褜|斜褏邪褌褌
PRES_6ce494c40a,褉邪褋邪|褋芯泻|锌芯褝蟹懈褟
PRES_6d9f21c9ed,泻芯褎械泄薪褘泄|芯写懈褋褋械褟|懈薪写懈褟
PRES_77dd8038e0,褌褉邪写懈褑懈褟|谢邪谢懈褌邪胁懈褋褌邪褉邪|胁芯蟹屑芯卸薪褘泄|懈褋褌芯泻
PRES_7a34c63764,懈薪泻谢褞蟹懈胁懈蟹屑|懈薪写懈褟|泻褍谢褜褌褍褉邪|胁械写懈泄褋泻懈泄|懈褋褌芯泻
PRES_7e999e3350,锌芯薪懈屑邪薪懈械|懈褋褌芯褉懈褟|懈薪写懈褟|褋芯褑懈邪谢褜薪褘泄|褎懈谢芯褋芯褎懈褟|褉邪斜懈薪写褉邪薪邪褌|褌邪谐芯褉
PRES_806f7942d2,薪械锌械褉械褌褜|薪邪褌褜|薪邪泻|屑芯写械褉薪懈蟹邪褑懈褟|斜械薪谐邪谢褜褋泻懈泄|邪谢褎邪胁懈褌|褋芯胁褉械屑械薪薪褘泄|屑械写懈邪锌褉芯褋褌褉邪薪褋褌胁芯
PRES_840e0c180a,懈褋褌芯泻|褍褔械薪懈械|胁懈褕懈褕褌邪-邪写胁邪泄褌邪|胁械写邪薪褌邪
PRES_8bf8e5c670,褍写胁芯械薪懈械|蟹薪邪泻|锌褉芯褌芯懈薪写懈泄褋泻懈泄|锌懈褋褜屑械薪薪芯褋褌褜
PRES_8da2a8ffea,锌芯薪懈屑邪薪懈械|褋邪薪褋泻褉懈褌|屑械褌褉懈泻邪
PRES_90cb7911e1,褋芯褌械褉懈芯谢芯谐懈褔械褋泻懈泄|写芯泻褌褉懈薪邪|褕褉懈-胁邪泄褕薪邪胁懈蟹屑|褌褉邪泻褌邪褌|锌懈谢谢械泄|谢芯泻邪褔邪褉褜褟|屑褍屑褍泻褕褍锌邪褋褌褜
PRES_9736d3f1aa,泻邪屑械薪褜-褌褉邪胁邪|锌谢芯写|谐芯褉芯写|褋懈薪褌褉邪|懈褋褌芯褉懈褟|懈薪写懈褟|褎懈褌芯薪懈屑
PRES_978d279dac,写胁邪|褎芯褉屑邪|邪褌芯屑懈蟹屑|斜褍写写懈蟹屑
PRES_a330500b58,褏邪褉邪泻褌械褉薪褘泄|褔械褉褌邪|懈薪写懈褟|屑懈褎芯谢芯谐懈褔械褋泻懈泄|褋械褉懈邪谢|褋械褉懈邪谢|褋褞卸械褌|褉邪屑邪褟薪邪
PRES_af42ca8e9f,屑懈褎|懈薪写懈褟|褎械泄泻芯胁褘泄|懈薪写芯谢芯谐懈褟
PRES_af4d11c92c,懈褋泻褍褋褋褌胁芯|锌褉芯褌械褋褌|锌芯谢懈褌懈褔械褋泻懈泄|褌械邪褌褉|懈薪写懈褟|懈褋褌芯泻|褉邪蟹胁懈褌懈械
PRES_b04952c128,薪邪褉芯写薪芯-褉邪蟹谐芯胁芯褉薪褘泄|褉械褔褜|锌褉懈械屑|褋褌懈谢懈蟹邪褑懈褟|锌芯褝蟹懈褟|褋械胁械褉芯懈薪写懈泄褋泻懈泄|斜褏邪泻褌懈
PRES_ba86fb0e21,褉邪薪薪懈泄|褋胁褟褖械薪薪褘泄|褌械泻褋褌|褋芯褉邪薪谐-褋芯屑锌械薪谐|泻谢褞褔|懈褋褌芯褉懈褟|褋芯蟹写邪薪懈械|泻褍谢褜褌|屑邪褌邪褉|斜邪薪|锌谢械屑褟|褋芯褉|褞卸薪褘泄|屑褍薪写邪|芯褉懈褋褋邪
PRES_bb6d189bea,锌邪谢懈|褋邪薪褋泻褉懈褌|胁械褉褋懈褟|褋褞卸械褌|褋邪屑芯锌芯卸械褉褌胁芯胁邪薪懈械|斜芯写褏懈褋邪褌胁邪-蟹邪褟褑
PRES_c2b2c25a8c,懈褋褌芯谢泻芯胁邪薪懈械|屑懈褎|屑邪褏懈褕邪屑邪褉写邪薪褜|薪邪褍褔薪褘泄|薪邪褋谢械写懈械|褌褍斜褟薪褋泻懈泄
PRES_d59e7f7256,懈薪写芯谢芯谐懈褔械褋泻懈泄|褉邪斜芯褔懈泄|蟹邪锌懈褋泻邪|屑械褋褋械褉褕屑懈写褌|胁芯褋褌芯泻芯胁械写械薪懈械
PRES_e07744764c,泄芯谐-褋褍褌褉邪|锌邪褌邪薪写卸邪谢懈|邪褉邪斜褋泻懈泄|锌械褉械胁芯写|邪谢-斜懈褉褍薪懈
PRES_e218a2fb4b,锌褉懈械屑|泻芯屑锌芯蟹懈褑懈褟|谐褉褍锌锌邪|褌械泻褋褌|锌邪谢懈|褌懈锌懈褌邪泻邪
PRES_e657e5f36b,懈薪褌械谢谢械泻褌褍邪谢褜薪褘泄|懈褋褌芯褉懈褟|屑芯写械褉薪懈蟹屑|褋褌械谢谢邪|泻褉邪屑褉懈褕|懈薪写懈褟|邪胁邪薪谐邪褉写
PRES_e8343f7c65,屑懈薪懈邪褌褞褉邪|褉邪谐邪屑邪谢械薪褜泻懈泄|芯褌械褔械褋褌胁械薪薪褘泄|褋芯斜褉邪薪懈械
PRES_e968b3b7a0,褕懈胁-斜褏邪泻褌褜|褕懈胁-泄芯谐|褌邪屑懈谢褜褋泻懈泄|褕邪泄胁-斜褏邪泻褌褜
PRES_efa6368f8b,褌褉邪泻褌芯胁泻邪|锌邪薪懈薪懈泄褋泻懈泄|褌械褉屑懈薪|泻芯屑屑械薪褌邪褌芯褉|锌邪褉懈斜褏邪褕邪
PRES_f1d3968b9f,锌芯褋褌褉芯械薪懈械|褋谢芯胁邪褉褜-褌械蟹邪褍褉褍褋|写褉械胁薪械懈薪写懈泄褋泻懈泄|谢懈薪谐胁懈褋褌懈泻邪|褌械褉屑懈薪芯谢芯谐懈褟|谐褉邪屑屑邪褌懈泻邪|锌邪薪懈薪懈
PRES_face965a12,锌芯谢械屑懈泻邪|屑懈屑邪薪褋邪泻|邪褌屑邪薪械|褌邪褌褌胁邪褋邪薪谐褉邪褏邪|褕邪薪褌邪褉邪泻褕懈褌
PRES_faf88dfc43,褋邪薪褋泻褉懈褌|褎褉邪谐屑械薪褌|邪褉褌褏邪胁懈薪懈褕褔邪泄-褋褍褌褉邪|褋械褉懈薪写懈泄褋泻懈泄|褎芯薪写|懈胁褉_褉邪薪
PRES_ff09f8aee5,屑懈褎|谐褏芯褉|斜芯谐懈薪褟|泄芯谐懈薪懈-褌邪薪褌褉邪
PRES_19464a9a79,褋胁褟蟹泻邪|褌械泻褋褌-褋屑褘褋谢-屑褘褕谢械薪懈械|邪褉褌褏邪褕邪褋褌褉|泻邪褍褌懈谢褜褟|褍薪懈泻邪谢褜薪芯褋褌褜|褋褌邪薪写邪褉褌薪芯褋褌褜
PRES_224b938159,褍褔械薪懈械|褑胁械褌|泻褋械薪芯泻褉邪褌|褋懈泻懈芯薪褋泻懈泄|褌械芯褉懈褟|褑胁械褌芯-泻褍谢褜褌褍褉薪褘泄|泻芯屑锌械褌械薪褑懈褟|褔褏邪胁懈褌褜|写褉械胁薪懈泄|懈薪写懈褟
PRES_231441bfe0,泻褍谢褜褌|斜械谢褘泄|褋褌邪褉械褑|褋懈泻泻懈屑|写芯泻谢邪写
PRES_27a371b83b,锌褉械写械谢褜薪褘泄|锌褉械写屑械褌|锌邪褉邪屑邪褉褌褏邪褋邪褉|邪斜褏懈薪邪胁邪谐褍锌褌邪
PRES_3713c953c3,褝褌懈屑芯谢芯谐懈褔械褋泻懈泄|泻谢邪褋褋懈褎懈泻邪褑懈褟|谢械泻褋懈泻邪|懈薪写懈褟|械胁褉芯锌械泄褋泻懈泄|谐褉邪屑屑邪褌懈褔械褋泻懈泄|褌褉邪写懈褑懈褟|褟蟹褘泻|泻褍谢谢褍懈
PRES_40bcedce59,褉褍褋褋泻懈泄|锌械褉械胁芯写|屑懈屑邪薪褋邪泻邪锌邪褉懈泻邪谢褜锌懈褌邪-邪褌屑邪-锌邪褉懈泻褕邪|褌邪褌褌胁芯-褋邪薪谐褉邪褏邪|褕邪薪褌邪褉邪泻褕懈褌|泻芯屑屑械薪褌邪褉懈泄|泻邪屑邪谢邪褕懈谢邪|锌邪薪写卸懈泻
PRES_5528877ed4,泻芯屑锌芯蟹懈褑懈褟|邪锌邪褋褌邪屑斜-褕褉邪褍褌邪褋褍褌褉邪|斜邪蟹芯胁褘泄|褉懈褌褍邪谢|屑芯写懈褎懈泻邪褑懈褟
PRES_6639f5e148,褉械泻芯薪褋褌褉褍泻褑懈褟|褟蟹褘泻芯胁芯泄|泻芯薪褌邪泻褌|芯斜谢邪褋褌褜|褕邪薪谐褕褍薪谐|写芯褌懈斜械褌褋泻懈泄|褝锌芯褏邪
PRES_6c278c000a,薪械褋泻芯谢褜泻芯|蟹邪屑械褔邪薪懈械|锌械褉胁褘泄|褔邪褋褌褜|褌懈褉褍屑邪薪褌懈褉邪屑
PRES_6db1d38cf2,褌褉邪泻褌邪褌|屑邪褉泻芯|锌邪谢谢懈褋邪|锌褉械写芯褋褌械褉械谐邪褌褜|褌懈斜械褌|锌芯褋谢械写褋褌胁懈械|泻邪谢懈-褞谐|邪褌褉懈斜褍褌懈褉芯胁邪薪懈械|褋芯写械褉卸邪薪懈械|褌懈斜械褌|泻褋懈谢芯谐褉邪褎|邪褉褏懈胁|屑褍蟹械泄|褉械褉懈褏|褎懈谢懈邪谢|谐芯褋褍写邪褉褋褌胁械薪薪褘泄|屑褍蟹械泄|胁芯褋褌芯泻
PRES_73ff9d211a,褌褉懈谐邪褌邪|薪邪褌褜褟褕邪褋褌褉|褉械谢懈谐懈褟|褋懈屑胁芯谢懈褔械褋泻懈泄
PRES_787181142c,褋芯芯斜褖械薪懈械|褋屑械褉褌褜|褔懈薪谐懈褋-褏邪薪邪|褉褍褋褋泻懈泄|谢械褌芯锌懈褋褜
PRES_88384d600b,锌褉械写褋褌邪胁谢械薪懈械|胁褉械屑褟|锌褉芯褋褌褉邪薪褋褌胁芯|锌褉械褌邪-泻邪薪写邪|谐邪褉褍写-锌褍褉邪薪邪
PRES_8bce4f930d,写邪褉写卸懈谢懈薪谐褋泻懈泄|锌械褉懈芯写|薪邪褍褔薪褘泄|泻邪褉褜械褉邪|褞褉懈泄_褉械褉懈褏
PRES_8ca083b138,锌邪屑褟褌薪褘泄|写邪褌邪|褋褌懈屑褍谢|薪芯胁褘泄|锌芯懈褋泻|写械薪褜|褉芯卸写械薪懈械|锌邪胁械谢|褉懈褌褌械褉|写械薪褜|褉芯卸写械薪懈械|褞褉懈泄|褉械褉懈褏|写芯泻谢邪写
PRES_b7e8bb27cc,卸懈蟹薪褜|斜褍写写邪|邪褕胁邪谐褏芯褕懈褌褜|褋械褉械斜褉褟薪褘泄|胁械泻|褉褍褋褋泻懈泄|泻褍谢褜褌褍褉邪
PRES_bab6fc9b5c,薪械屑薪芯谐懈械|褋胁械写械薪懈械|薪懈谢邪泻邪薪褌褏邪写懈泻褕懈褌械谐褉邪屑屑邪褌懈褋褌
PRES_beed481e92,薪械写芯褋泻邪蟹邪薪薪芯褋褌褜|锌褉械褉胁邪薪薪芯褋褌褜|褉械褔褜|泻谢邪褋褋懈褔械褋泻懈泄|褋邪薪褋泻褉懈褌|写褉邪屑邪
PRES_c4a37b0299,褋胁褟褖械薪薪褘泄|蟹芯褉芯邪褋褌褉懈泄褋泻懈泄|褌械泻褋褌|锌械褉械锌懈褋泻邪|锌邪褉褋懈泄褋泻懈泄|卸褉械褑|蟹芯褉芯邪褋褌褉懈泄褋泻懈泄|卸褉械褑|懈褉邪薪
PRES_c7dde9eafd,谢械泻褋懈泻邪谢懈蟹邪褑懈褟|写械蟹懈写械褉邪褌懈胁|泻谢邪褋褋懈褔械褋泻懈泄|褋邪薪褋泻褉懈褌
PRES_cc6f3afab6,褋褌械谢邪|屑芯薪邪褋褌褘褉褜|褕邪泻懈械|屑芯薪谐芯谢懈褟|褌械泻褋褌
PRES_d8ca534401,褉械褑械锌褑懈褟|褌邪薪褌褉懈褔械褋泻懈泄|褌械泻褋褌|褋芯胁械褉械屑械薪薪褘泄|泻褍谢褜褌褍褉邪|褋谢褍褔邪泄|邪谢谢械薪|谐懈薪蟹斜械褉谐
PRES_e6909d6386,褎懈谢芯褋芯褎懈褟|锌褉邪泻褌懈泻邪|褋邪屑芯锌芯胁褉械卸写邪褌褜|锌芯胁械写械薪懈械|褌邪屑懈谢褜褋泻懈泄|斜褏邪泻褌懈|写芯泻谢邪写
PRES_ea72ffeb6f,褋褌懈谢懈褋褌懈泻邪|邪屑邪褉邪胁邪褌懈|锌芯褝褌懈泻邪|谢邪谢懈褌邪胁懈褋褌邪褉邪
PRES_f0ebf6d248,锌褉芯褟胁谢械薪懈械|褔褍胁褋褌胁芯|谢懈褉懈泻邪|泻褉懈褕薪邪懈褌褋泻懈泄|斜褏邪泻褌懈
PRES_f6fa058fc3,锌芯谢懈褋械屑懈褟|芯斜谢邪褋褌褜|褌械褉屑懈薪芯谢芯谐懈褟|褉芯写褋褌胁芯|写褉邪胁懈写芯谢芯谐懈褟|懈薪写芯邪褉懈泄褋泻懈泄|褟蟹褘泻
PRES_049685d093,邪胁械褋褌懈泄褋泻芯-胁械写懈泄褋泻懈泄|锌邪褉邪谢谢械谢褜|褋芯斜邪泻邪
PRES_0fd010e2b6,褎邪褏胁械褉泻芯胁褘泄|邪褉褏懈褌械泻褌褍褉邪|懈薪写懈褟
PRES_147249ddf0,褎芯褉屑懈褉芯胁邪薪懈械|锌芯薪褟褌懈械|锌褍褋褌芯褌邪|褉邪薪薪懈泄|屑邪褏邪褟薪邪
PRES_191e751374,褌械芯屑芯褉褎薪褘泄|芯斜褉邪蟹|胁邪褉薪邪|褋邪薪褋泻褉懈褌|泻芯薪褌械泻褋褌|懈薪写褍懈褋褌褋泻懈泄|褌邪薪褌褉邪
PRES_1cfabd5347,褉邪屑邪懈褌褋泻懈泄|锌芯褝蟹懈褟|邪泄芯写褏懈械|芯斜褉邪蟹|褋屑褘褋谢|锌械褉械胁芯写|褉褍褋褋泻懈泄|褟蟹褘泻
PRES_21a2609dd4,泻芯屑屑褍薪懈泻邪褌懈胁薪褘泄|写懈褋泻褍褉褋|褌褉邪泻褌邪褌|褌邪褌褌胁邪褋邪薪谐褉邪褏邪
PRES_22b3b0e3af,褋褍褉邪|褋芯屑邪|卸械褉褌胁芯锌褉懈薪芯褕械薪懈械|褋邪褍褌褉邪屑邪薪褜|屑懈褎|褉懈褌褍邪谢褜薪褘泄|写械泄褋褌胁懈械|屑邪薪褌褉邪
PRES_301c0a7a9a,锌芯薪懈屑邪薪懈械|斜褏邪胁邪薪|锌褍褉胁邪-屑懈屑邪薪褋
PRES_319b5e277b,泻薪芯褉芯蟹芯胁褘泄|锌褉芯褌芯懈薪写懈泄褋泻懈泄|褌械泻褋褌|谢械褌懈械|写械薪褜|褉芯卸写械薪懈械
PRES_39efe13b3a,薪械邪褌褉懈斜褍褌懈褉芯胁邪褌褜|褋邪薪褋泻褉懈褌|褎褉邪谐屑械薪褌|褋械褉懈薪写懈泄褋泻懈泄|褎芯薪写|懈胁褉_褉邪薪
PRES_3b39eca1f6,斜褉邪褏屑邪薪|邪斜褏懈写褏邪褉屑邪泻芯褕邪斜褏邪褕懈泄|胁邪褋褍斜邪薪写褏
PRES_3c7edb493f,胁械写懈泄褋泻懈泄|斜邪褉褘褕薪褟|褝褌懈屑芯谢芯谐懈褟|褋械屑邪薪褌懈泻邪|泻芯薪褌械泻褋褌
PRES_45d2980f2a,斜邪褉邪褏屑邪褏|薪邪薪邪泻邪|写懈褋泻褍褋褋懈褟|褉械褎芯褉屑邪|褋懈泻褏褋泻懈泄|泻邪谢械薪写邪褉褜
PRES_4f0e5d2559,屑邪薪谐邪谢|锌芯褝蟹懈褟|褉懈褌褍邪谢|泄芯谐懈褔械褋泻懈泄|锌褉邪泻褌懈泻邪
PRES_4f574144dd,卸懈胁芯泄|写褉械胁芯|褉械谢懈谐懈褟|谐邪薪写懈
PRES_513cbc0421,谐谢褍锌械褑|薪械蟹薪邪泻芯屑械褑|褔械谢芯胁械泻-褝锌芯褏邪|褌褉懈|懈锌芯褋褌邪褋褜|泻薪褟蟹褜|屑褘褕泻懈薪|懈薪写懈褟|泻懈薪械屑邪褌芯谐褉邪褎
PRES_51d1870035,褎芯谢褜泻谢芯褉|械胁褉芯锌械泄褋泻懈泄|褉芯屑邪|褑褘谐邪薪|屑懈褎|懈薪写懈褟|锌谢械屑褟
PRES_677299afaa,锌褉邪胁懈谢芯|谐褉邪屑屑邪褌懈泻邪|锌邪薪懈薪懈
PRES_695444f2df,锌芯褝蟹懈褟|斜褏邪褉褌褉懈褏邪褉懈
PRES_6c80b6dbcb,褌邪薪褌褉懈褔械褋泻懈泄|邪褋泻械褌懈蟹屑
PRES_725bb30238,胁懈胁械泻邪薪邪薪写邪|褍褔懈褌械谢褜|锌褉械械屑褋褌胁械薪薪芯褋褌褜|褉械谢懈谐懈芯蟹薪芯-褎懈谢芯褋芯褎褋泻懈泄|胁蟹谐谢褟写
PRES_742bbb6f8d,斜邪褏懈褉邪薪谐-锌邪褉懈斜褏邪褕|锌芯褋谢械写薪懈泄|褋谢芯胁芯|薪邪谐芯写卸懈斜褏邪褌褌邪|斜褉芯薪泻褏芯褉褋褌褘泄
PRES_766fc36baf,屑薪芯谐芯芯斜褉邪蟹懈械|褎芯褉屑邪|褕懈胁邪|泻芯谢谢械泻褑懈褟|谐芯褋褍写邪褉褋褌胁械薪薪褘泄|屑褍蟹械泄|懈褋褌芯褉懈褟|褉械谢懈谐懈褟
PRES_7ea08762c7,斜褍写写懈蟹屑|胁芯泄薪邪|懈褋褌芯褉懈褟|芯斜蟹芯褉
PRES_7ea4b748be,褋褞卸械褌|写卸邪褌邪泻邪|屑邪褏邪写卸邪薪邪泻|褋懈薪谐邪谢褜褋泻懈泄|泻芯谢谢械泻褑懈褟|屑邪褝
PRES_7f831a6dff,蟹邪谐邪写泻邪|褋邪屑屑械谢邪薪-褟薪褌褉邪|泻褍薪褜写卸懈褌邪薪谐褏褉懈褋褌邪胁|褍屑邪锌邪褌懈|褕懈胁邪褔邪褉褜褟
PRES_92609683a4,薪懈褋褏芯卸写械薪懈械|芯斜褉邪蟹|褉褘斜邪|褋泻邪蟹邪薪懈械|褎芯谢褜泻谢芯褉薪褘泄|褌褉邪写懈褑懈褟|锌邪褋褌褍褏芯胁-谐芯谢谢
PRES_a0892f70d1,芯褌谢懈褔懈褌械谢褜薪褘泄|褏邪褉邪泻褌械褉薪褘泄|褔械褉褌邪|懈薪写懈褟|屑懈褎芯谢芯谐懈褔械褋泻懈泄|褋械褉懈邪谢|褋褞卸械褌
PRES_a48c051ad5,斜褍写写懈蟹屑|褉械薪械褋褋邪薪褋|褞卸薪褘泄|邪蟹懈褟|泻芯薪械褑|褋械褉邪|胁械泻|懈褋褌芯褉懈褟|锌械褉褋锌械泻褌懈胁邪
PRES_aa72a4b214,懈褋褌芯褉懈褟|懈薪写懈褟|褎懈谢芯褋芯褎懈褟|褋胁邪屑懈|胁懈胁械泻邪薪邪薪写邪
PRES_aef1a6caa8,泻芯屑屑械薪褌邪褉懈泄|泻芯褉械薪薪芯泄|屑邪薪褌褉邪|胁邪写卸褉邪泻懈谢邪懈
PRES_b0e971446f,蟹谢芯|泻芯薪褑械锌褑懈褟|谢懈谢邪胁邪写|泻邪褕屑懈褉褋泻懈泄|褕懈胁邪懈蟹屑
PRES_b11890b0ab,薪芯胁褘泄|褉芯屑邪薪|褋邪谢屑邪薪|褉褍褕写懈褌褜|泻懈褕芯褌邪|懈薪写懈褟|褋芯褋褌邪胁谢褟褌褜
PRES_b24d46274c,斜褏邪谐邪胁邪褌|屑械谢|薪邪褌邪泻邪|褌械邪褌褉|褉懈褌褍邪谢|写械褉械胁薪褟|屑械谢邪褌褌褍褉|褌邪屑懈谢薪邪写
PRES_b5b4220732,芯斜褉邪蟹|锌褌懈褑邪|褔邪褌邪泻邪|锌芯褝蟹懈褟|斜械薪谐邪谢褜褋泻懈泄|胁邪泄褕薪邪胁|褉褍锌邪|谐芯褋胁邪屑懈薪
PRES_b5e87eb0bb,褋屑褘褋谢|锌芯薪懈屑邪薪懈械|胁芯泄薪邪|褋褉械写薪械胁械泻芯胁褘泄|褞卸薪邪褟_懈薪写懈褟|锌芯褝屑邪|写卸邪褟薪泻芯薪写邪褉|锌邪褉邪薪褜|胁芯泄薪邪|泻邪谢懈薪谐邪
PRES_bda295c85a,蟹邪锌邪写薪褘泄|褎懈谢芯褋芯褎懈褟|胁芯褋褌芯褔薪褘泄|屑械写懈褌邪褑懈褟|褍褔械薪懈械|芯褕芯|褉邪写卸薪懈褕邪
PRES_c6ce1e5635,卸械薪褖懈薪邪-谐褍褉褍|褌械泻褋褌|懈薪写褍懈褋褌褋泻懈泄|褌邪薪褌褉懈蟹屑
PRES_c8a43354fb,写懈邪谢械泻褌芯谢芯谐懈褔械褋泻懈泄|褟蟹褘泻|泻褍谢谢褍懈|褏懈屑邪褔邪谢懈|蟹邪写邪褔邪|屑械褌芯写懈泻邪|褉械蟹褍谢褜褌邪褌
PRES_ca45861a41,屑芯褌懈胁|褑邪褉褋泻懈泄|锌褉芯褑械褋褋懈褟|卸懈蟹薪械芯锌懈褋邪薪懈械|斜褍写写邪
PRES_cb7f41abaa,胁褜褟泻邪褉邪薪|薪邪褍泻邪|褟蟹褘泻|屑械褌芯写芯谢芯谐懈褟|褋懈薪褌械蟹|褉械褔褜|褎懈谢芯褋芯褎懈褟
PRES_d241de8c69,褍褋褌褉芯泄褋褌胁芯|褕褉懈斜褏邪褕懈泄|褉邪屑邪薪褍写卸|褋芯写械褉卸邪薪懈械|泻芯屑锌芯蟹懈褑懈褟|褋褌懈谢褜
PRES_dae45dd193,褉懈褌褍邪谢褜薪褘泄|泻芯屑锌谢械泻褋|锌芯褏芯褉芯薪薪褘泄|芯斜褉褟写|薪械胁邪褉褋泻懈泄|斜褍写写懈蟹屑
PRES_e3b0743d31,褌芯屑邪褋|褉懈褋-写褝胁懈写褋|芯褋薪芯胁邪褌械谢褜
PRES_e535f6d646,褝褌邪锌|褉邪蟹胁懈褌懈械|褌邪屑懈谢褜褋泻懈泄|褟蟹褘泻芯胁芯泄|锌褍褉懈蟹屑
PRES_f71b65d4d2,泻褉懈褕薪邪懈褌褋泻懈泄|泻芯写|锌褉芯锌芯胁械写褜|褋械胁械褉芯-懈薪写懈泄褋泻懈泄|斜褏邪泻褌懈
PRES_fb1f237dc7,褔邪泄褌懈械|褌褉懈|胁械褉褋懈褟|谢邪谢懈褌邪胁懈褋褌邪褉邪|胁蟹邪懈屑芯写械泄褋褌胁懈械|褌械泻褋褌|锌邪谢芯屑薪懈褔械褋泻懈泄|褌褉邪写懈褑懈褟
PRES_1654668dbb,褋谢芯胁芯褋谢懈褟薪懈械|泻褍谢谢褍懈|褋锌芯褋芯斜|褋谢芯胁芯芯斜褉邪蟹芯胁邪薪懈械
PRES_259ddc64ac,芯斜褋褑械薪薪褘泄|斜褉邪薪褜|褋谢械写|胁芯蟹屑芯卸薪褘泄|褉械泻芯薪褋褌褉褍泻褑懈褟|褌械泻褋褌
PRES_3b994db7ef,写褉械胁薪械懈薪写懈泄褋泻懈泄|褌械泻褋褌|泻谢褞褔械胁芯泄|薪邪锌褉邪胁谢械薪懈械|褉邪薪薪懈泄|褟锌芯薪褋泻懈泄|斜褍写写芯谢芯谐懈褟
PRES_46cb67fd05,褌械泻褋褌|锌褉邪写卸薪褟锌邪褉邪屑懈褌|芯泄褉邪褌褋泻懈泄|褉械谢懈谐懈褟|泻褍谢褜褌褍褉邪|蟹邪泻芯薪芯锌芯谢芯卸械薪懈械
PRES_481f966cc6,谢褞斜芯胁褜|胁褋械芯斜褗械屑谢褞褖懈泄|懈屑锌械褉邪褌懈胁|芯褋胁芯斜芯卸写邪褌褜|褋褌褉邪写邪薪懈械|褋邪薪褋邪褉
PRES_48997b3d72,泻褍谢褜褌|泻芯褉蟹懈薪邪|写褉械胁薪懈泄|懈薪写懈褟|褋屑械薪邪|褉械谢懈谐懈褟|锌邪褉邪写懈谐屑邪
PRES_52333b1258,薪邪写锌懈褋褜|泻芯谢芯薪薪邪|谐械谢懈芯写芯褉
PRES_8190c6779b,芯褌褉邪卸械薪懈械|屑芯薪谐芯谢褜褋泻懈泄|懈屑锌械褉褋泻懈泄|懈写械褟|褋褉械写薪械胁械泻芯胁褘泄|胁褜械褌薪邪屑褋泻懈泄|懈褋褌芯褔薪懈泻
PRES_87b3b9e9f4,薪械褋泻芯谢褜泻芯|蟹邪屑械褔邪薪懈械|斜褉邪褏屑邪薪|褋褍褖懈泄
PRES_89e97978bb,褉懈褌褍邪谢|锌褉懈械屑|锌芯褔械褌薪褘泄|谐芯褋褌褜|卸械褉褌胁芯锌褉懈薪芯褕械薪懈械|褋芯屑
PRES_8f4eeac42e,褍谢邪薪-斜邪褌芯褉褋泻懈泄|锌械褉懈芯写|薪邪褍褔薪褘泄|泻邪褉褜械褉邪|褞褉懈泄_褉械褉懈褏
PRES_b1ae58819e,锌褉械写褋褌邪胁谢械薪懈械|泻芯薪褑械锌褑懈褟|胁褉械屑褟|锌褍褉邪薪褘
PRES_b35fa99329,锌芯薪褟褌懈械|胁泻褍褋|写褉械胁薪械懈薪写懈泄褋泻懈泄|褌褉邪写懈褑懈褟
PRES_b57a66fc22,卸褍褉薪邪谢|谐懈屑邪谢邪泄褋泻懈泄|泻褍谢褜褌褍褉邪|斜褍写写懈蟹屑|褎懈谢芯褋芯褎懈褟|锌械褉械薪薪懈邪谢懈蟹屑|褋泻胁芯蟹褜|锌褉懈蟹屑邪|胁蟹谐谢褟写|械胁褉芯锌械泄褋泻懈泄|懈褋褋谢械写芯胁邪褌械谢褜
PRES_be1bdeb599,芯写械薪褜|谐褉邪薪写懈芯蟹薪褘泄|锌褉械谢械褋褌褜|谐懈屑邪谢邪懈|懈褌芯谐|锌褍褌械褕械褋褌胁懈械|屑懈薪邪械胁|泻褍屑邪芯薪
PRES_e6073c947c,褝褌懈屑芯谢芯谐懈褟|褋械屑邪薪褌懈泻邪|褑胁械褌芯芯斜芯蟹薪邪褔械薪懈械|泻褉邪褋薪褘泄|泻懈褌邪泄褋泻懈泄|泻褍谢褜褌褍褉邪
PRES_edcdc9e33a,褋芯褑懈芯褋泻褉懈锌褌芯褉薪褘泄|褋懈褌褍邪褑懈褟|写褉械胁薪懈泄|懈薪写懈褟
PRES_0727154099,写械泄褋褌胁懈械|泻芯屑屑械薪褌邪褉懈泄|褕邪薪泻邪褉邪|斜褏邪谐邪胁邪写谐懈褌邪
PRES_0bdad1d393,褞谐邪-锌褍褉邪薪邪|懈褋褌芯褉懈褟|懈褋褌芯褔薪懈泻
PRES_131430ee4f,懈薪写懈褟|褎懈谢芯褋芯褎懈褟|芯褋薪芯胁邪|褞卸薪芯邪蟹懈邪褌褋泻懈泄|褋褏械屑邪|褉邪褑懈芯薪邪谢褜薪芯褋褌褜
PRES_1575c77bb8,锌械褉械写邪褔邪|褋邪薪褋泻褉懈褌|褋褌懈褏芯褌胁芯褉薪褘泄|褉邪蟹屑械褉|褉褍褋褋泻懈泄|锌械褉械胁芯写
PRES_15d3fb6de7,褋泻谢芯薪薪芯褋褌褜|泻芯薪褎谢懈泻褌|芯斜褉邪蟹|屑邪褏邪泻邪褕褜褟锌邪|斜褍写写懈蟹屑|泻邪薪芯薪懈褔械褋泻懈泄|褌械泻褋褌
PRES_20e3bfece1,
PRES_3d52efd485,锌芯懈褋泻|褋芯胁褉械屑械薪薪褘泄|锌褉芯蟹邪|锌褉械屑褔邪薪写邪|泻芯褉芯胁懈薪|械胁谐械薪懈泄|褉械薪泻芯胁褋泻邪泄|械胁谐械薪懈泄|屑芯褋泻胁邪|褝泻褋锌械写懈褑懈褟|锌邪屑褟褌薪懈泻|锌褉芯褌芯懈薪写懈泄褋泻懈泄|褑懈胁懈谢懈蟹邪褑懈褟|褌械褉褉懈褌芯褉懈褟|懈薪写懈褟
PRES_42ff807ebd,锌械褉械芯褑械薪泻邪|褉邪蟹谢懈褔薪褘泄|屑械褌芯写芯谢芯谐懈褔械褋泻懈泄|懈薪写懈褟|褎懈谢芯褋芯褎懈褟|褋谢械写|泻薪懈谐邪|邪写谢褍褉懈褌褜|斜邪谐褔懈褌褜
PRES_4542369695,锌芯谢懈褌懈泻|褔懈褌邪褌褜|锌械褉械褋泻邪蟹褘胁邪褌褜|褝锌芯褋|褉邪屑邪褟薪邪|屑邪褏邪斜褏邪褉邪褌|锌械褉械谢芯卸械薪懈械|褔邪泻褉邪胁邪褉褌懈|褉邪写卸邪谐芯锌邪谢邪褔邪褉褜
PRES_483a3d2f7e,褎褍薪泻褑懈芯薪懈褉芯胁邪薪懈械|谢械泻褋械屑邪|斜械薪谐邪谢褜褋泻懈泄|褟蟹褘泻
PRES_4a75bb4440,屑芯褌懈胁|褋泻邪蟹邪薪懈械|写卸邪谢邪薪写褏邪褉|锌邪写屑邪-锌褍褉邪薪邪
PRES_4a837e8e68,懈褋褌懈薪薪芯褋褌褜|锌褍褉胁邪-屑懈屑邪薪褋
PRES_4d66fa9608,薪邪泄褌懈|薪芯褉屑邪褌懈胁薪褘泄|褝褌懈泻邪|褌褉邪写懈褑懈芯薪薪褘泄|褌械泻褋褌|褋胁械褉褏蟹邪写邪褔邪|褉械褕械薪懈械|屑褘褋谢懈褌械谢褜|斜械薪谐邪谢褜褋泻懈泄|胁芯蟹褉芯卸写械薪懈械
PRES_4de09c27d6,薪械-胁芯谢褕械斜薪褘泄|锌芯屑芯褖薪懈褑邪|褋泻邪蟹泻邪|锌邪褉褜褟|胁邪褉懈邪薪褌|褎芯谢褜泻谢芯褉薪褘泄|屑芯褌懈胁
PRES_4e2a407a20,锌芯蟹写薪懈泄|褌邪谐芯褉|斜褏邪谐邪胁邪写谐懈褌邪|锌械褉械芯褋屑褘褋谢褟褌褜|泻芯薪褑械锌褑懈褟|写芯谢谐
PRES_5b690db8b2,褋泻褍谢褜锌褌褍褉邪|薪褉懈褌懈械|褕懈胁邪|褏褉邪屑|屑邪薪写邪锌械褕胁邪褉邪|屑褍屑斜邪泄|褋褌懈谢褜|懈泻芯薪芯谐褉邪褎懈褟|邪薪邪谢芯谐懈褟
PRES_611497ab1e,锌芯褔械屑褍|斜褉邪褏屑邪薪|薪邪写械谢褜薪褘泄|锌褉懈褉芯写邪|蟹胁褍泻|褕邪斜写邪-褌邪褌褌胁芯
PRES_62b9cf0c5b,屑邪薪褌褉邪|胁械写懈泄褋泻懈泄|褕褉邪褍褌邪-褉懈褌褍邪谢
PRES_6685d6b52f,褝褌薪芯谐褉邪褎懈褔械褋泻懈泄|褋斜芯褉|谢懈锌褋泻懈泄|褑械泄谢芯薪|薪邪褔邪谢芯
PRES_6d2052f1ad,褉芯褋褋懈褟|褉褍褋褋泻懈泄|锌褉芯懈蟹胁械写械薪懈械|褋邪谢屑邪薪|褉褍褕写懈褌褜
PRES_70f93c1aa2,泻褍泻芯谢褜薪褘泄|褌械邪褌褉|蟹邪锌邪写薪褘泄|斜械薪谐邪谢懈褟
PRES_7315ee9c52,褋褉械写薪懈泄|蟹邪谢芯谐|褋邪薪褋泻褉懈褌|褋械屑邪薪褌懈泻邪|泻邪褌械谐芯褉懈褟
PRES_8190df6ab4,屑芯泄|屑邪褌褜|褌胁芯泄|屑邪褌褜|泻邪泻芯泄|褉芯写薪褟|芯斜芯蟹薪邪褔械薪懈械|斜褉邪褌|褋械褋褌褉邪|锌褉邪写褉邪胁懈写懈泄褋泻懈泄|褉械泻芯薪褋褌褉褍泻褑懈褟
PRES_878ec9446a,锌邪写邪褟薪褍褌褜|屑褍写懈械褌褌邪|褌懈褟褌褌邪|褉懈褌褍邪谢褜薪褘泄|懈褋锌芯谢薪懈褌械谢褜褋泻懈泄|褌褉邪写懈褑懈褟|褑械薪褌褉邪谢褜薪褘泄|泻械褉邪谢邪
PRES_895dc581dc,械褋褌褜|薪械泻懈泄|褉褘斜邪|泻芯褌芯褉褘泄|褔褞写芯胁懈写薪褘泄|懈屑邪褌褜|胁芯蟹屑芯卸薪褘泄|懈褋褌芯泻|薪械芯褔械胁懈写薪褘泄|泻芯屑锌芯蟹懈褌薪褘泄|褋褍褖械褋褌胁芯|懈薪写懈褟|屑懈薪懈邪褌褞褉邪
PRES_95a2a59a3a,褋芯褌械褉懈芯谢芯谐懈褔械褋泻懈泄|褉邪泻褍褉褋|泄芯谐懈褔械褋泻懈泄|褋褍懈褑懈写|褌褉邪写懈褑懈芯薪薪褘泄|懈薪写褍懈褋褌褋泻懈泄|泄芯谐邪|褌邪薪褌褉邪
PRES_9d14455fc4,斜褉邪褏屑邪-褋褌褍褌褜|斜褏褍褕褍薪写懈|褉邪屑邪褟薪邪|褌械泻褋褌芯谢芯谐懈褟|褋屑褘褋谢|锌邪褉邪谢谢械谢褜
PRES_a09f55af64,薪邪写锌懈褋褜|屑械写薪褘泄|锌褉械写屑械褌|锌褉芯褌芯懈薪写懈泄褋泻懈泄|锌懈褋褜屑械薪薪芯褋褌褜
PRES_a9e54b9746,胁褋锌芯屑薪懈褌褜|胁褋械|谐邪薪写卸懈褎|蟹邪斜褘褌褘泄|泻邪褉褌芯褔薪褘泄|懈谐褉邪|褋懈写邪褋褌邪|泻芯谢谢械泻褑懈褟|屑械褉胁邪褉褌
PRES_abbc19de8a,褌懈锌芯谢芯谐懈褟|懈薪写懈褟|邪褋泻械褌|褋邪薪褋泻褉懈褌|懈褋褌芯褔薪懈泻
PRES_ac330becc1,褌褉褍写薪芯褋褌褜|褎懈谢芯褋芯褎懈褟|薪邪褋谢械写懈械|写懈谐薪邪谐芯泄|锌械褉械胁芯写褔懈泻|懈褋褌芯褉懈泻|褎懈谢芯褋芯褎懈褟
PRES_ae89d9faef,褍谐芯薪|褋泻芯褌|写褉械胁薪械褌邪屑懈谢褜褋泻懈泄|锌芯褝蟹懈褟|谢懈褌械褉邪褌褍褉邪|褌械芯褉懈褟
PRES_b0fb034cf5,写褉械胁薪械懈薪写懈泄褋泻懈泄|芯薪芯屑邪褋褌懈泻邪|胁懈褕薪褍褋邪褏邪褋褉邪薪邪屑邪
PRES_bbe113082f,邪屑芯褉邪谢褜薪褘泄|锌芯褋褌褍锌芯泻|邪斜褏懈写褏邪褉屑邪泻芯褕|胁邪褋褍斜邪薪写褏
PRES_bfeac6bacd,写胁芯褉械褑|薪械斜械褋薪褘泄|写胁芯褉械褑|蟹械屑薪芯泄|写胁邪|褋褏芯卸懈泄|谐谢邪胁邪|谢邪谢懈褌邪胁懈褋褌邪褉邪|褎褍薪泻褑懈芯薪邪谢褜薪褘泄|芯斜褖懈泄|泻芯屑锌芯蟹懈褑懈褟|褌械泻褋褌
PRES_c68bb62502,锌褉芯锌芯胁械写褜|谢懈褔薪褘泄|斜械蟹谢懈褔薪褘泄|斜芯谐|褍褔械薪懈械|褋胁邪屑懈|胁懈胁械泻邪薪邪薪写邪
PRES_c9fadcf6f0,泻芯谢谢械泻褑懈褟|褌邪屑懈谢褜褋泻懈泄|褉褍泻芯锌懈褋褜|邪薪写褉械械胁|懈薪写懈褟|褎芯薪写|懈胁褉_褉邪薪
PRES_ca363493ba,写褉邪屑邪|泻邪褌械谐芯褉懈褟|卸邪薪褉|写褉械胁薪械懈薪写懈泄褋泻懈泄|锌芯褝褌懈泻邪
PRES_d87a94d8a6,褎懈谢芯褋芯褎懈褟|泻芯屑锌邪褉邪褌懈胁懈褋褌懈泻邪|褏邪谢褜斜褎邪褋褋邪
PRES_da92f2fc5d,薪邪褍褔薪褘泄|褖械褉斜邪褌褋泻懈泄|斜褉懈褌邪薪褋泻懈泄|胁芯褋褌芯泻芯胁械写
PRES_efa28cdcf3,邪薪褌褉芯锌芯谢芯谐懈褟|懈薪写懈褟|泻褍泻谢邪|泻芯薪褌械泻褋褌|褉邪泻褍褉褋
PRES_f7d6abee1f,泻芯谢谢械泻褑懈褟|褝褎蟹泻|屑邪褝|褋芯褋褌邪胁
PRES_fac9d854a7,褉懈褌褍邪谢褜薪褘泄|泻芯屑锌谢械泻褋|褉芯写懈谢褜薪褘泄|芯斜褉褟写|薪械胁邪褉褋泻懈泄|斜褍写写懈蟹屑
PRES_04be156989,锌褉懈薪褑懈锌|锌芯褋褌褉芯械薪懈械|胁械褉械薪懈褑邪|写褉械胁薪械懈薪写懈泄褋泻懈泄|懈屑褟|胁懈褕薪褍褋邪褏邪褋褉邪薪邪屑邪|屑邪褏邪斜褏邪褉邪褌
PRES_05234eac69,锌芯褏懈褖械薪懈械|胁芯蟹胁褉邪褖械薪懈械|卸械薪邪|写褉械胁薪械懈薪写懈泄褋泻懈泄|褝锌芯褋|锌邪褉邪谢谢械谢褜|写褉械胁薪械谐褉械褔械褋泻懈泄|褋褞卸械褌
PRES_1e29140cc1,锌谢邪薪懈屑械褌褉懈褔械褋泻懈泄|屑芯写械谢褜|褌械谢芯|褔械谢芯胁械泻|褋邪薪褋泻褉懈褌|褌褉邪泻褌邪褌|懈褋泻褍褋褋褌胁芯|褋褌械薪芯锌懈褋褜|邪写卸邪薪褌邪
PRES_28cd0cf2d2,懈褉芯薪懈褟|锌褜械褋邪|胁邪褌褋邪褉邪写卸|泻懈褉邪褌邪褉写卸褍薪懈褟
PRES_2d53080efa,褌褏邪薪谐泻邪|泻芯谢谢械泻褑懈褟|褞褉懈泄_褉械褉懈褏|薪芯胁褘泄
PRES_3262a00942,褞褉懈泄_褉械褉懈褏|锌褉芯懈褋褏芯卸写械薪懈械|屑芯薪谐芯谢褜褋泻懈泄|锌懈褋褜屑械薪薪芯褋褌褜
PRES_3fc20c5385,泻褍谢褜褌|泻芯褉蟹懈薪邪|谐芯薪写|写卸邪泄薪褋泻懈泄|懈泻芯薪邪|邪褟谐邪锌邪褌褌邪|斜褍写写懈蟹屑|邪谢褌邪褉褜|褋屑械薪邪|褉械谢懈谐懈褟|锌邪褉邪写懈谐屑邪|写褉械胁薪懈泄|懈薪写懈褟
PRES_423a77f362,褝褌懈屑芯谢芯谐懈褟|褋械屑邪薪褌懈泻邪|褑胁械褌芯芯斜芯蟹薪邪褔械薪懈械|褔械褉薪褘泄|泻褍谢褜褌褍褉邪|泻懈褌邪泄
PRES_48742ecace,懈薪写懈褟|泻谢邪褋褋懈褎懈泻邪褑懈褟|锌褉懈薪褑懈锌|褉邪蟹谢懈褔械薪懈械|锌芯褝褌懈褔械褋泻懈泄|褍泻褉邪褕械薪懈械|邪谢邪薪泻邪褉邪
PRES_55975781a7,锌褉芯懈褋褏芯卸写械薪懈械|胁邪褉薪邪|泻褕邪褌褉懈泄|泻褍谢褜褌|胁芯懈薪褋泻懈泄|褝谢懈褌邪|懈薪写芯邪褉懈泄褋泻懈泄|褌褉邪写懈褑懈褟|写邪薪薪褘械|邪褉褏械芯谢芯谐懈褟|锌械褌褉芯谐谢懈褎懈泻邪
PRES_7522e9718b,屑薪芯谐芯芯斜褉邪蟹懈械|泻褍谢褜褌褍褉薪褘泄|褌褉邪写懈褑懈褟|胁谢懈褟薪懈械|褋褉械写薪械胁械泻芯胁褘泄|懈薪写懈褟|写懈薪邪褋褌懈褟|褋芯褑懈邪谢褜薪褘泄|懈蟹屑械薪械薪懈械
PRES_7582592a44,薪芯胁褘泄|锌芯胁芯褉芯褌|褌褉邪写懈褑懈褟|褕褉邪褍褌|褋邪谐薪懈褔懈褌褜|褌褉懈褋邪褏邪褋褉|邪褌懈褉邪褌褉|褋芯屑邪褟谐邪|蟹邪锌邪写薪褘泄|斜械薪谐邪谢懈褟
PRES_89de2df795,薪邪褉褉邪褌懈胁薪褘泄|褋懈屑胁芯谢懈泻邪|斜褉芯薪蟹芯胁褘泄|褎懈谐褍褉泻邪|褌邪薪褑褍褞褖懈泄|斜邪谢-泻褉懈褕薪邪
PRES_956af043cd,锌芯褋芯褏|褔邪薪邪泻懈械
PRES_959566c64e,芯斜褉褟写|卸懈蟹薪械薪薪褘泄|褑懈泻谢|褋泻褍谢褜锌褌褍褉邪|锌褍褉邪薪褘
PRES_9c0c80bea0,褌褉邪写懈褑懈芯薪薪褘泄|懈薪写懈褟|泻谢邪褋褋懈褎懈泻邪褑懈褟|芯斜褉邪蟹褑芯胁褘泄|褍写芯斜薪褘泄|锌褉芯斜谢械屑邪褌懈褔薪褘泄
PRES_9c6f0c2111,斜褍写写懈蟹屑|胁芯褋褌芯褔薪褘泄|褌褍褉泻械褋褌邪薪
PRES_9f90298801,谢械褋|锌芯褝褌懈褔械褋泻懈泄|邪薪褌芯谢芯谐懈褟|斜褏邪褉褌褉懈褏邪褉懈|胁懈写褜褟泻邪褉邪
PRES_a07fb33bc9,锌懈褋褜屑芯|褞褉懈泄_褉械褉懈褏|泻芯谢谢械泻褑懈褟|褌邪褉褔懈薪|泻芯谢褍屑斜懈泄褋泻懈泄|褍薪懈胁械褉褋懈褌械褌|薪褜褞-泄芯褉泻|褋褕邪
PRES_a67d45cc5a,懈写械薪褌懈褎懈泻邪褑懈褟|褌邪薪褌褉懈褔械褋泻懈泄|懈蟹芯斜褉邪卸械薪懈械|褟屑邪薪褌邪泻懈|屑芯薪邪褋褌褘褉褜|褞薪褗邪薪褜-褋|锌褉芯胁懈薪褑懈褟|褕邪薪褜褋懈褌褜
PRES_adef2d4283,胁械写邪薪褌懈泄褋泻芯-斜褍写写懈泄褋泻懈泄|锌芯谢械屑懈褔械褋泻懈泄|写懈邪谢芯谐|斜褉邪褏屑邪褋褍褌褉邪斜褏邪褕懈泄
PRES_b1d3b787fd,邪褉褏懈褌械泻褌褍褉邪|褏褉邪屑|泻邪褉薪邪褌邪泻邪|写褉械胁薪懈泄|褋褉械写薪懈泄|胁械泻
PRES_bf18beecbb,胁褋褌褍锌懈褌械谢褜薪褘泄|褋谢芯胁芯|芯褉谐邪薪懈蟹邪褌芯褉|泻芯薪褎械褉械薪褑懈褟
PRES_c1b909cf1c,褋褞卸械褌|芯斜褉邪褖械薪懈械|斜褉邪褌|泻邪褕褜褟锌|褋褍褌褉邪|斜谢邪谐芯|褟胁谢械薪懈械|薪械芯卸懈写邪薪薪褘泄|锌芯胁芯褉芯褌
PRES_d00e030c23,泻褍褕邪薪褋泻懈泄|褝褌懈屑芯谢芯谐懈褟|锌芯蟹写薪懈泄|斜邪泻褌褉芯-褋泻懈褎褋泻懈泄|褑邪褉褋褌胁芯|懈薪褌械褉械褋薪褘泄|褝谢械屑械薪褌|懈薪写芯-锌邪褉褎褟薪褋泻懈泄|薪褍屑懈蟹屑邪褌懈泻邪
PRES_e58c748f7f,褋懈薪泻褉械褌懈蟹屑|斜褍写写懈蟹屑|褕邪屑邪薪懈蟹屑|褌褍胁邪|卸懈胁芯锌懈褋褜|褕芯褟|褔褍褉褍泻邪
PRES_e7ec05b05b,褍谐褉芯蟹邪|屑芯薪谐芯谢褜褋泻懈泄|胁褌芯褉卸械薪懈械|褟锌芯薪懈褟|谐谢邪蟹|薪懈褌懈褉褝薪邪
PRES_e87021cd4c,锌械褉械胁芯写褔懈泻|褋邪薪褋泻褉懈褌|锌芯褝蟹懈褟
PRES_e9936009ee,锌芯泻邪褟薪懈械|薪邪泻邪蟹邪薪懈械|写褏邪褉屑邪褋褍褌褉邪
PRES_fc8c9f814c,薪邪褍泻邪|锌芯褝蟹懈褟|泻邪胁褜褟褕邪褋褌褉|褌褉褍写|褉邪薪薪懈泄|邪谢邪薪泻邪褉懈泻
PRES_ff4471c987,屑芯褉褎芯谢芯谐懈褟|写械褉械胁褟薪薪褘泄|褏褉邪屑芯胁褘泄|邪褉褏懈褌械泻褌褍褉邪|褏懈屑邪褔邪谢-锌褉邪写械褕|懈薪写懈褟
PRES_095045ced7,褝锌懈褔械褋泻懈泄|锌褉械写邪薪懈械|斜褍写写懈蟹屑|褋泻邪蟹邪薪懈械|芯斜褉邪褌薪芯|懈褋褌芯褉懈褟|褕褜褟屑
PRES_0ee4f09fc9,褔械褌褘褉械|胁懈写|薪械锌芯褋褉械写褋褌胁械薪薪褘泄|胁芯褋锌褉懈褟褌懈械|泻邪锌谢褟|谢芯谐懈泻邪|写褏邪褉屑邪泻懈褉褌械褌褜
PRES_128cecab0d,屑邪写褏褍锌邪褉泻邪|卸械褉褌胁芯锌褉懈薪芯褕械薪懈械|褋芯屑|褉懈褌褍邪谢|邪褌懈褌褏褜械褕褌懈
PRES_16bca7ecfe,斜芯写褏懈褋邪褌褌胁芯|褋褌褉械谢泻邪|谢褍泻邪|斜褍写写懈蟹屑|褋褞卸械褌|邪薪邪谢芯谐
PRES_21a5a08676,胁芯褋褋芯蟹写邪胁邪褌褜|懈褋褌芯褉懈褟|写褉械胁薪懈泄|懈薪写懈褟|懈褋褋谢械写芯胁邪褌械谢褜褋泻懈泄|褉邪写卸械薪写褉芯谢邪褌褜|屑懈褌褉芯
PRES_2a660819f9,芯薪褌芯谢芯谐懈褟|褋芯褌械褉懈芯谢芯谐懈褟|邪薪邪薪写邪-褋褍褌褉邪|褋邪褉泻邪褉邪
PRES_2b2a1fc14b,褋褉邪胁薪懈褌械谢褜薪褘泄|泻芯褋屑芯谢芯谐懈褔械褋泻懈泄|锌褉械写褋褌邪胁谢械薪懈械|锌芯谢械|胁懈褕薪褍懈褌褋泻懈泄|写卸邪泄薪褋泻懈泄|写卸薪褟薪|褔邪褍锌邪写|懈谐褉邪|蟹薪邪薪懈械
PRES_2e44fd3b07,谐邪写邪薪懈械|褋褍卸械薪褘泄|蟹械褉泻邪谢芯|屑邪褏邪斜褏邪褉邪褌|懈薪写芯懈褉邪薪褋泻懈泄|懈薪写芯械胁褉芯锌械泄褋泻懈泄|褎芯薪
PRES_2fcaeeff79,薪械褋泻芯谢褜泻芯|褝褌懈屑芯谢芯谐懈褟|邪褉谐芯褌懈褔械褋泻懈泄|褋谢芯胁芯|褋褉械写薪械邪蟹懈邪褌褋泻懈泄|褑褘谐邪薪|褎芯薪|写懈褋泻褍褋褋懈褟|锌芯褋谢械写薪懈泄|锌芯谢胁械泻邪|懈褋褌芯褉懈褟|褑褘谐邪薪
PRES_33433905b0,芯斜褉邪蟹|褌懈谐褉|褉褘斜邪|斜械薪谐邪谢褜褋泻懈泄|褎褉邪蟹械芯谢芯谐懈褟
PRES_347181c549,胁械褉械褖邪谐懈薪|屑懈薪邪械胁|褉褍褋褋泻懈泄|锌褍褌械褕械褋褌胁械薪薪懈泻|谐懈屑邪谢邪懈
PRES_36658fe404,锌械褉械锌懈褋泻邪|斜械褌谢懈薪谐泻邪|锌芯胁芯写|锌械褌械褉斜褍褉谐褋泻懈泄|褋谢芯胁邪褉褜|褋褍写褜斜邪|谢械泻褋懈泻芯谐褉邪褎
PRES_38140938e5,褌械褉屑懈薪芯谢芯谐懈褟|胁芯写邪|泻芯褋屑芯谐芯薪懈褔械褋泻懈泄|谐懈屑薪|褉懈谐胁械写邪
PRES_4204d1cf31,褋褍褎懈蟹屑|懈薪写懈褟|懈褋褌芯泻|褌械褔械薪懈械
PRES_4df4b11b2d,褔芯褉写卸邪锌芯写|懈褋褌芯褉懈褟|锌械褉褋锌械泻褌懈胁邪
PRES_56fc72bc0c,褌械谢械芯谢芯谐懈褔械褋泻懈泄|邪褉谐褍屑械薪褌|锌芯谢褜蟹邪|褋褍褖械褋褌胁芯胁邪薪懈械|斜芯谐|褍褔械薪懈械|褋胁邪屑懈|胁懈胁械泻邪薪邪薪写邪
PRES_5d7e0395b2,褋褌邪写懈褟|锌褍褌褜|芯褋胁芯斜芯卸写械薪懈械|薪邪泄褕泻邪褉屑懈械-褋懈写写褏|褋褍褉械褕胁邪褉邪
PRES_6024934b6c,屑芯薪懈褋褌懈褔械褋泻懈泄|褌械懈蟹屑|邪写胁邪泄褌-懈褕胁邪褉邪胁邪写|邪斜褏懈薪邪胁邪谐褍锌褌邪|褋芯锌芯褋褌邪胁谢械薪懈械|懈褕胁邪褉邪胁邪写邪|邪写胁邪泄褌邪|褕邪薪泻邪褉邪|泻芯屑屑械薪褌邪褉懈泄|斜褏邪谐邪胁邪写谐懈褌邪
PRES_6b13d39224,褝胁褌邪薪邪蟹懈褟|斜褍写写懈蟹屑|泻邪褉褌懈薪邪|屑懈褉
PRES_6f76cd7bf3,锌芯胁械写械薪褔械褋泻懈泄|褋褌械褉械芯褌懈锌|褋懈泻褏
PRES_8410b1d47f,芯斜芯褋薪芯胁邪薪懈械|薪械胁芯蟹屑芯卸薪芯褋褌褜|褔褍胁褋褌胁械薪薪褘泄|锌芯蟹薪邪薪懈械|锌褉邪褋邪薪薪邪锌邪写|褔邪薪写褉邪泻懈褉褌械褌褜
PRES_8778dfa9e3,屑邪褏邪斜褏邪褉邪褌|褌械泻褋褌|泻褍谢褜褌褍褉薪褘泄|锌邪屑褟褌褜
PRES_8906b4fcc3,褉芯褋褋懈泄褋泻懈泄|褝泻褋锌械写懈褑懈褟|邪褋褋邪屑
PRES_8ef9132d46,芯斜褉褟写|锌邪薪褔邪屑邪泻邪褉|泻邪褍谢懈褔械褋泻懈泄|褌邪薪褌褉邪
PRES_91ce32f17e,锌邪褉邪写懈谐屑邪谢褜薪褘泄|屑褘褕谢械薪懈械|斜褉邪褏屑邪薪|褎懈谢芯褋芯褎懈褟|褍薪懈胁械褉褋邪谢懈褟|胁邪褉薪芯-泻邪褋褌芯胁褘泄|褋懈褋褌械屑邪|懈薪写懈褟
PRES_92abfea9fd,胁褉械写薪褘泄|褋褍褖械褋褌胁芯|卸懈胁芯褌薪芯械|邪胁械褋褌懈泄褋泻懈泄|胁械写懈褔械褋泻懈泄|褌褉邪写懈褑懈褟
PRES_963b9bd836,褏芯褉芯褕懈泄|锌褉械写褋褌邪胁懈褌褜|蟹邪锌邪写薪褘泄|褔懈褌邪褌械谢褜|懈褋褌芯褉懈褟|懈薪写懈褟|褎懈谢芯褋芯褎懈褟|褉邪蟹屑褘褕谢械薪懈械|锌芯胁芯写|泻薪懈谐邪|褝谢褜褌褕懈薪谐械褉|褉邪褌褜褟|褔褌芯|褌邪泻芯泄|懈薪写懈褟|褎懈谢芯褋芯褎懈褟
PRES_99759d2e3f,褌褉懈|褋懈褋褌械屑邪|斜械薪谐邪谢褜褋泻懈泄|褋褌懈褏芯褋谢芯卸械薪懈械
PRES_9a54ac1874,锌褉械芯斜褉邪卸械薪懈械|斜芯谐懈薪褟|泻邪谢懈|褌芯褔泻邪|蟹褉械薪懈械|屑邪褏邪薪懈褉胁邪薪-褌邪薪褌褉邪
PRES_a39bbb97f1,芯斜褉邪蟹|胁褉械屑褟|锌芯褝蟹懈褟|斜褏邪褉褌褉懈褏邪褉懈
PRES_a4e21c2702,谐芯褉芯写|锌芯斜械写邪|褉褍褕写懈褌褜|芯褌胁械褌|褉邪屑邪褟薪邪|褋邪屑|褋泻邪薪写邪谢褜薪褘泄|邪胁褌芯褉|褋褌芯谢械褌懈械
PRES_a610f81125,卸械薪褋泻懈泄|谐芯谢芯褋|泻邪胁胁邪谢懈褌褜|谐械薪写械褉|褌褉邪写懈褑懈褟
PRES_a9d6b301a2,谢芯泻邪谢褜薪褘泄|胁邪褉懈邪薪褌|写褍褉谐邪|锌褍写卸邪|泻芯谢泻邪褌
PRES_b02d534334,邪斜褏懈褋邪屑邪褟谢邪薪泻邪褉|锌褉械写屑械褌|斜褍写写懈蟹屑|芯斜褉邪蟹芯胁邪薪懈械
PRES_b481edbec8,懈薪写懈褟|泻芯褉褉械褋锌芯薪写械薪褌|芯斜械褉屑懈谢谢械褉
PRES_b4cf247d81,褉邪褋褋泻邪蟹|褉械斜械薪芯泻|邪胁邪褌邪褉|胁懈褕薪褍
PRES_b5032da194,邪泄芯写褏懈械|屑邪褏邪褌屑懈械|褋褉械写薪械胁械泻芯胁褘泄|锌褍褌械胁芯写懈褌械谢褜|邪泄芯写褏褜褟|褌芯锌芯薪懈屑|褋芯胁褉械屑械薪薪褘泄|泻邪褉褌邪|谐芯褉芯写
PRES_c755795a7d,薪械锌邪谢褜褋泻懈泄|屑芯薪邪褋褌褘褉褜|泻芯锌邪薪褘泄|胁褋褌褉械褔邪|胁芯褋褌芯泻|蟹邪锌邪写
PRES_c8253960c0,褋芯蟹薪邪薪懈械|褎懈谢芯褋芯褎懈褟|邪写胁邪泄褌-胁械写邪薪褌邪|褋褍褉械褕胁邪褉邪
PRES_c9709587be,斜褏械褉-写卸懈|屑邪褌褜|泻邪谢懈|写械褉械胁械薪褋泻懈泄|褉邪写卸邪褋褌褏邪薪|屑懈褎|泻褍谢褜褌|褎芯谢褜泻谢芯褉
PRES_ccb5812059,褌械薪褜|褋懈褌|锌褉懈蟹褉邪泻|械谢械薪邪|写胁邪|懈褋褌芯褉懈褟|锌芯褏懈褌懈褌褜|卸械薪邪
PRES_d75ff8846e,锌械薪锌邪胁邪泻褍褌褏|薪芯胁褘泄|褎芯褉屑邪|褌械邪褌褉|锌谢芯褋泻懈泄|褎懈谐褍褉邪|泻械褉邪谢邪
PRES_ea2d7c759c,斜褏邪褉褌褉懈褏邪褉懈|褋褌芯褉芯薪薪懈泻|褕邪斜写邪-邪写胁邪泄褌邪
PRES_ebac2cd6d5,写卸邪泄薪褋泻懈泄|锌械褖械褉薪褘泄|褏褉邪屑|屑邪褏邪褉邪褕褌褉邪|泻芯薪褌械泻褋褌|褉邪蟹胁懈褌懈械|褋泻邪谢褜薪褘泄|邪褉褏懈褌械泻褌褍褉邪|懈薪写懈褟
PRES_ec0380288a,锌芯褝褌懈褔械褋泻懈泄|锌褉械写褋褌邪胁谢械薪懈械|写褍褏芯胁薪褘泄|屑懈褉褋泻芯泄|斜谢邪谐芯|谐懈屑薪|薪邪褟薪邪褉|褋斜芯褉薪懈泻|写械胁邪褉
PRES_edb6f3ab45,薪芯胁褘泄|懈薪写芯邪褉懈泄褋泻懈泄|褝褌懈屑芯谢芯谐懈褟|谢械泻褋懈泻邪|褟蟹褘泻|泻褍谢谢褍懈
PRES_f18f8d1465,屑芯写械谢褜|褌械谢械褋薪芯褋褌褜|褏邪褌褏邪-泄芯谐邪
PRES_f30b06bf41,谢懈褌械褉邪褌褍褉邪|褏懈薪写懈|锌褉械写屑械褌|褕泻芯谢褜薪褘泄|锌褉芯谐褉邪屑屑邪|懈薪写懈褟|懈褋褌芯褉懈褟|泻褍褉褉懈泻褍谢褍屑|褑械薪薪芯褋褌褜|褑械谢褜|芯斜褍褔械薪懈械
PRES_f7005c0259,斜芯写褏懈褋邪褌褌胁芯|芯斜褉邪蟹|锌懈褕邪褔|褋谢械写|泻芯屑懈褔械褋泻懈泄|褌褉邪写懈褑懈褟|芯锌懈褋邪薪懈械|邪褋泻械蟹邪|谐邪褍褌邪屑邪
PRES_f7cb0da910,褉懈褌褍邪谢褜薪褘泄|锌褉械写屑械褌|褍泻褉邪褕械薪懈械|泻芯薪褌械泻褋褌|芯斜褉褟写|卸懈蟹薪械薪薪褘泄|褑懈泻谢|薪械胁邪褉芯胁
PRES_ff586f57a2,褉邪蟹胁械褉褌泻邪|褋胁械褉褌泻邪|褋屑褘褋谢|懈薪写懈褟|褎懈谢芯褋芯褎懈褟
PRES_0e52f9db93,褝褌懈屑芯谢芯谐懈褟|褋谢芯胁芯|屑邪薪谐褍褋
PRES_241822b4c1,芯褔械谢芯胁械褔懈胁邪薪懈械|斜芯卸械褋褌胁芯|锌褜械褋邪|胁邪褌褋邪褉邪写卸|褋邪屑褍写褉邪屑邪褌褏邪薪
PRES_2819d33fcb,懈薪写懈褟|褕邪褋褌褉|褌芯褔泻邪|蟹褉械薪懈械|褋芯胁褉械屑械薪薪褘泄|屑械褌芯写芯谢芯谐懈褟|锌芯蟹薪邪薪懈械
PRES_34e2d06ad5,懈褋褌芯褉懈褟|褎懈泻褋邪褑懈褟|褌褉邪写懈褑懈芯薪薪褘泄|褋泻邪蟹懈褌械谢褜|褏芯斜褍泻褋邪褉泻懈泄|芯泄褉邪褌|邪褉懈屑锌懈谢懈褌褜
PRES_40bc52e0ca,邪薪邪褌褌邪胁邪写|锌邪谢懈|斜褍写写邪|褎懈谢芯褋芯褎懈褟|褋芯褌械褉懈芯谢芯谐懈褔械褋泻懈泄|泻芯芯褉写懈薪邪褌邪
PRES_465a702715,褞褉懈泄_褉械褉懈褏|懈褋褌芯褉懈褟|褉芯褋褋懈泄褋泻懈泄|褝泻褋锌械写懈褑懈褟|褑械薪褌褉邪谢褜薪褘泄|邪蟹懈褟|谢械褌懈械|薪邪褔邪谢芯|褑械薪褌褉邪谢褜薪芯-邪蟹懈邪褌褋泻懈泄|褝泻褋锌械写懈褑懈褟|褉械褉懈褏
PRES_473de19d13,褝胁芯谢褞褑懈褟|邪褉褏懈褌械泻褌褍褉邪|写卸邪泄薪褋泻懈泄|锌械褖械褉薪褘泄|褏褉邪屑|屑邪褏邪褉邪褕褌褉邪|泻芯薪褌械泻褋褌|褋泻邪谢褜薪褘泄|蟹芯写褔械褋褌胁芯|懈薪写懈褟
PRES_4cc2a9fead,芯褌薪芯褕械薪懈械|屑械卸写褍|谐芯褋褍写邪褉褋褌胁芯|泻芯褉邪|褌懈斜械褌|褝锌芯褏邪|褞邪薪褜|泻芯薪械褑|薪邪褔邪谢芯
PRES_4d672ef0e1,薪械斜械褋薪褘泄|斜芯谐|泻邪褉褌懈薪邪|屑懈褉|斜褍写写懈蟹屑|邪谐懈芯谐褉邪褎懈褟|锌褉懈蟹薪邪泻|褝胁芯谢褞褑懈褟|谢邪谢懈褌邪胁懈褋褌邪褉邪
PRES_577de0cdf5,褔邪薪锌懈薪褋泻懈泄|斜懈褌胁邪|泻芯谐写邪|胁褋褌褉械褔邪褌褜褋褟|懈褋褌芯褔薪懈泻|邪褉褏械芯谢芯谐懈褟
PRES_5c44ffa32f,懈褋褌芯褉懈褟|懈褋褌芯褉懈芯谐褉邪褎懈褔械褋泻懈泄|屑芯薪谐芯谢褜褋泻懈泄|谢械褌芯锌懈褋褜|薪邪褔邪谢芯|谐芯屑斜芯写卸邪斜|褌械褔械薪懈械|谐邪薪谐
PRES_5c9e286081,懈薪写懈褟|褎懈谢芯褋芯褎懈褟|褋芯蟹薪邪薪懈械|褔械褉械蟹|锌褉懈蟹屑邪|褑懈胁懈谢懈蟹邪褑懈芯薪薪褘泄|写械屑邪褉泻邪褑懈褟|胁芯褋褌芯泻-蟹邪锌邪写
PRES_5e05166d55,锌芯褔械屑褍|屑芯薪邪褏-写懈谐邪屑斜邪褉|褉芯谐|谐芯谢芯胁邪|褋褌褉芯褎邪|褎懈谢芯褋芯褎懈褟|写懈褋锌褍褌|锌褉邪褏邪褋邪薪|谢邪褌邪泻邪屑械谢邪泻
PRES_5f755d36b3,褌褉械褍谐芯谢褜薪懈泻|锌邪褋泻邪谢褜|锌懈薪谐邪谢邪
PRES_679dbfd494,胁褘泻褍锌|薪械胁械褋褌邪|写褉械胁薪懈泄|懈薪写懈褟|褕邪褋褌褉懈褔械褋泻懈泄|褝锌懈褔械褋泻懈泄|褌褉邪写懈褑懈褟
PRES_68e31769e1,褟蟹褘泻|锌芯蟹薪邪薪懈械|邪斜褋芯谢褞褌薪褘泄|褋芯谐谢邪褋薪芯|褕泻芯谢邪|谐械谢褍泻邪
PRES_818e4652db,褝褌薪芯褉械谢懈谐懈芯蟹薪褘泄|泻邪褉褌懈薪邪|褍泄谐褍褉|泻懈褌邪泄褋泻懈泄|懈褋褌芯褔薪懈泻
PRES_8ef4ffe2db,懈褋褌芯褉懈褟|懈写械褟|锌褉芯褋胁械褌懈褌械谢褜褋褌胁芯|邪褏邪屑邪写懈|写芯薪懈褕邪|泻褍谢褜褌褍褉薪褘泄|泻芯写|褌邪写卸懈泻懈褋褌邪薪
PRES_94509af724,斜褏邪泻褌懈|芯卸械褉械谢懈械|胁械谢懈褔邪薪懈械|褕懈胁邪|褕懈胁邪褋褌芯褌褉邪胁邪褌褜|褍褌锌邪谢邪写械胁
PRES_970ff8c51f,蟹邪褔械屑|褋邪薪褋泻褉懈褌|褌褉懈|锌褉芯褕械写褕械械|胁褉械屑褟
PRES_9bacebbe98,邪谢邪薪泻邪褉邪|褋褌懈谢懈褋褌懈泻邪|褌械泻褋褌
PRES_a86c239aaf,锌械褉褋芯褟蟹褘褔薪褘泄|胁械褉褋懈褟|懈薪写懈褟|褌械泻褋褌|褎芯褉屑懈褉芯胁邪薪懈械|褋褉械写薪械胁械泻芯胁褘泄|褌褞褉泻芯褟蟹褘褔薪褘泄|谢懈褌械褉邪褌褍褉邪|褞卸薪褘泄|泻邪胁泻邪蟹|锌邪屑褟褌薪懈泻|泻邪谢懈褌褜|写懈屑薪褘泄
PRES_a903b2de1b,屑械褌邪褎芯褉懈褔械褋泻懈泄|写懈褋泻褍褉褋|斜褏邪胁邪薪邪泻褉邪屑|泻邪屑邪谢邪褕懈谢邪
PRES_aa9ddea8aa,褌械芯褉懈褟|锌褉芯褋芯写懈褟|薪邪褌褜褟褕邪褋褌褉
PRES_b2fd39a1b2,褋胁褟褖械薪薪褘泄|芯谐芯薪褜|褕褉邪褍褌邪-褉懈褌褍邪谢
PRES_b9413943b6,褟写卸薪懈泄|褉懈谐胁械写邪|写褉褍谐芯泄|褟写卸薪懈泄|锌邪谢懈|泻邪薪芯薪
PRES_ba19c21295,谢褞斜芯胁褜|褝褌懈褔械褋泻懈泄|懈屑锌械褉邪褌懈胁|褉邪薪薪械斜褍写写懈泄褋泻懈泄|褋芯褌械褉懈芯谢芯谐懈褟|屑械褌褌邪|褋褍褌褌邪|褌械胁懈写卸写卸|褋褍褌褌邪|锌邪谢懈|泻邪薪芯薪
PRES_c1e254fba2,褋懈褌|邪谐薪褍褌褜|褉邪屑邪褟薪邪|胁邪谢褜屑懈泻
PRES_c9f0424f49,褋锌懈褋芯泻|褌邪屑懈谢褜褋泻懈泄|泻邪褋褌邪|斜邪褉褌芯谢芯屑械褍褋|褑懈谐械薪斜邪谢褜谐邪|泻薪懈卸薪褘泄|褌褉邪写懈褑懈褟|懈褋褌芯褉懈褟|褉械邪谢褜薪芯褋褌褜
PRES_d6c59acf5e,芯锌懈褋邪薪懈械|褑械薪褌褉邪谢褜薪褘泄|邪蟹懈褟|褏芯卸写械薪懈械|锌褟褌褜|懈薪写懈褟|褑邪褉褋褌胁芯
PRES_d767707d9d,褝褌邪锌|褋谢芯卸械薪懈械|懈屑锌械褉褋泻懈泄|懈写械芯谢芯谐懈褟|褋褉械写薪械胁械泻芯胁褘泄|屑芯薪谐芯谢
PRES_de1aae4943,懈泻芯薪芯谐褉邪褎懈褟|斜褍写写邪|屑褍褔懈谢懈薪写邪|泻褍谢褜褌褍褉邪|懈褋泻褍褋褋褌胁芯|泻褏屑械褉褋泻懈泄|懈屑锌械褉懈褟
PRES_e4ffdf5e0f,锌械褉械胁芯写|斜褍写写懈蟹屑|褌械褉屑懈薪|斜芯写褏|泻懈褌邪泄褋泻懈泄|褟蟹褘泻
PRES_e8321634be,泻邪谢屑邪泻懈|谢懈褌械褉邪褌褍褉邪|懈褋泻褍褋褋褌胁芯|屑芯谐芯谢褜褋泻懈泄|懈薪写懈褟
PRES_ea27687ed5,褉械褑械锌褑懈褟|屑邪写卸写卸褏懈屑邪-薪懈泻邪泄|褉褍泻芯锌懈褋褜|谐褍褋褋械褉谢懈褌褜
PRES_f40d5bacac,锌褉械写褋褌邪胁谢械薪懈械|锌褍褉邪薪褘|褋胁褟褖械薪薪褘泄|褌械泻褋褌|泻褍谢褜褌芯胁褘泄|锌褉械写屑械褌
PRES_fad14d11c0,屑邪褌褉懈褔械褌邪|褌芯褏邪褉褋泻懈泄|锌械褉械胁芯写|泻芯屑屑械薪褌邪褉懈泄
PRES_fe3dba0fe0,芯斜褉邪蟹|写械胁懈褌褜|屑谢邪写械薪械褑|褕懈胁邪|泻芯薪褌械泻褋褌|褉邪蟹胁懈褌懈械|懈泻芯薪芯谐褉邪褎懈褟|斜芯谐懈薪褟-屑邪褌褜|褋泻褍谢褜锌褌褍褉邪|斜械薪谐邪谢懈褟
PRES_060a3a404c,褋芯褑懈邪谢褜薪芯-锌芯谢懈褌懈褔械褋泻懈泄|泻芯薪褌械泻褋褌|褉芯屑邪薪|写邪泄屑芯薪写|褕邪屑褕械褉|褉邪薪邪
PRES_08bb9a5fc1,褕泻芯谢邪|泻褉邪屑|褎懈谢芯褋芯褎懈褟|泻邪褕屑懈褉褋泻懈泄|褕懈胁邪懈蟹屑
PRES_0cf40964d4,褝泻褋锌械写懈褑懈褟|锌褋懈褏芯-薪械胁褉芯谢芯谐懈褔械褋泻懈泄|懈薪褋褌懈褌褍褌|懈薪写懈褟
PRES_0f4f24f569,褌褉邪写懈褑懈芯薪薪褘泄|懈薪写懈褟|褌械泻褋褌|邪斜褏懈褋邪屑邪泄-邪谢邪薪泻邪褉|褌懈斜械褌|褟蟹褘泻
PRES_2e4095c747,薪邪褍泻邪|邪斜褏懈写褏邪褉屑邪|斜褍写写懈蟹屑|屑械薪褌邪谢褜薪褘泄|褌褉邪写懈褑懈褟|褋褉械写薪械胁械泻芯胁褘泄|懈薪写懈褟
PRES_33e14c7e3c,懈薪芯褉芯写薪褘泄|锌褉械写屑械褌|褍褏芯|斜谢邪谐芯褋谢芯胁械薪薪褘泄|褋谢芯胁芯|褉械写泻懈泄|懈泻芯薪芯谐褉邪褎懈褔械褋泻懈泄|褋褏械屑邪|斜褍写写懈蟹屑|懈褋泻褍褋褋褌胁芯
PRES_355e93f896,卸械薪褖懈薪邪|褋邪褌褜褟谐褉邪褏邪|胁蟹谐谢褟写|谐邪薪写懈
PRES_369aad67c8,斜褍写写邪|写懈锌邪薪泻邪褉邪|褌褉邪写懈褑懈褟|锌芯褔懈褌邪薪懈械|写芯谢懈薪邪|泻邪褌屑邪薪写褍
PRES_3790f9fa6c,褌邪屑懈谢褜褋泻懈泄|褔懈褋谢芯胁芯泄|泻胁邪写褉邪褌|褏褉邪屑|薪邪褌邪褉邪写卸|褔懈写邪屑斜邪褉邪屑
PRES_388115cd35,胁薪械褕薪懈泄|胁薪褍褌褉械薪薪懈泄|懈薪写懈褟|褎芯谢褜泻谢芯褉|写邪薪薪褘械|泻邪褌邪谢芯谐|斜械褉械蟹泻懈薪|写褍胁邪泻懈薪
PRES_395c2002cd,斜械薪谐邪谢褜褋泻懈泄|褋褌懈褏芯褌胁芯褉薪褘泄|褉邪蟹屑械褉|锌芯褟褉|褉邪蟹薪芯胁懈写薪芯褋褌褜
PRES_3bb427ea8d,邪褍褉芯斜懈薪写芯|谐褏芯褕|屑械卸写褍|褉邪蟹褍屑|屑懈褋褌懈褔械褋泻懈泄|懈薪褌褍懈褑懈褟
PRES_40d116e031,芯褌褉邪卸械薪懈械|泻芯薪褑械锌褑懈褟|薪懈褋褏芯写褟褖懈泄|胁褉械屑褟|泻邪褌褏|褍锌邪薪懈褕邪写
PRES_42b4edcfe9,懈薪写懈褟|懈褋褌芯泻|懈褋褌芯褔薪懈泻|褎懈谢芯褋芯褎褋褌胁芯胁邪薪懈械|褌邪谐芯褉|褋邪写褏邪薪邪|芯斜褗褟褋薪械薪懈械|褋胁芯泄|写褉褍谐芯泄
PRES_493f0d6ac7,胁芯褋褏芯卸写械薪懈械|褍褉屑懈谢邪|锌芯褝屑邪|屑邪泄褌褏懈谢懈褕邪褉邪褌褜|谐褍锌褌|褋邪泻械褌邪
PRES_4ed8d23e80,褋懈薪褌械蟹|谐谢邪谐芯谢褜薪褘泄|褋谢芯胁芯褎芯褉屑邪|谐褉邪屑屑邪褌懈泻邪|锌邪薪懈薪懈
PRES_512debece5,锌邪胁邪泻褍褌褏|泻械褉邪谢邪|邪褉褌懈褋褌|芯褋薪芯胁薪芯泄|褋褞卸械褌|屑懈褎芯-褉懈褌褍邪谢褜薪褘泄|懈褋褌芯泻|懈褋锌芯谢薪懈褌械谢褜褋泻懈泄|褌褉邪写懈褑懈褟
PRES_5ba570d69d,屑械褌邪褎芯褉邪|蟹械褉泻邪谢芯|斜褏邪胁邪薪邪泻褉邪屑|泻邪屑邪谢邪褕懈谢邪
PRES_5eff45b043,褋械屑邪薪褌懈褔械褋泻懈泄|锌械褉械褏芯写|褍褔邪褋褌懈械|褌械褉屑懈薪|褉芯写褋褌胁芯|褌邪屑懈谢褜褋泻懈泄|褟蟹褘泻
PRES_5fad4e3b63,芯斜褉邪蟹|胁懈褕邪泻邪薪褜械|褏褍写芯卸械褋褌胁械薪薪褘泄|泻褍谢褜褌褍褉邪|写褉械胁薪懈泄|褋褉械写薪械胁械泻芯胁褘泄|懈薪写懈褟
PRES_6a8a61bed8,锌褉械屑|褉邪屑邪褟薪邪|褋懈褌邪褉邪屑邪-褔邪褉懈褌褉邪-写邪褉锌邪褌褜|褉邪屑邪褟薪邪|胁械泻|泻芯薪褌械泻褋褌|褋芯胁褉械屑械薪薪褘泄|谢懈褌械褉邪褌褍褉邪|斜褏芯写卸锌褍褉懈|屑邪泄褌褏懈谢褜
PRES_6c0ed74411,锌械褉械胁芯写|蟹芯褖械薪泻芯|褏懈薪写懈|斜械薪谐邪谢褜褋泻懈泄|锌芯屑芯褖褜|屑械褌褉懈泻邪
PRES_756e3c2fad,褌褉械褌懈泄|锌芯胁芯褉芯褌|泻芯谢械褋芯|写褏邪褉屑邪|锌械褉胁褘泄|斜褉邪褏屑邪薪懈褋褌褋泻懈泄|芯锌锌芯薪械薪褌
PRES_79183a8b2a,褋械褋懈谢邪|斜械薪写邪谢谢|锌褍斜谢懈泻邪褌芯褉|斜褍写写懈蟹屑|锌懈褋褜屑械薪薪褘泄|锌邪屑褟褌薪懈泻
PRES_7dd0a5eda6,屑懈褎|锌芯褌芯锌|褌褘泻胁邪|写褉邪胁懈写芯谢芯谐懈褟|锌谢械屑褟|懈褋褌芯褉懈褟|泻芯薪褌邪泻褌|写褉邪胁懈写|屑褍薪写邪
PRES_8433ffdf15,芯锌褉芯胁械褉卸械薪懈械|锌芯蟹懈褑懈褟|胁邪泄褕械褕懈泻|写懈谐薪邪谐芯泄
PRES_84de88fb0f,写械屑芯薪懈褑邪|屑褋褌懈褌械谢褜薪懈褑邪|锌械褉械芯褋屑褘褋谢械薪懈械|芯斜褉邪蟹|胁械写褜屑邪|褋芯胁褉械屑械薪薪褘泄|懈薪写懈褟|泻懈薪械屑邪褌芯谐褉邪褎
PRES_866ba06e54,褉芯卸写械薪懈械|泻芯薪褑械锌褑懈褟|懈泻芯薪芯谐褉邪褎懈褟|褕懈胁邪|薪邪褌邪褉邪写卸|褋泻褍谢褜锌褌褍褉邪|锌械褖械褉薪褘泄|褏褉邪屑|褞卸薪邪褟_懈薪写懈褟
PRES_8c979b88c9,胁懈写卸薪褟薪邪斜褏懈泻褕邪
PRES_96863ca3fa,邪褉褜褟写褝胁|褔邪薪写褉邪泻懈褉褌械褌褜|泻芯薪褑械锌褑懈褟
PRES_99242da6ca,屑械褌邪褎芯褉邪|胁芯写邪|褋褞卸械褌芯芯斜褉邪蟹褍褞褖懈泄|锌褉懈械屑|褉芯屑邪薪|邪斜褉邪褏邪屑|胁械褉谐械蟹邪|蟹邪胁械褌|胁芯写邪
PRES_a23657cfb0,薪邪褔邪谢褜薪褘泄|褋褞卸械褌|卸懈褌懈泄薪褘泄|谢懈褌械褉邪褌褍褉邪|褉邪薪薪懈泄|斜褍写写懈蟹屑|胁邪褉懈邪褌懈胁薪芯褋褌褜|褋屑褘褋谢芯胁芯泄|薪邪锌芯谢薪械薪懈械
PRES_a286529cf8,褎芯褉屑褍谢褜薪褘泄|胁褘褉邪卸械薪懈械|斜褍写写懈蟹屑|泻邪薪芯薪懈褔械褋泻懈泄|褌械泻褋褌
PRES_aac636d1e0,薪邪懈褕泻邪褉屑懈械-褋懈写写褏|褋褍褉械褕胁邪褉邪|褉械泻芯薪褋褌褉褍泻褑懈褟|褍褔械薪懈械|褕邪薪泻邪褉邪|芯褋胁芯斜芯卸写械薪懈械
PRES_acd4becabb,褋泻褉褘褌褘泄|褟胁薪褘泄|锌褉械写褋褌邪胁谢械薪懈械|蟹薪邪薪懈械|锌谢械屑械薪薪芯泄|薪邪褉芯写|褞卸薪褘泄|泻邪褉薪邪褌邪泻邪
PRES_ae142d5803,褋懈泻褏|写懈邪褋锌芯褉邪|褉懈褌褍邪谢|写械褌褋褌胁芯
PRES_ae8474fa94,褋邪屑斜褏邪褉邪|芯斜褉褟写|褍褋褌邪薪芯胁谢械薪懈械|卸械褉褌胁械薪薪褘泄|芯谐芯薪褜
PRES_b5cfc79e4e,泻芯屑屑械薪褌邪褉懈泄|锌邪薪写懈褌|褕懈胁邪褋褍褌褉邪|薪芯胁褘泄|胁蟹谐谢褟写|泻芯褉械薪薪芯泄|褌械泻褋褌|褌褉懈泻
PRES_b8c7056b10,锌械褖械褉邪|写懈胁芯胁|褋泻邪蟹泻邪|褟蟹褘泻|锌邪褉褜褟
PRES_bb1c4eafea,褌芯谢泻芯胁邪薪懈械|薪芯胁褘泄|蟹邪胁械褌|褍褔械薪懈械|褋胁邪屑懈|胁懈胁械泻邪薪邪薪写邪
PRES_c02d591918,褉械泻芯薪褋褌褉褍泻褑懈褟|褋懈褋褌械屑邪|泄芯谐邪|锌邪褌邪薪写卸邪谢懈|芯褋薪芯胁邪|锌械褉械胁芯写|泻芯褉薪械胁芯泄|褌械泻褋褌|泄芯谐邪-褋褍褌褉邪|褌芯谢泻芯胁邪薪懈械|斜褏芯写卸邪
PRES_c3dcf66fa9,褍褔械薪懈械|褋邪薪泻褏懈械|斜褉懈褏邪写邪褉邪薪褜褟泻邪-褍锌邪薪懈褕邪写
PRES_cac95e2161,蟹邪褖懈褌邪|胁懈褕薪褍|褕懈锌懈胁懈褕褌邪|械褋褜屑邪|褕懈锌懈胁懈褕褌邪
PRES_d430ebee9d,褔褌芯|褌邪泻芯泄|褌邪薪褌褉邪|芯锌褉械写械谢械薪懈械|褌邪薪褌褉邪|褌邪薪褌褉懈蟹屑|褋芯胁褉械屑械薪薪褘泄|褌邪薪褌褉芯谢芯谐懈褟
PRES_da938d5fcc,懈薪写懈邪薪懈蟹邪褑懈褟|泻芯谢芯薪懈邪谢褜薪褘泄|邪褉屑懈褟|褋褌褉邪薪懈褑邪|懈薪写懈褟|锌褉械褋褋邪
PRES_da95cc9832,薪芯胁褘泄|写褉械胁薪械懈薪写懈泄褋泻懈泄|锌褉邪褎芯褉屑邪|褝褌懈屑芯谢芯谐懈褟|谢械泻褋懈泻邪|褟蟹褘泻|泻褍谢谢褍懈
PRES_dbb04a69cb,锌芯薪褟褌懈械|泻邪薪芯薪|泻谢邪褋褋懈泻邪|泻芯薪褌械泻褋褌|写褉械胁薪械懈薪写懈泄褋泻懈泄|谢懈褌械褉邪褌褍褉邪
PRES_dd20529d15,褌邪薪褌褉懈褔械褋泻懈泄|锌邪褉邪写懈谐屑邪|懈谐褉芯胁芯泄|褋懈褋褌械屑邪|胁芯褋褌芯泻|褋褉邪胁薪懈褌械谢褜薪褘泄|写卸薪褟薪|褔邪褍锌邪写|褋邪谢芯|薪邪屑褕邪泻|褋泻胁芯蟹褜|锌褉懈蟹屑邪|懈薪写褍懈褋褌褋泻懈泄|斜褍写写懈蟹屑|褌邪薪褌褉邪
PRES_dd23be0efa,泻胁邪蟹懈-褌褉邪薪褋褑械薪写械薪褌邪谢褜薪褘泄|褉邪蟹芯斜谢邪褔械薪懈械|芯斜褗械泻褌薪褘泄|芯斜谢邪褋褌褜|懈薪写褉懈褟|斜褍写写懈蟹屑|泄芯谐邪
PRES_e84196d92a,褉懈谐胁械写邪
PRES_ea35d438ad,褔邪褉褜褟谐懈褌褜
PRES_ee218642a8,褌褉邪写懈褑懈芯薪薪褘泄|褌械泻褋褌|锌褉芯懈蟹胁械写械薪懈械|懈薪写懈褟|褏褍写芯卸薪懈泻|泻芯薪械褑|薪邪褔邪谢芯|胁械泻
PRES_f0fc87fb3a,胁械写懈泄褋泻懈泄|谐邪锌邪泻褋|褔邪褋褌懈褑邪|褋械屑邪薪褌懈泻邪|泻芯薪褌械泻褋褌|褝褌懈屑芯谢芯谐懈褟
PRES_f876cc0069,褌械懈蟹屑|斜褏邪谐邪胁邪写谐懈褌邪|褕邪薪泻邪褉邪|邪斜褏懈薪邪胁邪谐褍锌褌邪|泻芯屑屑械薪褌邪褉懈泄|斜褏邪谐邪胁邪写谐懈褌邪
PRES_f8fe82ebd9,薪械锌邪谢褜褋泻懈泄|屑邪褔褔褏械薪写褉邪薪邪褌褏|褉懈褌褍邪谢褜薪芯-屑懈褎芯谢芯谐懈褔械褋泻懈泄|泻芯薪褌械泻褋褌
PRES_fc83b6c79d,胁芯蟹胁褉邪褖邪褌褜褋褟|褌褉械褌懈泄|泻薪懈谐邪|屑邪褏邪斜褏邪褉邪褌|薪芯胁褘泄|胁蟹谐谢褟写
PRES_055b23183b,邪斜褏懈褋邪屑邪褟邪谢邪薪泻邪褉|胁胁芯写薪褘泄|褔邪褋褌褜
PRES_0b6581f9ff,褋懈薪褌械蟹|褋谢芯卸薪褘泄|褋谢芯胁芯|谐褉邪屑屑邪褌懈泻邪|锌邪薪懈薪懈
PRES_0b6e4e4519,锌褉邪屑邪薪邪-胁邪写|褌邪褌褌胁芯-褋邪薪写邪褉斜褏邪|写卸懈胁芯泄|谐芯褋胁邪屑懈|芯锌褌懈泻邪|薪械泻谢邪褋褋懈褔械褋泻懈泄|褝锌懈褋褌械屑芯谢芯谐懈褟|薪邪褍泻邪
PRES_0bf7d4caad,邪写懈胁邪褋褜|蟹邪谐邪写芯褔薪褘泄|锌谢械屑褟|褌芯写邪
PRES_0ccccd2f0f,褌械谢芯|邪谐褏芯褉褜|卸懈胁芯泄|褌械泻褋褌|胁懈蟹褍邪谢褜薪芯褋褌褜|锌械褉褎芯褉屑邪薪褋|锌褉芯懈蟹胁芯写褋褌胁芯|褉械谢懈谐懈褟|邪胁褌芯褉懈褌械褌
PRES_0ec718e125,褌械芯褉懈褟|锌芯蟹薪邪薪懈械|屑邪写褏褜褟屑邪泻-褋胁邪褌邪薪褌褉懈泻|褌褉邪泻褌邪褌|斜褏邪胁邪胁懈胁械泻邪|屑邪写褏褜褟屑邪泻邪-褏褉懈写邪褟
PRES_1637f642c2,褞卸薪芯邪薪写邪屑邪薪褋泻懈泄|褟蟹褘泻|胁薪械褕薪懈泄
PRES_16c469b6c2,薪械锌邪谢褜褋泻懈泄|胁邪褉懈邪薪褌|谐邪褉褍写邪
PRES_1c157737ea,
PRES_1cd8e6e44e,写褏邪褉屑邪泻懈褉褌械褌褜|褋褍褖械褋褌胁芯胁邪薪懈械
PRES_2026748a9a,懈薪写懈褟|褎懈谢芯褋芯褎懈褟|褋胁械褌|泻芯屑锌邪褉邪褌懈胁薪褘泄|锌芯谢械|屑邪褋褋芯薪-褍褉褋械谢褜
PRES_215ed69350,褋邪谢屑邪薪|褉褍褕写懈褌褜|褉褍褋褋泻懈泄|谢懈褌械褉邪褌褍褉邪|褌邪泄薪褘泄|褉芯屑邪薪
PRES_23a87e494f,褎邪褉褋|褕邪薪泻褏邪写褏邪褉|谢邪褌邪泻邪屑械谢邪泻|褉褍泻芯锌懈褋褜|斜懈斜谢懈芯褌械泻邪|泻械褕邪褉邪|泻邪褌屑邪薪写褍
PRES_266f877d3f,锌械褉械胁芯写|锌褉邪泻褌懈泻邪|锌褉械锌芯写邪胁邪薪懈械|褏懈薪写懈|褋褉械写薪懈泄|褕泻芯谢邪
PRES_2af0d9ba1e,胁械写懈泄褋泻懈泄|褉懈褌褍邪谢|锌褉邪胁邪褉谐懈械|褌械泻褋褌芯胁褘泄|褌褉邪写懈褑懈褟|褉懈褌褍邪谢褜薪褘泄|锌褉邪泻褌懈泻邪
PRES_2af47bc093,邪斜褏懈薪邪胁邪谐褍锌褌邪|褉邪蟹胁懈褌懈械|褕懈胁邪懈褌褋泻懈泄|写芯泻褌褉懈薪邪|褎懈谢芯褋芯褎懈褟|屑芯薪懈蟹屑|芯褌谢懈褔薪褘泄|邪写胁邪泄褌邪|胁械写邪薪褌邪|锌邪褉邪写懈谐屑邪
PRES_2d9228675d,屑懈褎|锌芯褌芯锌|褌褘泻胁邪|锌谢械屑褟|蟹邪锌邪写薪褘泄|懈薪写懈褟
PRES_2ee12546b2,褋懈褌|邪谐薪褍褌褜|褉邪屑邪褟薪邪|胁邪谢褜屑懈泻
PRES_314bc5bec5,懈写械褟|褍锌邪薪懈褕邪写|褎懈谢芯褋芯褎懈褟|薪邪褋谢械写懈械|褌邪谐芯褉|褉械谢懈谐懈褟|芯薪褌芯谢芯谐懈褟
PRES_32b950f0fe,褋褉械写薪械胁械泻芯胁褘泄|褎芯谢褜泻谢芯褉薪褘泄|褎芯褉屑褍谢邪|谢懈褌械褉邪褌褍褉邪|泻谢懈褕械|芯斜褉邪蟹|屑芯褌懈胁
PRES_3f4d3d50e9,褍褉芯泻|谐械褉褏邪褉写|芯斜械褉褏邪屑屑械褉|褋谢械写|锌械褉械胁芯写|泻薪懈谐邪|泄芯谐芯胁褋泻懈泄|屑械写懈褌邪褑懈褟
PRES_40d669e631,邪谢械泻褋邪薪写褉|屑械褉胁邪褉褌|褋褍写褜斜邪|褍褔械薪褘泄
PRES_4125041435,芯谐芯薪褜|胁芯写邪|锌邪屑褟褌褜|锌芯谐褉械斜邪谢褜薪褘泄|锌褉邪泻褌懈泻邪|褋懈泻褏|屑褍谢褜褌懈泻褍谢褜褌褍褉薪褘泄|褋褉械写邪
PRES_422bda6a2b,胁芯褋褌芯泻芯胁械写|锌邪胁械谢|锌械褌褉芯胁|斜懈斜谢懈芯褌械泻邪|邪褉褏懈胁
PRES_43b3dacf96,褋邪薪薪褜褟褋邪|斜褉邪褏屑邪谢芯泻|褋屑械褉褌褜|褋芯褑懈邪谢褜薪褘泄|褎懈蟹懈褔械褋泻懈泄|芯锌芯褋褉械写芯胁邪褌褜|褝褌邪锌|锌褍褌褜|芯褋胁芯斜芯卸写械薪懈械|邪写胁邪泄褌邪-胁械写邪薪褌邪
PRES_45a22e8318,泻芯薪薪芯褌邪褌懈胁薪褘泄|泄芯谐懈褔械褋泻懈泄|谢械泻褋懈泻邪|胁懈写卸薪褟薪邪斜褏懈泻褕邪|泻芯屑屑械薪褌邪褉懈泄
PRES_4f410bea98,褋芯薪|褍褉屑懈谢邪|褋芯胁褉械屑械薪薪褘泄|懈薪写懈褟|锌褉芯蟹邪
PRES_5112b0355f,斜邪褕薪褟|薪懈褕邪|懈薪写褍懈蟹屑|褌懈锌|褏褉邪屑芯胁褘泄|褕懈泻褏邪褉邪|邪褉褏懈褌械泻褌褍褉邪|褔邪谢褍泻褜械胁
PRES_51a9cb36b9,蟹邪褔械屑|褋锌芯褉懈褌褜|褏褝褕邪薪邪|屑邪褏邪褟薪邪|泻邪屑邪谢邪褕懈褌褜
PRES_5327ab9216,胁械褉邪|薪芯胁懈泻芯胁|锌芯褋谢械胁芯械薪薪褘泄|斜械薪谐邪谢懈褋褌懈泻|谢械薪懈薪谐褉邪写
PRES_589e161411,懈褋褌芯褉懈褟|锌芯褋褌褍锌谢械薪懈械|懈薪写懈褟|锌邪屑褟褌薪懈泻|褝褉屑懈褌邪卸|薪芯胁褘泄|芯褌泻褉褘褌懈械
PRES_6912669e4d,芯褋芯斜褘泄|褋胁褟褖械薪薪褘泄|懈谐褉邪|谐褍谢邪斜褉邪芯|屑邪褏邪褉邪写卸|懈谐褉芯胁芯泄|屑芯写械谢褜|懈薪写褍懈褋褌褋泻懈泄|褋芯褌械褉懈芯谢芯谐懈褟|泻芯褋屑芯谢芯谐懈褟|褎懈谢芯褋芯褎懈褟|斜褏邪泻褌懈
PRES_6a2b1904a8,屑械褋褌薪褘泄|泻芯谢芯褉懈褌|谢懈褌械褉邪褌褍褉邪|褌褉邪写懈褑懈褟|芯褉懈褋褋邪
PRES_6d7c21fb70,褉邪屑邪薪邪薪写邪-褔邪褉懈褌|褉邪屑斜褏邪写褉邪褔邪褉褜褟|芯斜褉邪蟹械褑|褋芯胁褉械屑械薪薪褘泄|褋邪薪褋泻褉懈褌|屑邪褏邪泻邪胁懈械
PRES_6e8842a256,褌褉邪写懈褑懈褟|褌芯谢泻芯胁邪薪懈械|褍锌邪薪懈褕邪写|泻芯薪褌械泻褋褌|褎懈谢芯褋芯褎懈褟|泻谢褞褔械胁芯泄|褎褉邪蟹邪|械褋褌褜
PRES_702d8347a7,写懈邪褎懈谢褜屑|褔邪褌芯锌邪写邪械胁|泻芯谢谢械泻褑懈褟|屑邪褝_褉邪薪
PRES_717723198b,褝褌懈屑芯谢芯谐懈褟|屑懈褎芯谢芯谐懈褟
PRES_8a20127ede,懈薪写懈褟|锌邪谢芯屑薪懈褔械褋褌胁芯|褋褉邪胁薪懈褌械谢褜薪褘泄
PRES_8aa850a4e6,锌褉械写邪薪懈械|褌械泻褋褌|锌褉械写邪薪懈械|泻邪屑械薪褜|褋褞卸械褌|锌褉芯褋胁械褌谢械薪懈械|斜褍写写邪|褉械谢褜械褎|斜芯谢褜褕芯泄|褋褌褍锌邪|褋邪薪褔邪
PRES_939dd4f1e1,薪懈写邪褌褜|锌邪薪褔邪胁懈屑褕邪褌懈泻邪-锌褉邪写卸薪褟锌邪褉邪屑懈褌|褉懈褌褍邪谢褜薪褘泄|锌褉邪泻褌懈泻邪
PRES_952dc38711,褔褌芯|褍褔懈褌褜|锌邪薪褔邪褌邪薪褌褉邪
PRES_987fd62e14,褋褌邪谢褜-谐芯谢褜褕褌械泄薪|褍褔邪褋褌薪懈泻|薪邪褍褔薪芯-懈蟹写邪褌械谢褜褋泻懈泄|褋械褉懈褟
PRES_a1bf82cfc8,蟹谢邪褌芯谢懈泻懈泄|芯斜褉邪蟹|写懈锌邪薪泻邪褉邪|斜褍写写邪|褌褉邪写懈褑懈褟|锌褉芯胁械写械薪懈械|褎械褋褌懈胁邪谢褜|褋邪屑褜褟泻|屑邪褏|写邪褌褜|锌邪褌邪薪|褕懈褕芯胁-屑邪褉械褌懈薪邪|泻褋械薪懈褟|褋邪薪泻褌-锌械褌械褉斜褍褉谐|邪褉褏械褌懈锌|芯锌邪褋薪褘泄|卸械薪褋褌胁械薪薪芯褋褌褜|懈薪写褍懈蟹屑
PRES_a20db0593f,锌邪褉懈褕懈褕褌邪|懈褋褌芯褉懈褟|懈褋褌芯褔薪懈泻|写邪褌懈褉芯胁泻邪|泻谢邪褋褋懈褎懈泻邪褑懈褟|锌芯蟹写薪械胁械写懈泄褋泻懈泄|褉懈褌褍邪谢褜薪褘泄|谢懈褌械褉邪褌褍褉邪
PRES_a28cfd6115,芯泻薪芯|懈薪芯泄|屑懈褉|懈蟹芯斜褉邪蟹懈褌械谢褜薪褘泄|褌械泻褋褌|谢懈薪懈褟|卸懈蟹薪褜|懈薪写懈褟|褏褍写芯卸薪懈褑邪-锌邪褉褋懈|泻邪褌邪褞薪邪|褋邪泻谢邪褌邪|邪薪褌褉芯锌芯谢芯谐懈褔械褋泻懈泄|胁蟹谐谢褟写
PRES_a58cb0ccf6,屑械褌芯写|泻芯写懈褉芯胁泻邪|褔懈褋谢芯|褌褉褍写|懈薪写懈褟|屑邪褌械屑邪褌懈泻|邪褉褜褟斜褏邪褌邪
PRES_b130fb70d2,褝锌懈褔械褋泻懈泄|褋邪薪泻褏懈械|斜械褋械写邪|褑邪褉褜|写卸邪薪邪泻邪|芯褌褕械谢褜薪懈褑邪|褋褍谢邪斜褏邪|屑斜褏
PRES_b2cbcb90c5,谢械泻褋懈泻邪|褟蟹褘泻|泻褍谢谢褍懈|褝褌懈屑芯谢芯谐懈褟
PRES_b73c531378,懈写械褟|泄芯谐邪褔邪褉|褌褉邪泻褌邪褌|邪褋邪薪谐邪|邪斜褏懈写褏邪褉屑邪褋邪屑褍褔褔邪褟|锌械褉胁褘泄|谐谢邪胁邪
PRES_bc3de7e23c,褟泄褑芯|泻褍褉懈褑邪|褌褉懈屑褍褉褌械褌褜|屑懈褎|褕邪泻褌褜|褎芯谢褜泻谢芯褉|屑邪写懈谐芯
PRES_c922a3c1aa,懈屑锌械褉褎械泻褌|写褉械胁薪械懈薪写懈泄褋泻懈泄|褝锌芯褋
PRES_d51a127759,褋械泻褌邪|锌懈褎邪谐芯褉|锌褉械写褋褌邪胁谢械薪懈械|懈薪写褍懈蟹屑|褌褉懈|懈褌邪谢褜褟薪褋泻懈泄|泻褍锌械褑|胁褌芯褉芯泄|锌芯谢芯胁懈薪邪
PRES_e0f3741a4a,褋谢械写|锌械褌械褉斜褍褉卸械褑|懈薪写懈褟|锌褍褌械褕械褋褌胁懈械|泻薪褟蟹褜|褋邪谢褌褘泻芯胁
PRES_f261db19db,蟹邪屑械褌泻邪|懈薪写懈褟|写懈邪褋锌芯褉邪|锌褉芯锌邪谐邪薪写邪|褟蟹褘泻|谢懈褌械褉邪褌褍褉邪|褏懈薪写懈
PRES_f8dfe74eae,谐芯谢芯写|斜械薪谐邪谢懈褟|芯褌褉邪卸械薪懈械|褌胁芯褉褔械褋褌胁芯|懈薪写懈褟|褏褍写芯卸薪懈泻
PRES_f9adb6ffd3,屑芯卸薪芯|褋褔懈褌邪褌褜|屑邪写褏褜褟屑邪泻|薪懈谐懈谢懈蟹屑
PRES_fa188bec9a,褋泻邪蟹邪薪懈械|谢懈谢邪|泄芯谐|胁邪褋懈褕褌褏
PRES_fb340723de,锌芯褋谢芯胁懈褑邪|锌芯谐芯胁芯褉泻邪|懈薪写懈褟|褉芯褋褋懈褟|屑械卸泻褍谢褜褌褍褉薪褘泄|泻芯屑屑褍薪懈泻邪褑懈褟|锌褉芯械泻褌薪褘泄|写械褟褌械谢褜薪芯褋褌褜|褍褉芯泻|褟蟹褘泻|褏懈薪写懈
